{"type": "FeatureCollection", "features": [{"id": "0", "type": "Feature", "properties": {"LAD22CD": "E06000001", "LAD22NM": "Hartlepool"}, "geometry": {"type": "Polygon", "coordinates": [[[-1.24118485027801, 54.7233353052301], [-1.24099446513821, 54.723193897637], [-1.17616941170087, 54.6976864373962], [-1.17401455835006, 54.6918753773587], [-1.17419304324753, 54.6918818440136], [-1.19625576549429, 54.698583734081], [-1.18804188222018, 54.6933616754681], [-1.18886433508758, 54.6924124072102], [-1.19210598408711, 54.6925293699222], [-1.19437290138972, 54.6860528646384], [-1.19910675817445, 54.6805859394163], [-1.17588335601125, 54.6534203435472], [-1.15763713826617, 54.6482059780103], [-1.17316596143816, 54.6337153993512], [-1.18824961393819, 54.6326045284436], [-1.19227998362176, 54.6294659591066], [-1.20939331192185, 54.62168499561], [-1.23421018610497, 54.6288774588091], [-1.25671736456406, 54.6233505298615], [-1.29901427298173, 54.6279818884868], [-1.31636432536428, 54.6452348524527], [-1.32886363882166, 54.6440016092939], [-1.33506092900011, 54.6313239680584], [-1.38089831632363, 54.6439170683557], [-1.34125422761501, 54.6502118986462], [-1.34785151195242, 54.6624209272144], [-1.33094576833901, 54.6821336618463], [-1.34452598374791, 54.6911209127219], [-1.31932937291836, 54.6913568469572], [-1.30132668031215, 54.7081010499937], [-1.30552089363155, 54.7175215633233], [-1.2702517668578, 54.727168687781], [-1.25186499193155, 54.7196229898455], [-1.24118485027801, 54.7233353052301]]]}}, {"id": "1", "type": "Feature", "properties": {"LAD22CD": "E06000002", "LAD22NM": "Middlesbrough"}, "geometry": {"type": "Polygon", "coordinates": [[[-1.19860514666249, 54.5828675967107], [-1.16664379236633, 54.5542344040448], [-1.19906310206351, 54.5444972331317], [-1.16131999257655, 54.5249793625718], [-1.15974002031795, 54.5158365045043], [-1.13736871919394, 54.5149951327635], [-1.14619694918505, 54.5028216123635], [-1.2348659056463, 54.5103160454452], [-1.28224939504062, 54.5183804426516], [-1.28543171080611, 54.5362499540584], [-1.27061195907946, 54.556024484252], [-1.28262621501787, 54.5652835671641], [-1.26255895403343, 54.5702928296856], [-1.25235914677446, 54.5913145430831], [-1.19860514666249, 54.5828675967107]]]}}, {"id": "2", "type": "Feature", "properties": {"LAD22CD": "E06000003", "LAD22NM": "Redcar and Cleveland"}, "geometry": {"type": "Polygon", "coordinates": [[[-0.791803877582092, 54.5583130613819], [-0.80041918962436, 54.5510109262824], [-0.826984924910033, 54.5485751001643], [-0.848647297024731, 54.5300038297076], [-0.848530740694743, 54.4879729376572], [-0.880825023321814, 54.4970468612461], [-0.952951598811726, 54.4880355490013], [-1.00340105305077, 54.5030121002798], [-1.0368514550928, 54.4940440605226], [-1.0945238497457, 54.5067598362799], [-1.11838000658732, 54.4981985705854], [-1.14619694918505, 54.5028216123635], [-1.13736871919394, 54.5149951327635], [-1.15974002031795, 54.5158365045043], [-1.16131999257655, 54.5249793625718], [-1.19906310206351, 54.5444972331317], [-1.16664379236633, 54.5542344040448], [-1.19860514666249, 54.5828675967107], [-1.18771768746909, 54.5897411044241], [-1.19751626703973, 54.5821095485903], [-1.1601890467375, 54.6045000950557], [-1.1467473278275, 54.5990819136984], [-1.15753376316828, 54.6054167308634], [-1.15177599272898, 54.6145313009875], [-1.13228972511792, 54.6085739702736], [-1.15084115505409, 54.6151357631031], [-1.15433161080956, 54.6277027523744], [-1.13538931589707, 54.6296951466783], [-1.13692853048525, 54.6431883148922], [-1.12562932672816, 54.6380767126362], [-1.11278072375207, 54.6277089371567], [-1.07234156599659, 54.6201626338144], [-1.05257983062295, 54.6164690030561], [-1.04035425870814, 54.6110155235296], [-1.03663668687146, 54.6084867350771], [-1.02702169533725, 54.6050651779034], [-1.00054364237584, 54.5932384845271], [-0.961483425260444, 54.5849131915143], [-0.947076641366433, 54.5874099192451], [-0.936269831613294, 54.5881090180606], [-0.898265057834884, 54.5712655994025], [-0.853433805366454, 54.5717802775552], [-0.844236166514544, 54.5697099846074], [-0.794250934628727, 54.5584429492982], [-0.791803877582092, 54.5583130613819]]]}}, {"id": "3", "type": "Feature", "properties": {"LAD22CD": "E06000004", "LAD22NM": "Stockton-on-Tees"}, "geometry": {"type": "Polygon", "coordinates": [[[-1.19227998362176, 54.6294659591066], [-1.20065229905146, 54.6229442016829], [-1.1729776845626, 54.6215416379341], [-1.16796351841264, 54.6293347715757], [-1.15997501820635, 54.6113285710455], [-1.18557933801797, 54.5914060605112], [-1.18771768746909, 54.5897411044241], [-1.19860514666249, 54.5828675967107], [-1.25235914677446, 54.5913145430831], [-1.26255895403343, 54.5702928296856], [-1.28262621501787, 54.5652835671641], [-1.27061195907946, 54.556024484252], [-1.28543171080611, 54.5362499540584], [-1.28224939504062, 54.5183804426516], [-1.2348659056463, 54.5103160454452], [-1.25667466779605, 54.5011079136759], [-1.25740307371, 54.4873218300283], [-1.2809785134623, 54.4904431183241], [-1.30033745632526, 54.4758498843291], [-1.3436289617262, 54.4641554130233], [-1.34491503450455, 54.4724080092533], [-1.36441713758622, 54.4659524096737], [-1.37256157635986, 54.4723074618139], [-1.38101055095849, 54.4940289315591], [-1.39505004776972, 54.4856799730286], [-1.4070888004288, 54.4935296390409], [-1.4127863622095, 54.4771953992089], [-1.43211777207151, 54.4794545660635], [-1.43490529222604, 54.4874931719167], [-1.42148546431813, 54.5196376092943], [-1.44960745554185, 54.5329679204731], [-1.44675561644352, 54.555668351305], [-1.4113556720932, 54.5648161981808], [-1.40729171028139, 54.593728413478], [-1.42332719850805, 54.6031268661412], [-1.43835548898022, 54.5950796119261], [-1.45091359036408, 54.6105135015794], [-1.41282280630222, 54.6165916896935], [-1.38089831632363, 54.6439170683557], [-1.33506092900011, 54.6313239680584], [-1.32886363882166, 54.6440016092939], [-1.31636432536428, 54.6452348524527], [-1.29901427298173, 54.6279818884868], [-1.25671736456406, 54.6233505298615], [-1.23421018610497, 54.6288774588091], [-1.20939331192185, 54.62168499561], [-1.19227998362176, 54.6294659591066]]]}}, {"id": "4", "type": "Feature", "properties": {"LAD22CD": "E06000005", "LAD22NM": "Darlington"}, "geometry": {"type": "Polygon", "coordinates": [[[-1.43835548898022, 54.5950796119261], [-1.42332719850805, 54.6031268661412], [-1.40729171028139, 54.593728413478], [-1.4113556720932, 54.5648161981808], [-1.44675561644352, 54.555668351305], [-1.44960745554185, 54.5329679204731], [-1.42148546431813, 54.5196376092943], [-1.43490529222604, 54.4874931719167], [-1.45850783644379, 54.5039188897358], [-1.47455794258184, 54.5007110845137], [-1.45919258759602, 54.4942680219315], [-1.46379873425492, 54.4735508533552], [-1.45341385016248, 54.4660154353839], [-1.46279137012721, 54.4613922624054], [-1.45615000928909, 54.452449254975], [-1.47205221947318, 54.4555996013609], [-1.47537275452127, 54.4738451788965], [-1.49905229173469, 54.4756782312322], [-1.49177548206257, 54.4862004926085], [-1.51134080604103, 54.4750122616584], [-1.51413191899894, 54.4837750921411], [-1.52883695102378, 54.4848137386155], [-1.51983281095693, 54.4710470168278], [-1.54567271781715, 54.4712384767644], [-1.55519520906131, 54.484978191684], [-1.58298032825201, 54.4971007337083], [-1.57921485380735, 54.5051876853776], [-1.5918807025688, 54.5043008614548], [-1.58106853741621, 54.512845659506], [-1.60263741568541, 54.5105816522225], [-1.61148472706396, 54.5200007878436], [-1.63332908642646, 54.5141114032718], [-1.63377378148266, 54.5253643798481], [-1.65467519937522, 54.5246500970582], [-1.65793716561516, 54.5345889230914], [-1.69692636355207, 54.5360064297071], [-1.70527424961459, 54.5491719567045], [-1.69120671271364, 54.5562446290065], [-1.70928210885412, 54.5631794622174], [-1.70898440615518, 54.5741416873651], [-1.69402783337592, 54.586893850473], [-1.67931169574512, 54.5859733295815], [-1.68242215879617, 54.6177711334526], [-1.60676411917432, 54.6175403660373], [-1.60621813900068, 54.6034402424268], [-1.58419280946254, 54.6104860465821], [-1.59340930184247, 54.5950771640614], [-1.57626627480123, 54.5801984886256], [-1.55282400409124, 54.5823421868969], [-1.55864448318351, 54.5921168483847], [-1.5267640482967, 54.5964541221721], [-1.4686882777349, 54.6005589269619], [-1.45170547077754, 54.5908279807612], [-1.43835548898022, 54.5950796119261]]]}}, {"id": "5", "type": "Feature", "properties": {"LAD22CD": "E06000006", "LAD22NM": "Halton"}, "geometry": {"type": "MultiPolygon", "coordinates": [[[[-2.63062192979903, 53.3640498201747], [-2.63146774491781, 53.3460335211033], [-2.60660651159164, 53.3429958909847], [-2.61912539675201, 53.3310706410163], [-2.59522305170231, 53.3224543711675], [-2.60908651552069, 53.3120712133787], [-2.61993479574381, 53.3203209116316], [-2.62412274757937, 53.3093981931032], [-2.64506142803031, 53.3101350721447], [-2.64155693821446, 53.3050347970597], [-2.68515177103575, 53.3154514620959], [-2.70079881188986, 53.3058055466183], [-2.72352532885742, 53.313139616089], [-2.73929214925888, 53.306870369551], [-2.75248610815786, 53.3147308394634], [-2.75243197509548, 53.3147596244631], [-2.76339190544171, 53.3276754297393], [-2.75433708739384, 53.3431594290408], [-2.7189977032762, 53.3448375188315], [-2.69935240672089, 53.356709863676], [-2.67868932329394, 53.3547820525005], [-2.67464077832375, 53.3536643586096], [-2.63062192979903, 53.3640498201747]]], [[[-2.69063280067745, 53.3853882186661], [-2.69088091909772, 53.3608057382767], [-2.6933786824617, 53.3618161881832], [-2.73430922778042, 53.3477745659613], [-2.76449140010952, 53.3552864529334], [-2.75913359064553, 53.3496073904317], [-2.77822048536501, 53.332626043558], [-2.78428782985774, 53.3364309773966], [-2.77769098803628, 53.3292802782324], [-2.78863136183167, 53.3225396179952], [-2.82666108251466, 53.331656791369], [-2.82795234954574, 53.3314589540123], [-2.83245729486952, 53.3372894346576], [-2.81877988191501, 53.339771534052], [-2.81880391042643, 53.3480007286832], [-2.78730169890451, 53.3562903954798], [-2.77667109006624, 53.3810587132587], [-2.75765407352424, 53.3807378701135], [-2.74517465588857, 53.4020967259185], [-2.71522678614011, 53.3990348997456], [-2.71280344443623, 53.3906260065484], [-2.69063280067745, 53.3853882186661]]]]}}, {"id": "6", "type": "Feature", "properties": {"LAD22CD": "E06000007", "LAD22NM": "Warrington"}, "geometry": {"type": "Polygon", "coordinates": [[[-2.48971382174961, 53.460282297438], [-2.44937818830286, 53.4158914442799], [-2.47845617870327, 53.3962182008363], [-2.42658992510444, 53.3874615169358], [-2.43987999487119, 53.3666626456098], [-2.48687843882333, 53.3679038004418], [-2.52104960816655, 53.3479004826802], [-2.51839296054763, 53.3423902754329], [-2.56187507812781, 53.3233428508857], [-2.58628365884663, 53.3293945885969], [-2.59522305170231, 53.3224543711675], [-2.61912539675201, 53.3310706410163], [-2.60660651159164, 53.3429958909847], [-2.63146774491781, 53.3460335211033], [-2.63062192979903, 53.3640498201747], [-2.67464077832375, 53.3536643586096], [-2.67868932329394, 53.3547820525005], [-2.67518815433053, 53.3544550300627], [-2.69088091909772, 53.3608057382767], [-2.69063280067745, 53.3853882186661], [-2.67631721274984, 53.3876193660995], [-2.66355470137911, 53.4287136584866], [-2.67526772804107, 53.4329653045538], [-2.66851362488515, 53.4409070508776], [-2.68207564052551, 53.4389014104593], [-2.67717041227961, 53.4527862446503], [-2.63913593718132, 53.444391018418], [-2.62746241227075, 53.4344126015177], [-2.59623052704749, 53.4426662911994], [-2.59868492591076, 53.4504137659505], [-2.585296044284, 53.439807215162], [-2.5767428316775, 53.446057209294], [-2.57038994787401, 53.4584755069628], [-2.54907568465009, 53.461485853743], [-2.55263854410147, 53.4678134069205], [-2.4963344588829, 53.4809294219504], [-2.48971382174961, 53.460282297438]]]}}, {"id": "7", "type": "Feature", "properties": {"LAD22CD": "E06000008", "LAD22NM": "Blackburn with Darwen"}, "geometry": {"type": "Polygon", "coordinates": [[[-2.41098929578139, 53.7051367415016], [-2.39834827805747, 53.6915598628812], [-2.37442427465371, 53.6872544342486], [-2.3712361929384, 53.6670806553965], [-2.36274651147438, 53.6554014724511], [-2.37032788754394, 53.6315343318487], [-2.37913211400899, 53.6308703634519], [-2.42169643500597, 53.623835573874], [-2.43872438284017, 53.6460454486624], [-2.45970004381105, 53.6200426941985], [-2.47919534002786, 53.6170358900123], [-2.51132292934796, 53.6269949667172], [-2.53234403392868, 53.6649022653213], [-2.5153754062193, 53.6916687936559], [-2.5397927263795, 53.7021915934265], [-2.56160160852994, 53.7469013543165], [-2.5512980543086, 53.7563883886878], [-2.46580771374763, 53.7808134079364], [-2.44631709415123, 53.7665897010512], [-2.45178024416893, 53.7564543600742], [-2.44006779499927, 53.7494181204385], [-2.43386860052447, 53.7191816990193], [-2.41098929578139, 53.7051367415016]]]}}, {"id": "8", "type": "Feature", "properties": {"LAD22CD": "E06000009", "LAD22NM": "Blackpool"}, "geometry": {"type": "Polygon", "coordinates": [[[-3.01065293005663, 53.8261939007195], [-2.99500424807209, 53.8184887245035], [-2.98335722276106, 53.7938034453417], [-3.00388680512874, 53.7913422868504], [-2.99647825993957, 53.7745040254686], [-3.02880130418184, 53.7731167798034], [-3.03282116843925, 53.7808576442473], [-3.0571055721908, 53.7765322959602], [-3.05001345229291, 53.8516452454782], [-3.04785649093629, 53.8744367499704], [-3.01975135328489, 53.8685977697262], [-3.01065293005663, 53.8261939007195]]]}}, {"id": "9", "type": "Feature", "properties": {"LAD22CD": "E06000010", "LAD22NM": "Kingston upon Hull, City of"}, "geometry": {"type": "Polygon", "coordinates": [[[-0.251333475045609, 53.7336077993732], [-0.286639848236336, 53.7425452097406], [-0.331215339638069, 53.7383128278085], [-0.419109372020862, 53.7196022685962], [-0.422301309344807, 53.7315042915925], [-0.401939174774099, 53.7499873006913], [-0.422275951488394, 53.7509800706341], [-0.418203810999879, 53.760632345122], [-0.388109704295119, 53.7693453926635], [-0.392212775747927, 53.7911336884853], [-0.359405407063181, 53.7934040126952], [-0.362337858605689, 53.8049282035243], [-0.316134326202857, 53.8132701672882], [-0.278250259007925, 53.7820601876125], [-0.252324831097553, 53.781328333266], [-0.254201119922905, 53.7635006695599], [-0.241403486910475, 53.754908780524], [-0.251333475045609, 53.7336077993732]]]}}, {"id": "10", "type": "Feature", "properties": {"LAD22CD": "E06000011", "LAD22NM": "East Riding of Yorkshire"}, "geometry": {"type": "Polygon", "coordinates": [[[-0.37492744814463, 54.1541131538012], [-0.346397161515299, 54.1468729425246], [-0.323841934250232, 54.1502969345498], [-0.30423263074648, 54.1362622557834], [-0.265419797803465, 54.1405585100405], [-0.22974662180302, 54.1324403558], [-0.212663155909109, 54.1577332582031], [-0.212509855046284, 54.1576920315038], [-0.16436260193432, 54.1458555062859], [-0.0969870541091598, 54.1292484168326], [-0.0808136991529905, 54.119486566936], [-0.0763046353875034, 54.1163599894276], [-0.104481722870351, 54.1041455586934], [-0.166436540220089, 54.0988956934067], [-0.166815043322521, 54.0988635175923], [-0.17540112539579, 54.0908853005472], [-0.19118582166173, 54.0812001152705], [-0.200198399046405, 54.0678222099735], [-0.212282575480449, 54.0565717649017], [-0.2128365261777, 54.0227232365168], [-0.213085827109281, 54.0074592248311], [-0.173653310527935, 53.9343887242879], [-0.156013256944389, 53.9016139928616], [-0.147155160573956, 53.8932394826076], [-0.147048574947464, 53.8930491075493], [-0.145985257606318, 53.8921331507676], [-0.0920816174976036, 53.8410835608393], [-0.0371256689628836, 53.7888857326837], [0.116534301015206, 53.6631060893321], [0.117246141473237, 53.6617543913566], [0.119360621178712, 53.6577387395237], [0.145639402472557, 53.6077671968014], [0.146157876058011, 53.6041278016746], [0.144973684675415, 53.5987228774761], [0.141991934060034, 53.5957143326288], [0.112915084949757, 53.5751046427443], [0.109104688004594, 53.5724016830189], [0.109160549604589, 53.5724983423801], [0.112925046562089, 53.5753046693787], [0.142476631948672, 53.5973164027351], [0.144683014700431, 53.6046075585033], [0.142362087313204, 53.6094371075224], [0.11531715302394, 53.6232092270678], [0.0814282896642986, 53.6404455319619], [0.0324669900580587, 53.6493460269488], [-0.0534067460370155, 53.629193677738], [-0.0558408143194678, 53.6293227074384], [-0.103431308926768, 53.635285222584], [-0.143677489379657, 53.6621051518716], [-0.184283928069472, 53.6891173432131], [-0.214019080189804, 53.7088674212547], [-0.227145797843287, 53.7084958067226], [-0.230224209345142, 53.7335530887079], [-0.243074244918635, 53.7294645906742], [-0.244332662413289, 53.7371763288779], [-0.244040643165144, 53.7375320406923], [-0.247304680963925, 53.7411713801422], [-0.245133176730637, 53.7365589724539], [-0.250157330935867, 53.7333098262588], [-0.251333475045609, 53.7336077993732], [-0.241403486910475, 53.754908780524], [-0.254201119922905, 53.7635006695599], [-0.252324831097553, 53.781328333266], [-0.278250259007925, 53.7820601876125], [-0.316134326202857, 53.8132701672882], [-0.362337858605689, 53.8049282035243], [-0.359405407063181, 53.7934040126952], [-0.392212775747927, 53.7911336884853], [-0.388109704295119, 53.7693453926635], [-0.418203810999879, 53.760632345122], [-0.422275951488394, 53.7509800706341], [-0.401939174774099, 53.7499873006913], [-0.422301309344807, 53.7315042915925], [-0.419109372020862, 53.7196022685962], [-0.419208056089771, 53.719581214081], [-0.486294740293649, 53.7135399014815], [-0.542564628152399, 53.7084428375779], [-0.583338025607579, 53.726600467585], [-0.630217952702746, 53.7339935237051], [-0.637248965621267, 53.7288934521943], [-0.618534438772313, 53.730510238373], [-0.671611925277973, 53.7218427376872], [-0.695979861644625, 53.7043619833418], [-0.742598590885512, 53.7069815211668], [-0.712492069703981, 53.7023346652396], [-0.698526469683329, 53.6977334739359], [-0.70997840572146, 53.6958644220923], [-0.699725310049221, 53.695693402953], [-0.699125441023546, 53.6902967587964], [-0.702380787457698, 53.6774872657324], [-0.72176846098143, 53.6793606095305], [-0.774499549375076, 53.6562092291607], [-0.772135989616307, 53.6640752763458], [-0.788743473253485, 53.6592097362658], [-0.84826408757923, 53.6330366610864], [-0.865338726025611, 53.6377082330427], [-0.946844642823067, 53.6591417674831], [-1.04866263627315, 53.6560574799883], [-1.10335931463428, 53.6694993150062], [-1.08104575027151, 53.6846146790267], [-1.07493415369549, 53.7039963160448], [-1.06165845001237, 53.7067658870138], [-1.03892593442347, 53.6938822988663], [-0.980327831289457, 53.6969422764227], [-0.980486427392623, 53.7050396072447], [-0.962649915494684, 53.7007959045694], [-0.957714760664253, 53.7148354865322], [-0.90373907840941, 53.7183593948181], [-0.910951228887268, 53.7326702588199], [-0.960737358021142, 53.7360162959346], [-0.973605993671107, 53.7498769108358], [-0.9282535548479, 53.7655984452703], [-0.934499012722836, 53.801777189949], [-0.920106077429086, 53.8160929938847], [-0.940610986349814, 53.8235184672165], [-0.948227089673736, 53.8616095670861], [-0.923517752139632, 53.8807664519424], [-0.920843783643936, 53.8906196384527], [-0.949519693908425, 53.8939148052901], [-0.92160038587963, 53.9214164047554], [-0.921212172316722, 53.960422224726], [-0.934106000959381, 53.9684564232377], [-0.925294992911636, 53.9915183749039], [-0.893902669681898, 53.999535080715], [-0.878419396623246, 54.0172009231456], [-0.800704633922219, 54.0241186193512], [-0.799191011163153, 54.0190548395313], [-0.734257303331504, 54.0302587746812], [-0.730489261578151, 54.0127008358487], [-0.68350162911553, 54.0088018537222], [-0.687039074332374, 54.0307676605558], [-0.659484342246755, 54.0371698266984], [-0.644653954650704, 54.0551130976901], [-0.660316933915928, 54.0631000537815], [-0.615523445115742, 54.0704937097045], [-0.563137247607814, 54.0939995264476], [-0.524616943026361, 54.0854748039826], [-0.465942458016893, 54.1076329777782], [-0.454351131499513, 54.1167625123579], [-0.458539666811106, 54.1259736092488], [-0.427093852639448, 54.1374425618928], [-0.433168631458221, 54.1640727154203], [-0.418250115583672, 54.1740634171995], [-0.390747238234669, 54.1765207062365], [-0.37492744814463, 54.1541131538012]]]}}, {"id": "11", "type": "Feature", "properties": {"LAD22CD": "E06000012", "LAD22NM": "North East Lincolnshire"}, "geometry": {"type": "Polygon", "coordinates": [[[0.015357143585453, 53.5281192425045], [-0.0147992888545281, 53.5153685728982], [-0.0650454106098383, 53.5187396577703], [-0.0752620038904992, 53.4893357399272], [-0.0954884503108306, 53.4859889965573], [-0.0898037355375292, 53.4776824153005], [-0.10782063241139, 53.4698627577246], [-0.0822093450711557, 53.4511510063818], [-0.120343715760136, 53.4335649233719], [-0.131879272038797, 53.4359393973431], [-0.149227746736442, 53.4466996653901], [-0.153680016923717, 53.4656777580012], [-0.181804717740498, 53.4686494122524], [-0.188565229273785, 53.4845380584939], [-0.210604976147154, 53.4862884751414], [-0.204086448790055, 53.5117673428116], [-0.210589579218055, 53.5317064650029], [-0.219879989463282, 53.5326100488044], [-0.189340889945024, 53.5659225885263], [-0.195185374970214, 53.5716193575954], [-0.222558901329779, 53.5680169282635], [-0.234668675193634, 53.586250419398], [-0.251395553409818, 53.584653076988], [-0.24847604907361, 53.5936636925887], [-0.29211512919743, 53.6132674312187], [-0.232616662304542, 53.6240029893557], [-0.20079219060829, 53.6400205476189], [-0.200723603455493, 53.6399659715778], [-0.186723670633616, 53.6322771546127], [-0.0938439619732944, 53.5811556843544], [-0.0792728736743649, 53.5769564434915], [-0.0649567017794863, 53.5833721456157], [-0.0623632705989351, 53.5827124458429], [-0.0150376667550763, 53.5515090601444], [-0.0035200292353848, 53.5467196079998], [-0.00854107572778755, 53.5556690400336], [0.015357143585453, 53.5281192425045]]]}}, {"id": "12", "type": "Feature", "properties": {"LAD22CD": "E06000013", "LAD22NM": "North Lincolnshire"}, "geometry": {"type": "MultiPolygon", "coordinates": [[[[-0.520770416932692, 53.6852188060417], [-0.535747782738275, 53.6812564238745], [-0.55371706680489, 53.6903324578193], [-0.520770416932692, 53.6852188060417]]], [[[-0.294150161665221, 53.714141503455], [-0.252344264348963, 53.6809904578147], [-0.237855982165026, 53.6635711532267], [-0.203327419485507, 53.6420377246484], [-0.20079219060829, 53.6400205476189], [-0.232616662304542, 53.6240029893557], [-0.29211512919743, 53.6132674312187], [-0.308555246775199, 53.6143287578592], [-0.300743140941247, 53.5952836309763], [-0.335938821094677, 53.5586265922375], [-0.41696297298743, 53.5632146898956], [-0.429001046046789, 53.5745247151217], [-0.467018371437879, 53.5489606923849], [-0.490919376490564, 53.5458744545144], [-0.50125785289296, 53.5374615766105], [-0.430664749921137, 53.5463371564568], [-0.408145080459695, 53.5321088685983], [-0.405074524830151, 53.5176169033637], [-0.488383657821996, 53.5048602245041], [-0.486630004727343, 53.4804701677829], [-0.471749465254693, 53.4748729017697], [-0.551791237347267, 53.4595200188781], [-0.629752674978015, 53.4582189924615], [-0.624491104429227, 53.5128392148578], [-0.739591684118626, 53.5199359490779], [-0.752113860480161, 53.500530608656], [-0.768109606084077, 53.4989256083412], [-0.771568244935175, 53.4792015606648], [-0.784388777567045, 53.4766692157187], [-0.784364875033277, 53.4633795465991], [-0.797483349537156, 53.4550644469113], [-0.871919281432214, 53.4663108039549], [-0.916249020723134, 53.4602956897155], [-0.920246794246959, 53.4655076505704], [-0.9004706270826, 53.4751558672792], [-0.935564625288195, 53.5025165293909], [-0.932094163383945, 53.5106718236165], [-0.950009087300711, 53.5136574344691], [-0.943715825340442, 53.5306430186682], [-0.892295380495885, 53.5374669638455], [-0.901265910078631, 53.5479084252502], [-0.890995208077956, 53.5665589822921], [-0.901117807880235, 53.5687242266136], [-0.897926451077773, 53.5832774385938], [-0.865338726025611, 53.6377082330427], [-0.84826408757923, 53.6330366610864], [-0.788743473253485, 53.6592097362658], [-0.772135989616307, 53.6640752763458], [-0.774499549375076, 53.6562092291607], [-0.72176846098143, 53.6793606095305], [-0.702380787457698, 53.6774872657324], [-0.699125441023546, 53.6902967587964], [-0.698493650558127, 53.6846112388925], [-0.691738953885145, 53.6787532983637], [-0.684916026531492, 53.6728342894755], [-0.694908836006211, 53.6945228870885], [-0.639504133860446, 53.7101691883243], [-0.610655001720264, 53.7144582497398], [-0.586254456949993, 53.6933387526972], [-0.523512658257057, 53.6769937308949], [-0.487081675840563, 53.691610149322], [-0.470575723188397, 53.6982254614012], [-0.443415969655919, 53.6973541779952], [-0.442844430384238, 53.6892812187967], [-0.442570645390069, 53.6973313244509], [-0.39494446993873, 53.7000482130947], [-0.390496302246744, 53.6892467239763], [-0.387605025750805, 53.7021888289882], [-0.294150161665221, 53.714141503455]]]]}}, {"id": "13", "type": "Feature", "properties": {"LAD22CD": "E06000014", "LAD22NM": "York"}, "geometry": {"type": "Polygon", "coordinates": [[[-0.925294992911636, 53.9915183749039], [-0.934106000959381, 53.9684564232377], [-0.921212172316722, 53.960422224726], [-0.92160038587963, 53.9214164047554], [-0.949519693908425, 53.8939148052901], [-0.920843783643936, 53.8906196384527], [-0.923517752139632, 53.8807664519424], [-0.944071677500396, 53.888121672512], [-0.992832844574211, 53.8752106640707], [-1.00820490058898, 53.8899953340569], [-1.06495957481049, 53.8745857914306], [-1.09119989516817, 53.8858156069858], [-1.10510306568287, 53.8757328930524], [-1.1956382252846, 53.9223801336735], [-1.22370550897198, 53.9748292112224], [-1.21651948406111, 53.9855904686402], [-1.18210315303178, 53.9853452650908], [-1.19193543440137, 54.0005194131129], [-1.17550999290166, 54.0021966083669], [-1.15191246934286, 53.9891781234417], [-1.13699822638128, 53.9910826227764], [-1.14909066483636, 54.0029473807412], [-1.14079656188959, 54.0298588147557], [-1.12016986628926, 54.029025228461], [-1.08940781055503, 54.0480145581272], [-1.05873382513449, 54.0478451039287], [-1.05971219675545, 54.0566069476114], [-1.01437741453304, 54.0493218162912], [-1.00208473428272, 54.05526306804], [-0.966872483838607, 54.022966599374], [-0.984703334085532, 54.0025503630241], [-0.975368566936891, 54.0047324462085], [-0.971919430860755, 53.9967101665702], [-0.9948365230849, 53.983064171689], [-0.925294992911636, 53.9915183749039]]]}}, {"id": "14", "type": "Feature", "properties": {"LAD22CD": "E06000015", "LAD22NM": "Derby"}, "geometry": {"type": "Polygon", "coordinates": [[[-1.38826315892156, 52.9014683128634], [-1.4027722736366, 52.9004624528618], [-1.41891258900273, 52.8845464719659], [-1.42356745031987, 52.8650780490912], [-1.44622683054701, 52.8613094242586], [-1.46408640129894, 52.8725599145534], [-1.4945127882837, 52.8700789964507], [-1.50311222561322, 52.8848454480296], [-1.54169100450497, 52.8895399274417], [-1.55685223049924, 52.9146787744349], [-1.54406849888716, 52.9242077388049], [-1.508028820759, 52.9374518096928], [-1.49540548177514, 52.9658793628944], [-1.47463054024943, 52.9659280296716], [-1.46855219193081, 52.9506623061892], [-1.40928062885273, 52.9503226440389], [-1.42396412434777, 52.9356510691741], [-1.38307440746764, 52.9259315696433], [-1.38826315892156, 52.9014683128634]]]}}, {"id": "15", "type": "Feature", "properties": {"LAD22CD": "E06000016", "LAD22NM": "Leicester"}, "geometry": {"type": "Polygon", "coordinates": [[[-1.04861278988328, 52.6549959563935], [-1.04696224710518, 52.6346200812552], [-1.07048970747673, 52.6180668313852], [-1.09661352028508, 52.616491381756], [-1.10365075505458, 52.595911794444], [-1.12017085196089, 52.5975440768737], [-1.14361854307226, 52.5880254265962], [-1.14949577431606, 52.5810241157686], [-1.16094169838228, 52.5825305499133], [-1.15789024255452, 52.5908219889961], [-1.17422436304014, 52.5929263417255], [-1.16555888656328, 52.6130814445452], [-1.215980784602, 52.6345335562772], [-1.20725216803536, 52.6425879716146], [-1.19065594938898, 52.6403938594434], [-1.18528923933493, 52.6606440961908], [-1.17806557535302, 52.6780349832527], [-1.15725203286727, 52.6915230260726], [-1.14326236102496, 52.6871571580807], [-1.12922467843509, 52.6653897823953], [-1.11881182169027, 52.673186318861], [-1.0750788495323, 52.6696256375045], [-1.04861278988328, 52.6549959563935]]]}}, {"id": "16", "type": "Feature", "properties": {"LAD22CD": "E06000017", "LAD22NM": "Rutland"}, "geometry": {"type": "Polygon", "coordinates": [[[-0.495025802128916, 52.6402363852471], [-0.517397149134818, 52.6423795260649], [-0.540260653382861, 52.6259657691596], [-0.552938854430842, 52.6013489506897], [-0.544173532572234, 52.5928882810182], [-0.558117814289337, 52.5944839676649], [-0.571903726305604, 52.5858033698147], [-0.581472728074389, 52.5958835165327], [-0.588633734451843, 52.5868058571763], [-0.603019141912138, 52.5885911323283], [-0.660912737595725, 52.5689457054421], [-0.713658337963826, 52.524963968358], [-0.742206489930266, 52.5394859770229], [-0.738864421751923, 52.5488833379763], [-0.759893743806875, 52.5649060343668], [-0.765264216008954, 52.5824701798371], [-0.792435455444373, 52.5976141699617], [-0.820950352829114, 52.596454861719], [-0.805824670618499, 52.6206878783449], [-0.808693242414139, 52.6461260660919], [-0.782041592366397, 52.669481438542], [-0.786044854215378, 52.6947410500205], [-0.821752779818314, 52.7156783293608], [-0.813435226931193, 52.7291297328888], [-0.776484384415236, 52.7439341917561], [-0.751697884509706, 52.7367121861722], [-0.664101453534753, 52.756710460936], [-0.610288468749071, 52.759821379638], [-0.6054438425778, 52.7504929444177], [-0.572636470370485, 52.7531090381208], [-0.539974276076003, 52.7384017547715], [-0.542433641184147, 52.7232814494385], [-0.49453090710973, 52.7096532797771], [-0.430443229209799, 52.7054219474813], [-0.434054536211506, 52.6837050717487], [-0.456191200774775, 52.6703934333934], [-0.50667432122478, 52.6595259212941], [-0.523586001633851, 52.6652337202479], [-0.495025802128916, 52.6402363852471]]]}}, {"id": "17", "type": "Feature", "properties": {"LAD22CD": "E06000018", "LAD22NM": "Nottingham"}, "geometry": {"type": "Polygon", "coordinates": [[[-1.08611507246246, 52.9485698839615], [-1.0996766978426, 52.9419751354145], [-1.13176001590183, 52.9428159257364], [-1.14188338396034, 52.9319895309035], [-1.15228878148246, 52.9370264523314], [-1.15860361808389, 52.9000621139604], [-1.17642563311706, 52.8890677038219], [-1.21391985222849, 52.9044147876099], [-1.21089944638808, 52.912152759478], [-1.1990092076238, 52.9094788675439], [-1.1823012510609, 52.9173362705305], [-1.24689074252863, 52.9531957032849], [-1.23197884944612, 52.9676427065689], [-1.24683864344809, 52.9845431945876], [-1.22617837809272, 52.9811421831213], [-1.20335222289226, 52.9875294856986], [-1.21910727681773, 52.9914992580779], [-1.22514776798074, 53.0080958021553], [-1.20988267810726, 53.0181426638433], [-1.1827461829988, 53.01856914589], [-1.14351267958868, 53.0065011444905], [-1.15365597377739, 52.9971852178717], [-1.13825471637456, 52.9948435788441], [-1.14248865969578, 52.9862884053635], [-1.12278627374494, 52.9834669491086], [-1.12010685417214, 52.9678253942361], [-1.08611507246246, 52.9485698839615]]]}}, {"id": "18", "type": "Feature", "properties": {"LAD22CD": "E06000019", "LAD22NM": "Herefordshire, County of"}, "geometry": {"type": "Polygon", "coordinates": [[[-2.61803476082432, 52.3069569825661], [-2.66320843615968, 52.3039209964968], [-2.63987718684578, 52.2863754817816], [-2.59793122459573, 52.2816177134603], [-2.62829394809249, 52.2611596533262], [-2.6289691880592, 52.2403729170107], [-2.57420551071335, 52.2527313850736], [-2.53167300470246, 52.2532767669944], [-2.52581952783101, 52.2480966409567], [-2.4956508287493, 52.2569415191676], [-2.50311281254, 52.2774495632506], [-2.45140272258487, 52.2850827749681], [-2.42799581004903, 52.2706099357052], [-2.46809895102878, 52.256038011508], [-2.47470174108041, 52.2413590868946], [-2.46485757968369, 52.2343739358296], [-2.42306524241214, 52.2372605126344], [-2.38440013667357, 52.225234829949], [-2.40389375615873, 52.2214504115743], [-2.39267869727477, 52.2086147380727], [-2.40783866986951, 52.2027510521613], [-2.42194842839694, 52.1724751157631], [-2.43517518126441, 52.1682166248627], [-2.41519497909439, 52.1452402389999], [-2.37932119133153, 52.1551116070678], [-2.35140196148415, 52.1446241346638], [-2.35214734429092, 52.1034855887708], [-2.33796261565779, 52.0898846202391], [-2.35137852244174, 52.0213590290394], [-2.39289223171328, 52.0129587700424], [-2.3990184898963, 51.9961459478794], [-2.41319627507641, 51.9940903078117], [-2.43729372314514, 51.9971670434287], [-2.4365473513555, 52.01479580575], [-2.46325568883201, 52.0143402782952], [-2.46407938640931, 52.0232741849463], [-2.47893230092191, 52.02253041104], [-2.49198479935107, 52.0076618755015], [-2.47099259337338, 51.9947360731079], [-2.49491293332375, 51.9810752068267], [-2.49224484623915, 51.9641287773142], [-2.50090645407367, 51.9606091442864], [-2.46548701732309, 51.9516964072477], [-2.4660430006938, 51.9279745035373], [-2.44818479288624, 51.9186682322372], [-2.43935797872739, 51.8973957283352], [-2.48779469274655, 51.8804175459086], [-2.50862440109418, 51.8851690569453], [-2.53162394037576, 51.8607715469017], [-2.5806409604219, 51.861671376437], [-2.58281688241695, 51.849577352947], [-2.60121663304725, 51.8562162644087], [-2.62546695815918, 51.8389640024544], [-2.63671005341688, 51.8430952612886], [-2.65040070567432, 51.8261246889383], [-2.66619753963782, 51.8356235570426], [-2.69329553822647, 51.8338410121663], [-2.69730211579747, 51.844809127665], [-2.71512837058452, 51.840243927709], [-2.71960515391467, 51.8489192761031], [-2.73884399096035, 51.8366194156254], [-2.77879887552431, 51.8658590666979], [-2.76842319309657, 51.8805360883667], [-2.83610303950486, 51.9060508060594], [-2.84191190822529, 51.917721456065], [-2.86187161480982, 51.9139790713439], [-2.84493489320752, 51.9220259976496], [-2.87783522764085, 51.9338143761337], [-2.97184633087118, 51.9049816267882], [-2.97666533447377, 51.9274901991849], [-3.00812331564277, 51.9271305466736], [-3.02594450042839, 51.9572822872311], [-3.06736793856371, 51.9831427879402], [-3.09919890693024, 52.0226858085701], [-3.08628664345927, 52.0401943744894], [-3.09058811273154, 52.0505132879254], [-3.1258956184989, 52.078310821606], [-3.1227151698686, 52.1031579308801], [-3.10546572555448, 52.105386239037], [-3.10498507710709, 52.116727616734], [-3.14192072484887, 52.1278671854243], [-3.13587330508285, 52.1379083922528], [-3.09369007605061, 52.144305996423], [-3.0725382658941, 52.1557732347873], [-3.08254318096633, 52.1630471608847], [-3.09889603996449, 52.1547338860874], [-3.12243047087079, 52.1634196055799], [-3.09465104889233, 52.1837422730342], [-3.10208187078616, 52.2027204256414], [-3.07209180392951, 52.213087287645], [-3.07303671186312, 52.235876921522], [-3.04421511843317, 52.2379274562371], [-3.04831739359751, 52.2502338146021], [-3.03586088954314, 52.2567570188263], [-3.00577598466957, 52.2642595027327], [-2.97718162692593, 52.2596861472059], [-2.94963475580722, 52.2694682342234], [-3.01260808725634, 52.2791690028117], [-3.00086604665785, 52.3217658053593], [-2.96680116367831, 52.3294490746378], [-2.95465135625057, 52.3491547628498], [-2.93314924449305, 52.3500521344638], [-2.93888929692198, 52.3610579830377], [-2.9261433373763, 52.366995255805], [-2.90080513581716, 52.3672702614202], [-2.92231079516907, 52.3751473465218], [-2.9176851490735, 52.3862884794478], [-2.89313510339412, 52.3740884938803], [-2.88845681203454, 52.385154203445], [-2.85501758555997, 52.3954853452774], [-2.81822288080805, 52.3912299529276], [-2.80543256064045, 52.3882520709597], [-2.80732909741049, 52.3759114490775], [-2.79250462990759, 52.375283534138], [-2.79242010801848, 52.3568636039561], [-2.73276668080261, 52.3555324881577], [-2.74837976314791, 52.3349023999633], [-2.76698682979255, 52.3361126175067], [-2.71424980497088, 52.3088778910858], [-2.67981117516044, 52.312023092938], [-2.68912776448561, 52.3166054827206], [-2.66606616454924, 52.3423011032391], [-2.6239344865987, 52.3213941367398], [-2.61803476082432, 52.3069569825661]]]}}, {"id": "19", "type": "Feature", "properties": {"LAD22CD": "E06000020", "LAD22NM": "Telford and Wrekin"}, "geometry": {"type": "Polygon", "coordinates": [[[-2.31220085865136, 52.7408631916215], [-2.3155761976627, 52.7329474158237], [-2.35792862635308, 52.7312125484689], [-2.37654762449238, 52.7395970625078], [-2.41902901166181, 52.6628920164182], [-2.41829505360872, 52.6337749410688], [-2.43663474871759, 52.6270940478354], [-2.43811069608761, 52.6145585603198], [-2.50177354912493, 52.6290188142103], [-2.54845742726727, 52.6547126133052], [-2.55564737354675, 52.6710981077424], [-2.62254969542173, 52.6990321685353], [-2.59741996828975, 52.7182511698821], [-2.66023986584404, 52.731624688758], [-2.66341537473471, 52.7604411712564], [-2.64312849256875, 52.7670846596779], [-2.63233128566817, 52.7595905538297], [-2.62100320767185, 52.7765219605895], [-2.59224445077165, 52.7768495572435], [-2.59800685838951, 52.7979685830807], [-2.58278551595992, 52.8056251581841], [-2.55183543570501, 52.8025350827926], [-2.53380989885022, 52.7941188252219], [-2.53751454460714, 52.7851089648203], [-2.5219890237145, 52.7989513218527], [-2.50302787014664, 52.7966042669454], [-2.48650658342808, 52.8052457111754], [-2.47712088994151, 52.7993785524561], [-2.48970354173006, 52.7829732899282], [-2.47280977449132, 52.7804223278005], [-2.45625527532494, 52.7841864530811], [-2.47289499273347, 52.8208034197707], [-2.41634660240013, 52.8270059910047], [-2.37765452620115, 52.8116428164253], [-2.37141425861748, 52.7952845564449], [-2.38503139730095, 52.7895534240477], [-2.31220085865136, 52.7408631916215]]]}}, {"id": "20", "type": "Feature", "properties": {"LAD22CD": "E06000021", "LAD22NM": "Stoke-on-Trent"}, "geometry": {"type": "Polygon", "coordinates": [[[-2.18120675463031, 53.0897970691097], [-2.17170015872383, 53.0894471480733], [-2.16114742947303, 53.0701202061733], [-2.1253995147537, 53.0645792460147], [-2.11658296910728, 53.0480329248832], [-2.13177555127953, 53.0473356836626], [-2.12373740877799, 53.0216381396693], [-2.10346667550099, 53.0108579649111], [-2.10494759680283, 52.997693828823], [-2.08857143159409, 52.9971386482893], [-2.09188751542851, 52.9856083946605], [-2.07923858928417, 52.9745002729811], [-2.08812772094549, 52.97385200276], [-2.08121832441748, 52.9669059044845], [-2.12165690294565, 52.9560862416133], [-2.13040308885892, 52.9711763983094], [-2.14571072867989, 52.9761107985749], [-2.16259461482334, 52.9533653743282], [-2.17689847312917, 52.9537071390054], [-2.18160900755644, 52.9462064203344], [-2.21251375044799, 52.9805793513013], [-2.20434090153092, 52.9813982117568], [-2.21548673693578, 53.01530509862], [-2.20251669188531, 53.0199598851989], [-2.23876135172224, 53.0733392655837], [-2.19861521468755, 53.0927192437964], [-2.18120675463031, 53.0897970691097]]]}}, {"id": "21", "type": "Feature", "properties": {"LAD22CD": "E06000022", "LAD22NM": "Bath and North East Somerset"}, "geometry": {"type": "Polygon", "coordinates": [[[-2.29461584331874, 51.4288015360874], [-2.27854071292375, 51.4158822043192], [-2.29086160425423, 51.4057121040575], [-2.281812467782, 51.397228076674], [-2.2967881652906, 51.3948872762533], [-2.29205636589386, 51.369570098431], [-2.34433841756594, 51.3455637229005], [-2.29640906948892, 51.3426619850286], [-2.30092693165784, 51.3332225319919], [-2.28909082429693, 51.3252720485445], [-2.38718077281427, 51.2946434487968], [-2.40091745014227, 51.3048002330501], [-2.45172260312224, 51.2742514031922], [-2.47379245297825, 51.2779866230509], [-2.47800109139509, 51.273096744002], [-2.50635614425412, 51.2789907798003], [-2.49722110687873, 51.2908409039615], [-2.55782420176251, 51.3026613960108], [-2.62749343307615, 51.2828708205356], [-2.63869834280671, 51.2948229161123], [-2.69487895435338, 51.3180942915247], [-2.68718162543518, 51.3303580432272], [-2.70789213030415, 51.3378032259358], [-2.69050128551099, 51.3495282691268], [-2.69419382454675, 51.3798568884771], [-2.6797034053066, 51.3601245442586], [-2.66875141295454, 51.3607837573953], [-2.67653450286138, 51.3419692523128], [-2.65897203199174, 51.3415074660861], [-2.64440530457317, 51.3751337688209], [-2.63002323391255, 51.3752130515128], [-2.62695332738531, 51.3871339748704], [-2.61405177046776, 51.3808794572392], [-2.62270430622918, 51.389409178561], [-2.60311593760598, 51.3888241977527], [-2.59013231973091, 51.3975452080684], [-2.57075429208891, 51.3993691613727], [-2.56087461617567, 51.4117212601687], [-2.53600697442852, 51.4111368088606], [-2.5262905152521, 51.4347771717972], [-2.51046233684169, 51.4287821637134], [-2.49171567270931, 51.4290348578086], [-2.49272573969773, 51.4181523242521], [-2.48095542089661, 51.421578490535], [-2.46945193676625, 51.4159018061483], [-2.34328969454878, 51.4395334928121], [-2.32502844496388, 51.4369906306011], [-2.31261574802172, 51.4224461818413], [-2.29461584331874, 51.4288015360874]]]}}, {"id": "22", "type": "Feature", "properties": {"LAD22CD": "E06000023", "LAD22NM": "Bristol, City of"}, "geometry": {"type": "MultiPolygon", "coordinates": [[[[-2.83055617856399, 51.4664486838378], [-2.85766174135459, 51.448255593359], [-2.85277205424544, 51.4528615297162], [-2.83055617856399, 51.4664486838378]]], [[[-2.68461040352096, 51.4804864355812], [-2.72730945662972, 51.501886087828], [-2.71648224169541, 51.5006083244321], [-2.68461040352096, 51.4804864355812]]], [[[-2.75450658451, 51.4923197134261], [-2.75968644392327, 51.4930184436811], [-2.75574630647793, 51.4937843989881], [-2.73259059994563, 51.4924865881997], [-2.73052469336393, 51.5022653340673], [-2.72907316606181, 51.5020941342766], [-2.73253378967557, 51.4924704712235], [-2.75450658451, 51.4923197134261]]], [[[-2.68461040352096, 51.4804864355812], [-2.70881598627728, 51.4977992592067], [-2.71821750267118, 51.5082397657133], [-2.70774593536939, 51.516781391674], [-2.67381351919379, 51.5444310619551], [-2.65254055854146, 51.5130981654745], [-2.58098846828396, 51.5174088245448], [-2.58814992658474, 51.501234701161], [-2.55185112128076, 51.49224881712], [-2.51586501173572, 51.4938673464108], [-2.51224610442628, 51.4623332964114], [-2.52177049603221, 51.4501003453282], [-2.53934555000023, 51.445791225602], [-2.51046233684169, 51.4287821637134], [-2.5262905152521, 51.4347771717972], [-2.53600697442852, 51.4111368088606], [-2.56087461617567, 51.4117212601687], [-2.57075429208891, 51.3993691613727], [-2.59013231973091, 51.3975452080684], [-2.63328561591729, 51.4034758756782], [-2.62952463445009, 51.4373717867571], [-2.64008287540491, 51.4404634287068], [-2.62592432999729, 51.4492098989396], [-2.63404062601539, 51.4664901167544], [-2.66147444939389, 51.4863828760455], [-2.68461040352096, 51.4804864355812]]]]}}, {"id": "23", "type": "Feature", "properties": {"LAD22CD": "E06000024", "LAD22NM": "North Somerset"}, "geometry": {"type": "MultiPolygon", "coordinates": [[[[-2.98635736448069, 51.3124639212332], [-2.98695466470382, 51.3114589516252], [-2.98664958724306, 51.3127813826489], [-2.98635736448069, 51.3124639212332]]], [[[-2.99427657404061, 51.3210652599099], [-2.99011400394716, 51.3165446229993], [-3.00013840924515, 51.3221293449622], [-2.99427657404061, 51.3210652599099]]], [[[-2.75450658451, 51.4923197134261], [-2.73253378967557, 51.4924704712235], [-2.72907316606181, 51.5020941342766], [-2.72730945662972, 51.501886087828], [-2.68461040352096, 51.4804864355812], [-2.66147444939389, 51.4863828760455], [-2.63404062601539, 51.4664901167544], [-2.62592432999729, 51.4492098989396], [-2.64008287540491, 51.4404634287068], [-2.62952463445009, 51.4373717867571], [-2.63328561591729, 51.4034758756782], [-2.59013231973091, 51.3975452080684], [-2.60311593760598, 51.3888241977527], [-2.62270430622918, 51.389409178561], [-2.61405177046776, 51.3808794572392], [-2.62695332738531, 51.3871339748704], [-2.63002323391255, 51.3752130515128], [-2.64440530457317, 51.3751337688209], [-2.65897203199174, 51.3415074660861], [-2.67653450286138, 51.3419692523128], [-2.66875141295454, 51.3607837573953], [-2.6797034053066, 51.3601245442586], [-2.69419382454675, 51.3798568884771], [-2.69050128551099, 51.3495282691268], [-2.70789213030415, 51.3378032259358], [-2.68718162543518, 51.3303580432272], [-2.69487895435338, 51.3180942915247], [-2.76464422735267, 51.3225771747279], [-2.81867321270989, 51.3263654540974], [-2.81023646544598, 51.3014243120215], [-2.87714603016825, 51.3000626729192], [-2.88491962485819, 51.3066645554571], [-2.89710380982307, 51.2906145791208], [-2.93687950389505, 51.3030788529746], [-2.9620389423923, 51.3047909942121], [-2.97261926639963, 51.2957124823566], [-2.9898200343769, 51.2990347778219], [-2.98810382352796, 51.3064770100914], [-2.98297645880641, 51.3120154171226], [-2.98961293632401, 51.3174924308287], [-2.98585367069829, 51.3349341086531], [-2.98278785857956, 51.3491491118863], [-2.99457587649122, 51.3565243649996], [-2.96749710835432, 51.3636647467965], [-2.9622008781648, 51.3747651612511], [-2.9630511038088, 51.3829337876519], [-2.98082379743117, 51.3884289965411], [-2.9710258223432, 51.3907536596557], [-2.93964350299917, 51.3964163806451], [-2.9392792076602, 51.3910229243799], [-2.91731265341787, 51.3958656099442], [-2.89045814212137, 51.387499998492], [-2.91279750503947, 51.3962414049968], [-2.86466928548709, 51.4416527187866], [-2.85766174135459, 51.448255593359], [-2.83055617856399, 51.4664486838378], [-2.79986609904919, 51.4851984602463], [-2.75968644392327, 51.4930184436811], [-2.75450658451, 51.4923197134261]]]]}}, {"id": "24", "type": "Feature", "properties": {"LAD22CD": "E06000025", "LAD22NM": "South Gloucestershire"}, "geometry": {"type": "Polygon", "coordinates": [[[-2.291637286721, 51.5936959211034], [-2.28274577923905, 51.5785165620246], [-2.27255905245869, 51.5775903274116], [-2.26029952338613, 51.5699008247026], [-2.26650176046494, 51.5362618774149], [-2.25238825054309, 51.5268735558894], [-2.32432448172805, 51.4975094728188], [-2.31142293570328, 51.4873730705689], [-2.29046578148789, 51.4866510040105], [-2.29574294629382, 51.458590039344], [-2.28512472635348, 51.4578448523091], [-2.29461584331874, 51.4288015360874], [-2.31261574802172, 51.4224461818413], [-2.32502844496388, 51.4369906306011], [-2.34328969454878, 51.4395334928121], [-2.46945193676625, 51.4159018061483], [-2.48095542089661, 51.421578490535], [-2.49272573969773, 51.4181523242521], [-2.49171567270931, 51.4290348578086], [-2.51046233684169, 51.4287821637134], [-2.53934555000023, 51.445791225602], [-2.52177049603221, 51.4501003453282], [-2.51224610442628, 51.4623332964114], [-2.51586501173572, 51.4938673464108], [-2.55185112128076, 51.49224881712], [-2.58814992658474, 51.501234701161], [-2.58098846828396, 51.5174088245448], [-2.65254055854146, 51.5130981654745], [-2.67381351919379, 51.5444310619551], [-2.66344644179591, 51.5736238484764], [-2.62779006181031, 51.6056459961281], [-2.57928639445979, 51.6295065602379], [-2.5754619436399, 51.6313860493671], [-2.56910626844932, 51.6555467595021], [-2.53478909673859, 51.6772836173709], [-2.54235461055758, 51.6815402563537], [-2.54081319713281, 51.6823970971399], [-2.48964025298392, 51.6639615225766], [-2.49067532485481, 51.6448339839705], [-2.44298352047969, 51.6524918799746], [-2.38598850246378, 51.6399431096316], [-2.40047490634886, 51.6351434811121], [-2.38890966915367, 51.6275403745685], [-2.39465737965729, 51.5973688240373], [-2.37057655800009, 51.5976137071762], [-2.36558135966373, 51.6037346228316], [-2.33106834527488, 51.5916039726172], [-2.291637286721, 51.5936959211034]]]}}, {"id": "25", "type": "Feature", "properties": {"LAD22CD": "E06000026", "LAD22NM": "Plymouth"}, "geometry": {"type": "MultiPolygon", "coordinates": [[[[-4.17321356655948, 50.4238891231799], [-4.17667003538121, 50.4225686150015], [-4.1852807741912, 50.4264228191499], [-4.17321356655948, 50.4238891231799]]], [[[-4.11348830320444, 50.4441538016389], [-4.10954061298207, 50.4320946555489], [-4.082667475929, 50.4246563990732], [-4.07150999070002, 50.4018503235349], [-4.03964982237787, 50.4014204728754], [-4.02116944556102, 50.3917770378327], [-4.02706143660235, 50.3790316713663], [-4.05019965234195, 50.3774707342474], [-4.05294433052337, 50.3565199840264], [-4.09061840685327, 50.3408970189308], [-4.12312116530454, 50.3467751090224], [-4.12351941026397, 50.3471883925815], [-4.13082680378267, 50.358999304536], [-4.10538735791812, 50.3565072006101], [-4.11243592643045, 50.3594347560472], [-4.09978229616671, 50.3792725094363], [-4.10143722883704, 50.3826912871899], [-4.11570407347047, 50.361786271635], [-4.13273329144339, 50.3620796365156], [-4.13347905385787, 50.3632844490996], [-4.14092927734403, 50.3622198771246], [-4.15282869438648, 50.362422413488], [-4.15438127815243, 50.3675475149854], [-4.16408426761573, 50.3589179715093], [-4.16368010547366, 50.3694485029524], [-4.17437223203863, 50.3667759326804], [-4.18250098644924, 50.3670913619419], [-4.18430714353004, 50.3710789508764], [-4.18223418000107, 50.3779727494614], [-4.19062146729644, 50.3850135255668], [-4.192916776614, 50.3900763447773], [-4.17978116718415, 50.3966278037764], [-4.19454319582552, 50.3920860096383], [-4.20467173386886, 50.399073439549], [-4.20442633536047, 50.4012942288343], [-4.19520520006229, 50.4191182248299], [-4.19232419822018, 50.4246838695324], [-4.16547770379296, 50.419723923668], [-4.1635274939179, 50.427588667067], [-4.16565672813811, 50.4267755318749], [-4.15585554605072, 50.4364270138787], [-4.13566341622028, 50.4329284402434], [-4.11348830320444, 50.4441538016389]]]]}}, {"id": "26", "type": "Feature", "properties": {"LAD22CD": "E06000027", "LAD22NM": "Torbay"}, "geometry": {"type": "Polygon", "coordinates": [[[-3.50911018932238, 50.5166192775109], [-3.50913535137322, 50.5165786701646], [-3.51484222293155, 50.4817583021228], [-3.48059441325885, 50.4635180509051], [-3.51593414740442, 50.4537627969957], [-3.54067000210069, 50.4610695179673], [-3.55650036914243, 50.4294186792532], [-3.55953632203826, 50.423343788759], [-3.54483096895344, 50.4021062494973], [-3.51952206080181, 50.403175498603], [-3.51191461824754, 50.3958990993055], [-3.50518248052754, 50.4000046910865], [-3.51298626449597, 50.4056278650398], [-3.48238785725264, 50.4000269127692], [-3.50764454709004, 50.3791676280852], [-3.5077138740794, 50.3789458322383], [-3.5442558641542, 50.3734825873851], [-3.57477813556098, 50.3941515003236], [-3.5798511279214, 50.4102051896984], [-3.59904697420756, 50.4092692034137], [-3.62804319807114, 50.4259888922362], [-3.62507493560479, 50.4412861655855], [-3.58688486139577, 50.4522296000076], [-3.58424985487516, 50.4777231181161], [-3.56978204388095, 50.49070275993], [-3.5647735727694, 50.4869669717565], [-3.52995146902909, 50.5045871030079], [-3.52090513364388, 50.5176836363678], [-3.50911018932238, 50.5166192775109]]]}}, {"id": "27", "type": "Feature", "properties": {"LAD22CD": "E06000030", "LAD22NM": "Swindon"}, "geometry": {"type": "Polygon", "coordinates": [[[-1.68305860763384, 51.6901103608739], [-1.70018909588819, 51.6707416649703], [-1.69193809184422, 51.6521645874729], [-1.65995432000758, 51.6349908726268], [-1.67373615894307, 51.6228498665634], [-1.66700965139022, 51.6162644740119], [-1.69061673406566, 51.6054499290187], [-1.69111065938545, 51.583523727724], [-1.6765398170414, 51.5694390418873], [-1.65504455154451, 51.576506273878], [-1.64769133240668, 51.5719518965806], [-1.60281227577577, 51.5182950573493], [-1.71908165367462, 51.5007055402528], [-1.71573673989899, 51.4883833461806], [-1.77433053529391, 51.4824545734086], [-1.79779682111143, 51.4844459329131], [-1.81345034633343, 51.5070421801524], [-1.83758492292658, 51.5008374700594], [-1.8467781476724, 51.5244433133136], [-1.83697437954741, 51.5109029296059], [-1.83007974454265, 51.5154395575391], [-1.85382409898453, 51.546301920144], [-1.84927684261657, 51.5533094800488], [-1.86512233688029, 51.5595913798443], [-1.86010361511537, 51.5652438120408], [-1.84518926584843, 51.5617183805608], [-1.84314557581213, 51.5786591525959], [-1.823733053229, 51.5822091981918], [-1.83756146498663, 51.5872419196361], [-1.83185653592711, 51.5967288742393], [-1.84230296662443, 51.61256022152], [-1.82784729058069, 51.625325780464], [-1.78858341785345, 51.6327136502205], [-1.79908052936856, 51.6625047228664], [-1.78861685777866, 51.6670018975245], [-1.7537928604015, 51.6622153587917], [-1.72755368076921, 51.6672098345907], [-1.71105528242177, 51.6717929473182], [-1.69683095088565, 51.6920420122024], [-1.68305860763384, 51.6901103608739]]]}}, {"id": "28", "type": "Feature", "properties": {"LAD22CD": "E06000031", "LAD22NM": "Peterborough"}, "geometry": {"type": "Polygon", "coordinates": [[[-0.0312706832650579, 52.6615327439854], [-0.0127518351453913, 52.5942462282237], [-0.186980183895209, 52.568506749644], [-0.197873350783597, 52.5508058317013], [-0.187849987826575, 52.541863098196], [-0.200398362872374, 52.5452158473434], [-0.217663960470306, 52.5379234262253], [-0.234836668380396, 52.5436670977253], [-0.244780466792031, 52.5229988649975], [-0.269294934340273, 52.5208245712026], [-0.293289613103781, 52.5068891095325], [-0.332735786022453, 52.5465454377598], [-0.325458398681252, 52.5528890326316], [-0.348477510272296, 52.5643700887977], [-0.38545106933809, 52.5671897117264], [-0.396839712356373, 52.5829983382952], [-0.415381402678347, 52.5787426397479], [-0.478814868225147, 52.573645147065], [-0.492664861408749, 52.5819002633897], [-0.470921180908155, 52.6235593380481], [-0.494773452953128, 52.6403140726876], [-0.452694588690005, 52.6542776648339], [-0.405681264519019, 52.6480460971361], [-0.35022233897229, 52.6616146845684], [-0.335037147761973, 52.6748659736262], [-0.289240338532188, 52.6702761885072], [-0.260753908799236, 52.6514179778757], [-0.212501332962663, 52.6666794930237], [-0.192867813968712, 52.652438511053], [-0.180020104975691, 52.6605611585471], [-0.14106199482318, 52.6515074247825], [-0.102195958212229, 52.6722061953853], [-0.087752503198597, 52.6667860926836], [-0.0637138143765743, 52.6752330946213], [-0.0312706832650579, 52.6615327439854]]]}}, {"id": "29", "type": "Feature", "properties": {"LAD22CD": "E06000032", "LAD22NM": "Luton"}, "geometry": {"type": "Polygon", "coordinates": [[[-0.385615555724027, 51.9156803959794], [-0.377489882291102, 51.8984330964785], [-0.3498989071936, 51.8787082193461], [-0.354833888657066, 51.8740145293011], [-0.369755351222524, 51.8681152304062], [-0.39586015374901, 51.8705810262898], [-0.422774558845709, 51.8545519365069], [-0.455274925246212, 51.882287034331], [-0.505923085960359, 51.9006124971274], [-0.482276166347529, 51.9077947227365], [-0.485701416266266, 51.9227011901167], [-0.436106923836832, 51.9276663379005], [-0.421681634403011, 51.9256807379631], [-0.419064998588213, 51.9123036451975], [-0.385615555724027, 51.9156803959794]]]}}, {"id": "30", "type": "Feature", "properties": {"LAD22CD": "E06000033", "LAD22NM": "Southend-on-Sea"}, "geometry": {"type": "Polygon", "coordinates": [[[0.786689932259859, 51.5529433965889], [0.788986409546341, 51.5424473718173], [0.819168409590216, 51.5422065408971], [0.820841262671775, 51.5408567905858], [0.78209563454212, 51.5213360139181], [0.669513307307074, 51.5384737378275], [0.648004939163022, 51.5383534915283], [0.64641140820195, 51.539550419491], [0.626873288032413, 51.5382568828569], [0.632077284564213, 51.5705294757645], [0.638950939122342, 51.5768010714265], [0.675333610589035, 51.5728679764088], [0.786689932259859, 51.5529433965889]]]}}, {"id": "31", "type": "Feature", "properties": {"LAD22CD": "E06000034", "LAD22NM": "Thurrock"}, "geometry": {"type": "MultiPolygon", "coordinates": [[[[0.548030413942597, 51.515743319547], [0.548618769264489, 51.5127240741593], [0.543174399678314, 51.515793816224], [0.548030413942597, 51.515743319547]]], [[[0.418679588401769, 51.5566167971405], [0.427690962988708, 51.5451312865406], [0.461617567216431, 51.5536972795233], [0.466763964533001, 51.5467256309463], [0.484841617865104, 51.5478758727103], [0.508832891879717, 51.5345626291136], [0.521688493998144, 51.5162372631338], [0.541250286443781, 51.512577840032], [0.441789429693932, 51.5008268511215], [0.42336977005769, 51.5145332797807], [0.435804562732395, 51.5001168896909], [0.44556716826376, 51.498014379019], [0.444111319060525, 51.4934570536336], [0.433901513174793, 51.4614703849578], [0.405311094329377, 51.453987412232], [0.340862890078857, 51.4523336797806], [0.318409966717706, 51.4741586751463], [0.302381184292331, 51.4726389871062], [0.29778055114939, 51.4722023840404], [0.281446487010772, 51.4613930976052], [0.211792634982751, 51.4897529936162], [0.214156929096117, 51.4960396107991], [0.229965346752887, 51.4993659214869], [0.226603240645007, 51.5065671764696], [0.241919319205915, 51.5079601287124], [0.237176008191511, 51.5193344362336], [0.248964775518951, 51.5286740288202], [0.253834321156039, 51.5178858742432], [0.263682925083247, 51.5178697929942], [0.265347269252144, 51.5321502678322], [0.334024215494491, 51.5405038056409], [0.313035077012051, 51.5658181319616], [0.38260509348446, 51.5658238168464], [0.391861713355575, 51.5671913952283], [0.393532476693128, 51.5576549446081], [0.418679588401769, 51.5566167971405]]]]}}, {"id": "32", "type": "Feature", "properties": {"LAD22CD": "E06000035", "LAD22NM": "Medway"}, "geometry": {"type": "MultiPolygon", "coordinates": [[[[0.608113907189036, 51.4015436391241], [0.615324178551404, 51.3953841238209], [0.597014785817756, 51.3960797906858], [0.608113907189036, 51.4015436391241]]], [[[0.582572584376833, 51.4031341862917], [0.561520430470314, 51.402233422324], [0.564435834328907, 51.4079545427279], [0.582572584376833, 51.4031341862917]]], [[[0.590771860836167, 51.4793713460179], [0.615242150910657, 51.4751109773912], [0.659953033847258, 51.4776694098738], [0.690283421546067, 51.4593783879044], [0.671336659776413, 51.4722645245027], [0.700321276501137, 51.4725957496523], [0.720507730715131, 51.4597628214107], [0.723477057480236, 51.4445125210234], [0.710336835188912, 51.4348306739577], [0.677839495660246, 51.4331777824218], [0.672000159962251, 51.4480068219982], [0.658921251336351, 51.4473668161764], [0.636037588004861, 51.4462434653696], [0.618998377363623, 51.4374609748038], [0.605211274930445, 51.4205483820036], [0.617350756357686, 51.4284301785473], [0.623750538591582, 51.42411576561], [0.610877332774769, 51.4174016995784], [0.58704291822536, 51.4134510989814], [0.563548610624482, 51.4095514171949], [0.532457405934914, 51.4126752013126], [0.515656065280089, 51.40035517057], [0.522582468802749, 51.3851000005006], [0.537549271413019, 51.4102807507338], [0.560969312344262, 51.3947901973103], [0.585647977848983, 51.3887312215227], [0.594530655271358, 51.3865487400617], [0.602097565642981, 51.3906350148435], [0.596739085161682, 51.3868259546596], [0.612054542068478, 51.3788451150871], [0.619609325176722, 51.3881603536763], [0.632369758969761, 51.3889357646207], [0.626121810076958, 51.3788125499944], [0.623292522422213, 51.3692226415195], [0.63490813345762, 51.3663699845452], [0.601403554174045, 51.3333011048713], [0.563457198962717, 51.3387431250211], [0.544003569633395, 51.3278964123716], [0.525641085381921, 51.3347171670639], [0.505841995748758, 51.3429424555663], [0.503027462916296, 51.3547185347565], [0.456233540778611, 51.3687628438094], [0.453485925272683, 51.3406104311936], [0.418594662757666, 51.3479121920606], [0.399919664491311, 51.3444569026071], [0.401283124306125, 51.35295476259], [0.431109487937637, 51.3880330266591], [0.45332222350032, 51.3913787704197], [0.451853402814579, 51.3983210211132], [0.467687121016724, 51.3983013741054], [0.475140243345384, 51.412947138434], [0.489235421459888, 51.415325902756], [0.487960076101346, 51.4432845747706], [0.457560479333401, 51.4582957169035], [0.454345031858931, 51.4634198868062], [0.467729303920621, 51.4642956280501], [0.458122647129502, 51.4669575644424], [0.468461923525824, 51.4826582329036], [0.546076139506005, 51.4871380955421], [0.590771860836167, 51.4793713460179]]]]}}, {"id": "33", "type": "Feature", "properties": {"LAD22CD": "E06000036", "LAD22NM": "Bracknell Forest"}, "geometry": {"type": "Polygon", "coordinates": [[[-0.667634283855982, 51.3845713456129], [-0.735335360826244, 51.3650095832703], [-0.775466206963731, 51.3319589032434], [-0.837349302933734, 51.3528712213498], [-0.813571306715724, 51.3703184869801], [-0.788839993914029, 51.3717507068192], [-0.801521116860122, 51.4053010341783], [-0.792505466831662, 51.4088496305634], [-0.800019761547891, 51.4411821496758], [-0.78256490664671, 51.4686900761317], [-0.76462816963277, 51.459722619744], [-0.724526232749236, 51.4561391526177], [-0.71441818197128, 51.4671441640858], [-0.688866170515666, 51.4669598587046], [-0.672746126800362, 51.4578491131412], [-0.656755756603434, 51.4614941608613], [-0.661982328325828, 51.4443193337879], [-0.630552938632746, 51.442192361264], [-0.631309270281672, 51.4144545434314], [-0.676260503648725, 51.4315828698535], [-0.696540470455116, 51.4109103697849], [-0.667634283855982, 51.3845713456129]]]}}, {"id": "34", "type": "Feature", "properties": {"LAD22CD": "E06000037", "LAD22NM": "West Berkshire"}, "geometry": {"type": "Polygon", "coordinates": [[[-1.22679203559485, 51.5351584620885], [-1.20464416143085, 51.537603894896], [-1.20465030082425, 51.5283945154373], [-1.14037476539537, 51.5429113017947], [-1.14205314180795, 51.5161954403677], [-1.1130174680504, 51.5094886961382], [-1.10217985266957, 51.4896735713327], [-1.0878821588534, 51.4857544151913], [-1.05134983656427, 51.4918599385978], [-1.03655747902791, 51.4752267537986], [-1.05297452903069, 51.4603699344709], [-1.04918512243073, 51.4514112982571], [-1.03398295097505, 51.4527275357655], [-1.00114760521892, 51.4263823342562], [-1.01188405929674, 51.392866627908], [-0.981724611413117, 51.3757487836556], [-0.986123750530059, 51.3628482885656], [-1.05001598396462, 51.3581479361663], [-1.08661908661563, 51.3839155779629], [-1.1154571911925, 51.374214909415], [-1.11579091152374, 51.3604661648818], [-1.13858996979348, 51.3571910724835], [-1.17689427560879, 51.3573240538202], [-1.25113955136333, 51.3720405294303], [-1.34953197885892, 51.3671056168504], [-1.41106775678437, 51.3728524330013], [-1.42843862520728, 51.3566900764731], [-1.44410966916138, 51.3549284015044], [-1.42969282350092, 51.3365302852492], [-1.498298923396, 51.3293760932154], [-1.48571137940255, 51.3476828433187], [-1.5006084786642, 51.3562679618628], [-1.49544914388954, 51.3696644487562], [-1.55560283150743, 51.3955841256927], [-1.55298802119079, 51.4100439112545], [-1.57105280218741, 51.415577604998], [-1.56511865145832, 51.4220434340803], [-1.52661860733259, 51.4239298638426], [-1.52399091949678, 51.4474805546288], [-1.58229087127299, 51.4941117966021], [-1.58470801107569, 51.5249121192573], [-1.58118687450076, 51.5369949629826], [-1.55500099625547, 51.5533704629675], [-1.53095864819817, 51.5460694666429], [-1.51293889355992, 51.5507598098694], [-1.47074436480117, 51.5286068389578], [-1.46442254094774, 51.5385166987317], [-1.44783186160006, 51.5364265429324], [-1.42659119274702, 51.5455988598669], [-1.42276866886813, 51.5357649276512], [-1.4048577107684, 51.5472352184892], [-1.38377881234937, 51.5404262109553], [-1.3673210476583, 51.5524667176092], [-1.34240310935362, 51.543686280692], [-1.3287207966799, 51.5637124135033], [-1.26065559107578, 51.5377899051538], [-1.22679203559485, 51.5351584620885]]]}}, {"id": "35", "type": "Feature", "properties": {"LAD22CD": "E06000038", "LAD22NM": "Reading"}, "geometry": {"type": "Polygon", "coordinates": [[[-0.949167813983683, 51.4595133240547], [-0.928475285062219, 51.4451620940541], [-0.945215131732383, 51.4461698757259], [-0.943398586022065, 51.429309840184], [-0.961921283077217, 51.4123489113029], [-0.973699997105301, 51.4097807628732], [-1.00114760521892, 51.4263823342562], [-1.03398295097505, 51.4527275357655], [-1.04918512243073, 51.4514112982571], [-1.05297452903069, 51.4603699344709], [-1.03655747902791, 51.4752267537986], [-1.0135636993656, 51.4662920189119], [-0.998398933904973, 51.4843048210687], [-0.957481198497003, 51.4930778037967], [-0.941136941423418, 51.4749776518845], [-0.955183900010933, 51.4653338428556], [-0.949167813983683, 51.4595133240547]]]}}, {"id": "36", "type": "Feature", "properties": {"LAD22CD": "E06000039", "LAD22NM": "Slough"}, "geometry": {"type": "Polygon", "coordinates": [[[-0.490024731194161, 51.494747634396], [-0.509701400845035, 51.4691759477034], [-0.524358681535487, 51.471528484042], [-0.534361390018616, 51.486787212557], [-0.560550664270769, 51.4972117158478], [-0.565568404210051, 51.4913420176521], [-0.600575771452686, 51.5023044758944], [-0.607716162352804, 51.4972515023419], [-0.626529885484881, 51.5044137150605], [-0.642211995205478, 51.5006272384143], [-0.659271318680068, 51.5049023574704], [-0.659944895908714, 51.5284469814789], [-0.6305355776221, 51.5388952073441], [-0.589867740822717, 51.5226767053001], [-0.567256016672106, 51.532981036095], [-0.57509465893991, 51.5292998722364], [-0.56870897687743, 51.5112690474853], [-0.526981060815463, 51.5095056025316], [-0.531819526768283, 51.4933944621435], [-0.490024731194161, 51.494747634396]]]}}, {"id": "37", "type": "Feature", "properties": {"LAD22CD": "E06000040", "LAD22NM": "Windsor and Maidenhead"}, "geometry": {"type": "Polygon", "coordinates": [[[-0.642211995205478, 51.5006272384143], [-0.626529885484881, 51.5044137150605], [-0.607716162352804, 51.4972515023419], [-0.600575771452686, 51.5023044758944], [-0.565568404210051, 51.4913420176521], [-0.560550664270769, 51.4972117158478], [-0.534361390018616, 51.486787212557], [-0.524358681535487, 51.471528484042], [-0.54061316396913, 51.4578521275783], [-0.522765050804453, 51.4353004066197], [-0.571675217761157, 51.451007631736], [-0.59393878288985, 51.4416606269605], [-0.618495201013367, 51.3923882534352], [-0.616344267326498, 51.3835395923837], [-0.667634283855982, 51.3845713456129], [-0.696540470455116, 51.4109103697849], [-0.676260503648725, 51.4315828698535], [-0.631309270281672, 51.4144545434314], [-0.630552938632746, 51.442192361264], [-0.661982328325828, 51.4443193337879], [-0.656755756603434, 51.4614941608613], [-0.672746126800362, 51.4578491131412], [-0.688866170515666, 51.4669598587046], [-0.71441818197128, 51.4671441640858], [-0.724526232749236, 51.4561391526177], [-0.76462816963277, 51.459722619744], [-0.78256490664671, 51.4686900761317], [-0.800019761547891, 51.4411821496758], [-0.818085732865223, 51.4431909950858], [-0.833754365368195, 51.4640986840307], [-0.821784170089364, 51.472602466139], [-0.829375464515667, 51.4870691973525], [-0.817390197616722, 51.5072375468219], [-0.853907491772685, 51.5260731085118], [-0.842743668055121, 51.5447586197339], [-0.792963793969878, 51.5513590831944], [-0.773709445535756, 51.567173426226], [-0.757216533449041, 51.5648447151786], [-0.718102246096498, 51.5775502892801], [-0.711675292325073, 51.5646674202364], [-0.69647360090748, 51.5652035041693], [-0.691203240309587, 51.5568191355917], [-0.70316470355774, 51.5111067363008], [-0.652125325213239, 51.4854936423975], [-0.633881969088683, 51.492381769527], [-0.642211995205478, 51.5006272384143]]]}}, {"id": "38", "type": "Feature", "properties": {"LAD22CD": "E06000041", "LAD22NM": "Wokingham"}, "geometry": {"type": "Polygon", "coordinates": [[[-0.842743668055121, 51.5447586197339], [-0.853907491772685, 51.5260731085118], [-0.817390197616722, 51.5072375468219], [-0.829375464515667, 51.4870691973525], [-0.821784170089364, 51.472602466139], [-0.833754365368195, 51.4640986840307], [-0.818085732865223, 51.4431909950858], [-0.800019761547891, 51.4411821496758], [-0.792505466831662, 51.4088496305634], [-0.801521116860122, 51.4053010341783], [-0.788839993914029, 51.3717507068192], [-0.813571306715724, 51.3703184869801], [-0.837349302933734, 51.3528712213498], [-0.877856218050537, 51.3525912694795], [-0.92369481434098, 51.3660104953327], [-0.986740059567131, 51.3598556248242], [-0.986123750530059, 51.3628482885656], [-0.981724611413117, 51.3757487836556], [-1.01188405929674, 51.392866627908], [-1.00114760521892, 51.4263823342562], [-0.973699997105301, 51.4097807628732], [-0.961921283077217, 51.4123489113029], [-0.943398586022065, 51.429309840184], [-0.945215131732383, 51.4461698757259], [-0.928475285062219, 51.4451620940541], [-0.949167813983683, 51.4595133240547], [-0.921698113854484, 51.4679314572446], [-0.893850446902064, 51.496642617907], [-0.870304673324217, 51.5035928881502], [-0.878512270321433, 51.5234856398144], [-0.900134311968213, 51.5366613900098], [-0.896882190115767, 51.5448630133878], [-0.879723063740375, 51.5621275792716], [-0.842743668055121, 51.5447586197339]]]}}, {"id": "39", "type": "Feature", "properties": {"LAD22CD": "E06000042", "LAD22NM": "Milton Keynes"}, "geometry": {"type": "Polygon", "coordinates": [[[-0.591810331121503, 52.1106918880999], [-0.66897597717708, 52.0487168407765], [-0.643052382546371, 52.0372530916698], [-0.640200926835711, 52.0240684865423], [-0.651023980572764, 52.0184860767988], [-0.643476890212709, 52.0108547037243], [-0.661689665376442, 51.9997363853462], [-0.645680806107934, 51.9722283113145], [-0.652978332552365, 51.9692289650499], [-0.713113480946886, 51.9898099441801], [-0.713941366477039, 51.9778705046005], [-0.740379237640103, 51.9698626271811], [-0.761997302027608, 51.9855584760346], [-0.803659591001856, 51.985523165789], [-0.819817648789318, 52.0122859293589], [-0.871325629151714, 52.0402518525726], [-0.852446930044217, 52.0507050939995], [-0.862678645822757, 52.0609340387573], [-0.839500488570763, 52.0638277803285], [-0.8314182458155, 52.0719470001652], [-0.846712543491745, 52.0915087034718], [-0.869530890831007, 52.1000376603272], [-0.871450101645923, 52.1117534347483], [-0.887015710951311, 52.1142093372576], [-0.880720326962998, 52.126331782706], [-0.828204674516664, 52.1326105528126], [-0.831966629471785, 52.1436835087174], [-0.814041227993611, 52.14247234185], [-0.807587882658753, 52.1569790143848], [-0.792091270533438, 52.1513294604513], [-0.777975100575612, 52.1687324929908], [-0.749734768722189, 52.1668767684431], [-0.705455584072188, 52.1915707007857], [-0.668135637658982, 52.1950341117758], [-0.627446652788111, 52.1815454683205], [-0.630670852955621, 52.1549239757292], [-0.640781511339957, 52.1527722744294], [-0.635451654776416, 52.1392536208873], [-0.607249381411581, 52.1338687517842], [-0.591810331121503, 52.1106918880999]]]}}, {"id": "40", "type": "Feature", "properties": {"LAD22CD": "E06000043", "LAD22NM": "Brighton and Hove"}, "geometry": {"type": "Polygon", "coordinates": [[[-0.135010046704454, 50.8866345160191], [-0.135283671366533, 50.8781049946469], [-0.12179965145279, 50.8734281552786], [-0.0975192636219945, 50.8779454253866], [-0.0849276342430443, 50.8731196294769], [-0.0734418548386787, 50.8412445322818], [-0.0368425495084804, 50.8412388952519], [-0.0459683931136427, 50.8218246617317], [-0.02042837615218, 50.8218303556257], [-0.0160023583696679, 50.8148750652864], [-0.0384766479745245, 50.7990565164647], [-0.0385642003977241, 50.7990773687868], [-0.0428330102178665, 50.7997666205315], [-0.0923842825191576, 50.8107610121948], [-0.0918788001876448, 50.8076730436503], [-0.110444367795574, 50.8106598457141], [-0.110237460333136, 50.8131761130774], [-0.192760757110724, 50.8238627751644], [-0.216033878994041, 50.827583764194], [-0.216815845622336, 50.8276406063771], [-0.244970867103618, 50.8638089043948], [-0.239238286310074, 50.8678855967986], [-0.226719329968901, 50.8781806386737], [-0.18773445855603, 50.8685704699966], [-0.182422854403572, 50.8883247766278], [-0.168612081924965, 50.8923683218769], [-0.168126160025174, 50.880748243002], [-0.135010046704454, 50.8866345160191]]]}}, {"id": "41", "type": "Feature", "properties": {"LAD22CD": "E06000044", "LAD22NM": "Portsmouth"}, "geometry": {"type": "MultiPolygon", "coordinates": [[[[-1.0926096752797, 50.8151105716638], [-1.10147485536478, 50.8135922866808], [-1.09649634846136, 50.8206385278056], [-1.0926096752797, 50.8151105716638]]], [[[-1.04423118218365, 50.8316944135723], [-1.0442455495371, 50.7956367048616], [-1.04424761456082, 50.7905149219629], [-1.03383543370569, 50.7955512508125], [-1.03143440541691, 50.7967123607147], [-1.03102001282028, 50.7955279475809], [-1.0288625506635, 50.7893604964335], [-1.0885941422214, 50.7777142207812], [-1.09533861787975, 50.7817123887516], [-1.1089236745791, 50.7904384626669], [-1.10982548345459, 50.7961558610148], [-1.11152102865734, 50.8069018592372], [-1.0911786242944, 50.8090688095554], [-1.09471376135908, 50.8117998392594], [-1.09063230593382, 50.8164971129527], [-1.09402758438586, 50.8230075996193], [-1.10022301474976, 50.8266865561611], [-1.08446852615611, 50.8248197648991], [-1.07581268676816, 50.8370070793816], [-1.04423118218365, 50.8316944135723]]], [[[-1.15692892882084, 50.8383042217689], [-1.15694254424843, 50.8375258327995], [-1.16129407235497, 50.8381129132087], [-1.15692892882084, 50.8383042217689]]], [[[-1.154329577075, 50.8448950701958], [-1.17118516081388, 50.8399766049358], [-1.17122130265726, 50.8408318125226], [-1.154329577075, 50.8448950701958]]], [[[-1.154329577075, 50.8448950701958], [-1.11843753858855, 50.837245972663], [-1.11890952857625, 50.8355015685796], [-1.14916592768439, 50.8435265668478], [-1.154329577075, 50.8448950701958]]], [[[-1.02263575697472, 50.8521010331396], [-1.02395202124522, 50.8315859393973], [-1.02497406356872, 50.8264419461938], [-1.03631095415884, 50.8354257480258], [-1.07800676573634, 50.8373184633923], [-1.0886515334146, 50.8284534902681], [-1.10630712763256, 50.8378939313526], [-1.1027076678488, 50.8460781413301], [-1.11398967231702, 50.8435174954535], [-1.11584760238594, 50.8582717235923], [-1.05407488835946, 50.8565376061826], [-1.02263575697472, 50.8521010331396]]]]}}, {"id": "42", "type": "Feature", "properties": {"LAD22CD": "E06000045", "LAD22NM": "Southampton"}, "geometry": {"type": "Polygon", "coordinates": [[[-1.37989189534768, 50.9475180703815], [-1.35468995194608, 50.9410218344503], [-1.35793338490146, 50.9307313459938], [-1.33335691001506, 50.9198827716172], [-1.32197756217243, 50.9009534990777], [-1.36287630856461, 50.8787499624324], [-1.36512907204106, 50.880026976555], [-1.38431679018768, 50.8915521150912], [-1.38487443276622, 50.9039957745277], [-1.37170356962312, 50.9121302827779], [-1.37627533653745, 50.9106890589734], [-1.38796442062754, 50.9069045636745], [-1.39325416408114, 50.8830286926333], [-1.39902102115988, 50.8945676665148], [-1.43246292376788, 50.9073296193906], [-1.44261242259214, 50.9111996252493], [-1.44705578373211, 50.9037918222916], [-1.46512306441935, 50.9103437479272], [-1.47451382628847, 50.924285758902], [-1.4770603549891, 50.9286687961772], [-1.44954581112644, 50.9499113532644], [-1.42366272212772, 50.9472334974688], [-1.40613979538219, 50.9561274536544], [-1.37989189534768, 50.9475180703815]]]}}, {"id": "43", "type": "Feature", "properties": {"LAD22CD": "E06000046", "LAD22NM": "Isle of Wight"}, "geometry": {"type": "Polygon", "coordinates": [[[-1.31222514625882, 50.7671533735896], [-1.29609714853291, 50.7617764271214], [-1.29489503047226, 50.7619811976485], [-1.28295875523301, 50.7300328629304], [-1.29138282951802, 50.7625793861034], [-1.27459016885121, 50.7654377413372], [-1.24778603600004, 50.7518652849714], [-1.24252178054301, 50.7385374254166], [-1.23491441338319, 50.7432761060437], [-1.22788037523981, 50.7415184533709], [-1.21642988277835, 50.7351993484034], [-1.21665461703654, 50.7349419204396], [-1.21592887158006, 50.7349227947867], [-1.21453483766021, 50.73415327071], [-1.20866995844008, 50.7347312510965], [-1.15457965044967, 50.7332899451159], [-1.1511820185163, 50.7323587869949], [-1.10870001252852, 50.7207032924856], [-1.096090623818, 50.6943892812701], [-1.10288960453021, 50.6998787479586], [-1.10829185102894, 50.6935034069139], [-1.08597394170129, 50.6943265747987], [-1.07037691303565, 50.687581358843], [-1.0702356754457, 50.6875007160174], [-1.09854495096676, 50.6649692489754], [-1.13172351876458, 50.6623279103933], [-1.1526153945459, 50.6529067509759], [-1.16036019623443, 50.6494123615296], [-1.17602804388635, 50.6167840248791], [-1.18539974651291, 50.5972447475013], [-1.30125092563529, 50.575574244273], [-1.34510194345534, 50.6010229136083], [-1.37388252468608, 50.6180148220329], [-1.38897028308281, 50.6269150125586], [-1.43568272412706, 50.6402814209388], [-1.44808171948387, 50.6438248935601], [-1.4844124540677, 50.6667609381064], [-1.58654257502514, 50.6631252727173], [-1.54822423813342, 50.6782809188958], [-1.52212656233147, 50.7070221434026], [-1.52041568910205, 50.7071249812537], [-1.50156827688998, 50.7068070240839], [-1.50967039709627, 50.7058149557404], [-1.4998352834462, 50.6979536873634], [-1.4965850924012, 50.700934740767], [-1.50393007609483, 50.7056534368672], [-1.46946387054805, 50.7095556409253], [-1.43468656889706, 50.7232739592716], [-1.42806709472966, 50.7258829257148], [-1.41701274761929, 50.7252363145664], [-1.41175296320724, 50.7243760076826], [-1.42201026864972, 50.7246156133692], [-1.41298551253039, 50.7186244562354], [-1.41423674916251, 50.7153033349818], [-1.41305623728034, 50.703532162239], [-1.41190284892874, 50.7144768058125], [-1.39774295879168, 50.7104480311391], [-1.40811946505584, 50.7190812657385], [-1.38482203025885, 50.722476366537], [-1.40356772054242, 50.7265572375459], [-1.39528491610402, 50.7288174512406], [-1.35329639919519, 50.7390898064935], [-1.31222514625882, 50.7671533735896]]]}}, {"id": "44", "type": "Feature", "properties": {"LAD22CD": "E06000047", "LAD22NM": "County Durham"}, "geometry": {"type": "Polygon", "coordinates": [[[-1.55941079225447, 54.8820371188128], [-1.56180965217131, 54.8757167569592], [-1.531781773186, 54.8781883872433], [-1.50667012936049, 54.8711408351331], [-1.50427968057368, 54.8312298106981], [-1.48185556201966, 54.8096514145345], [-1.49072646804405, 54.7993041361112], [-1.42254772949499, 54.8031731312525], [-1.41295475126421, 54.8236547090542], [-1.42153633763303, 54.8394761549227], [-1.347331833649, 54.8604171523219], [-1.32085204613017, 54.8375768941643], [-1.32937635351434, 54.8381012341429], [-1.30204383445095, 54.7684733519362], [-1.28092724463302, 54.7528262898077], [-1.24118485027801, 54.7233353052301], [-1.25186499193155, 54.7196229898455], [-1.2702517668578, 54.727168687781], [-1.30552089363155, 54.7175215633233], [-1.30132668031215, 54.7081010499937], [-1.31932937291836, 54.6913568469572], [-1.34452598374791, 54.6911209127219], [-1.33094576833901, 54.6821336618463], [-1.34785151195242, 54.6624209272144], [-1.34125422761501, 54.6502118986462], [-1.38089831632363, 54.6439170683557], [-1.41282280630222, 54.6165916896935], [-1.45091359036408, 54.6105135015794], [-1.43835548898022, 54.5950796119261], [-1.45170547077754, 54.5908279807612], [-1.4686882777349, 54.6005589269619], [-1.5267640482967, 54.5964541221721], [-1.55864448318351, 54.5921168483847], [-1.55282400409124, 54.5823421868969], [-1.57626627480123, 54.5801984886256], [-1.59340930184247, 54.5950771640614], [-1.58419280946254, 54.6104860465821], [-1.60621813900068, 54.6034402424268], [-1.60676411917432, 54.6175403660373], [-1.68242215879617, 54.6177711334526], [-1.67931169574512, 54.5859733295815], [-1.69402783337592, 54.586893850473], [-1.70898440615518, 54.5741416873651], [-1.70928210885412, 54.5631794622174], [-1.69120671271364, 54.5562446290065], [-1.70527424961459, 54.5491719567045], [-1.69692636355207, 54.5360064297071], [-1.7213108898176, 54.5423017252838], [-1.73309136190533, 54.5277364132303], [-1.77969652861129, 54.5318729948094], [-1.77613231485782, 54.5067285050585], [-1.79297648414091, 54.4844924296004], [-1.83943329269054, 54.5084372364891], [-1.85780051144888, 54.5035397952873], [-1.85912998438283, 54.4818579033168], [-1.94254323627035, 54.4533953549934], [-1.97005959181258, 54.4515215419127], [-1.99676437249469, 54.4669034492372], [-2.04472952149334, 54.4751862741994], [-2.04319843418637, 54.4835994484301], [-2.11659617374357, 54.4622634788675], [-2.17021302340634, 54.4581987855746], [-2.15899719522345, 54.4720296362657], [-2.17239803091537, 54.5324441161867], [-2.19753056810017, 54.5327039659281], [-2.20948818801938, 54.5517133732167], [-2.30451453732035, 54.5961978460776], [-2.32493776754246, 54.6316502370591], [-2.28797868797798, 54.6504801041079], [-2.29287495116333, 54.6638852920078], [-2.32728766378882, 54.6707277195715], [-2.35176911416252, 54.6859308509191], [-2.35574349125271, 54.6976521794555], [-2.32574674351607, 54.7266292305767], [-2.31208952139602, 54.791015046825], [-2.28267781083991, 54.7982520767098], [-2.21890675191817, 54.7823773837281], [-2.19860065839177, 54.8067362782731], [-2.16947003967283, 54.8036099742436], [-2.13978896462199, 54.8418707207387], [-2.08257516389669, 54.8381692439752], [-2.03965649607647, 54.8482405366482], [-2.00096698452765, 54.8696677128467], [-1.98023634067633, 54.8681834576866], [-1.94930606160323, 54.852978946275], [-1.93261549256872, 54.8541608364077], [-1.91361010090463, 54.8340099084222], [-1.91367076069486, 54.8396736921875], [-1.87010387418602, 54.8508656853951], [-1.85443666752614, 54.8911845472788], [-1.82064075368048, 54.9057781862755], [-1.79492647061852, 54.9035467792898], [-1.78166825321071, 54.9115449903063], [-1.7687448779223, 54.9067261188574], [-1.73620435852969, 54.9185809665409], [-1.72490759208956, 54.9088004446038], [-1.69863268713228, 54.9090535661242], [-1.69168984097383, 54.9025976041606], [-1.6747777845835, 54.9095601452187], [-1.67557639645876, 54.8980968546757], [-1.64931878603612, 54.8929873124636], [-1.65055954794471, 54.8793235541439], [-1.5941643487215, 54.9020186477846], [-1.57990946563576, 54.8777701487896], [-1.55941079225447, 54.8820371188128]]]}}, {"id": "45", "type": "Feature", "properties": {"LAD22CD": "E06000049", "LAD22NM": "Cheshire East"}, "geometry": {"type": "Polygon", "coordinates": [[[-2.31399816114173, 53.3574246421479], [-2.29693022964698, 53.3485838120438], [-2.30135901104771, 53.340120620359], [-2.25644728585402, 53.3606768412766], [-2.24079008412411, 53.3595742669914], [-2.18544088377377, 53.3526597696074], [-2.18097727745663, 53.3440438011382], [-2.19416286501527, 53.3386504410584], [-2.16064754726659, 53.327314696506], [-2.14409931007101, 53.3428710074742], [-2.15119059702052, 53.3481331353572], [-2.13902531020559, 53.3673170116013], [-2.1231957229973, 53.3619466331234], [-2.09517932332602, 53.3660806992136], [-2.06807780774501, 53.3573936378322], [-2.04056362489501, 53.3740877663963], [-2.031058463243, 53.3702623861094], [-2.00678505242821, 53.3545721125535], [-2.00948185124709, 53.2606524549883], [-1.97485875420975, 53.2310610534684], [-1.99026453573037, 53.2229988991032], [-1.98740775867029, 53.2135858487146], [-2.00020198978735, 53.1937374977999], [-2.04652710695863, 53.19264765637], [-2.07023261967513, 53.1716862930231], [-2.11207676340303, 53.168659809964], [-2.14043876356931, 53.1838127686142], [-2.14141084525282, 53.1566523921091], [-2.15564486007666, 53.1596189582844], [-2.2113149262639, 53.1158244641231], [-2.24740691731874, 53.0898498474901], [-2.25324849091567, 53.0939769935289], [-2.29337580822828, 53.0783263881931], [-2.31805098763611, 53.0813587571192], [-2.34758567134112, 53.05617029333], [-2.38124882129727, 53.0525513186491], [-2.38422739108102, 53.0261675781643], [-2.37046780521562, 53.0145758528387], [-2.38304468514478, 53.0077867863604], [-2.38079367936827, 52.9984110622549], [-2.43676051035908, 52.9862560835512], [-2.43461402318991, 52.9695213474101], [-2.48115277114678, 52.9588178873791], [-2.52142791357081, 52.9742651281178], [-2.52951582206291, 52.9471648775005], [-2.56126288258472, 52.9649521051142], [-2.58641372797688, 52.9553790887172], [-2.59769347128031, 52.9630059899653], [-2.59488906784906, 52.979607147503], [-2.63265093996284, 52.9966707872024], [-2.67466228547344, 52.9856628103872], [-2.69929243706707, 52.9954387986715], [-2.66881731014789, 53.038653936523], [-2.70241055647356, 53.054321250716], [-2.71826281201215, 53.0442140957596], [-2.7529286634929, 53.0692262393893], [-2.73173861065917, 53.0918089842094], [-2.71136358397739, 53.0936424027863], [-2.70605412094603, 53.1185091315368], [-2.67114512359379, 53.1158700125604], [-2.65973028828682, 53.1307164169775], [-2.64126344182425, 53.128421104265], [-2.62528366529453, 53.1508474690926], [-2.59208979731994, 53.1445047763271], [-2.59650472428264, 53.1588720697338], [-2.58358096941245, 53.1554979028643], [-2.57240251940964, 53.1634722243599], [-2.54292435422605, 53.1497721745099], [-2.49974071074995, 53.1641519597481], [-2.46886728049918, 53.1527366906675], [-2.44375960478923, 53.1598832401732], [-2.44347744623549, 53.170838203302], [-2.45737416426073, 53.1766939328178], [-2.45655683567035, 53.2026129583739], [-2.4306634553297, 53.1979652850791], [-2.40636653381983, 53.1740874564619], [-2.3921096750195, 53.179915218434], [-2.37831956492192, 53.1720129140127], [-2.36873096419617, 53.1829330623453], [-2.37255434004135, 53.1955828990789], [-2.41016086415475, 53.2056963595254], [-2.41418179859763, 53.2192997654368], [-2.40117228412505, 53.2217587591391], [-2.39628927821287, 53.2343623560282], [-2.36379985115036, 53.2235708441722], [-2.34902605257337, 53.2490120980699], [-2.36415236004256, 53.2485010688601], [-2.394115156195, 53.2667543082205], [-2.41445485676336, 53.2683194002073], [-2.42745862054919, 53.2611731355367], [-2.45317072412463, 53.2845507578268], [-2.49800605204794, 53.289908956227], [-2.51227740970325, 53.3213457772606], [-2.49396788490726, 53.3432985736825], [-2.51839296054763, 53.3423902754329], [-2.52104960816655, 53.3479004826802], [-2.48687843882333, 53.3679038004418], [-2.43987999487119, 53.3666626456098], [-2.42658992510444, 53.3874615169358], [-2.37578362444177, 53.3653511834138], [-2.33987489434102, 53.367377992043], [-2.31399816114173, 53.3574246421479]]]}}, {"id": "46", "type": "Feature", "properties": {"LAD22CD": "E06000050", "LAD22NM": "Cheshire West and Chester"}, "geometry": {"type": "Polygon", "coordinates": [[[-2.69929243706707, 52.9954387986715], [-2.7268406065337, 52.9832729462979], [-2.7599401790776, 52.9864196664707], [-2.76827535224616, 52.9948605041922], [-2.80331096843627, 52.9895941853701], [-2.83599558996295, 52.997150146825], [-2.84406201373811, 53.0176683670735], [-2.86104429459502, 53.0228486549975], [-2.85571506741516, 53.0372559042528], [-2.87011791101549, 53.0453605932239], [-2.85924038438122, 53.0542555278963], [-2.87255483685911, 53.0586155397174], [-2.86147506310468, 53.0606604001837], [-2.88164358493242, 53.0743920840043], [-2.87572225442175, 53.0815220285336], [-2.90207396485117, 53.0920394250028], [-2.88109940909981, 53.1216037184015], [-2.91023233565262, 53.1126389642335], [-2.96381312518341, 53.1327575250671], [-2.97949802680966, 53.1506216460487], [-2.9950883100933, 53.1541959619647], [-2.92784027300696, 53.1714108576278], [-2.92229929317117, 53.1892926717249], [-2.9983782407184, 53.2358586442706], [-3.0360241317657, 53.2518049835481], [-3.08601484756326, 53.2567989847436], [-3.08607619005066, 53.2568297615746], [-3.10739770594214, 53.2717650996898], [-3.10724540426193, 53.2719735561058], [-3.08881215107436, 53.2680004029238], [-3.08554879096477, 53.2722540673011], [-3.11006071297982, 53.2767946142457], [-3.07754938947303, 53.2795778639008], [-3.10810266511703, 53.2783387951589], [-3.10290442052463, 53.2804784266434], [-3.09863297109461, 53.2799274653319], [-3.08920538430642, 53.2861150877401], [-3.10226063606944, 53.2807433819657], [-3.10744932529457, 53.2819101545828], [-3.09698129328709, 53.2893482024404], [-3.10961297000744, 53.2825799527116], [-3.1202681364413, 53.2885766359252], [-3.10520696776839, 53.2916362898152], [-3.12300428172316, 53.2893039519754], [-3.11387067598427, 53.2943716327275], [-3.09631673017228, 53.2939504452581], [-3.1090482669874, 53.2970466359508], [-3.07416551138978, 53.3163809033363], [-3.02613955180197, 53.297748658583], [-2.99273779101907, 53.3071087583506], [-2.96803333271532, 53.3012551099336], [-2.9395513248261, 53.3104155952951], [-2.9316025858093, 53.3060687965256], [-2.92881575254567, 53.3083641601885], [-2.92863596687009, 53.3082020886499], [-2.90165051426276, 53.2954158290798], [-2.88947025232767, 53.2896400248015], [-2.90053434197305, 53.2970099236817], [-2.85556828280237, 53.2920219578222], [-2.85728106183669, 53.2869075049881], [-2.83960110742911, 53.2987369258447], [-2.84638345444798, 53.3069444911666], [-2.81595600396396, 53.3061631569299], [-2.788795747642, 53.2954088521151], [-2.75278930962497, 53.314569610108], [-2.75248610815786, 53.3147308394634], [-2.73929214925888, 53.306870369551], [-2.72352532885742, 53.313139616089], [-2.70079881188986, 53.3058055466183], [-2.68515177103575, 53.3154514620959], [-2.64155693821446, 53.3050347970597], [-2.64506142803031, 53.3101350721447], [-2.62412274757937, 53.3093981931032], [-2.61993479574381, 53.3203209116316], [-2.60908651552069, 53.3120712133787], [-2.59522305170231, 53.3224543711675], [-2.58628365884663, 53.3293945885969], [-2.56187507812781, 53.3233428508857], [-2.51839296054763, 53.3423902754329], [-2.49396788490726, 53.3432985736825], [-2.51227740970325, 53.3213457772606], [-2.49800605204794, 53.289908956227], [-2.45317072412463, 53.2845507578268], [-2.42745862054919, 53.2611731355367], [-2.41445485676336, 53.2683194002073], [-2.394115156195, 53.2667543082205], [-2.36415236004256, 53.2485010688601], [-2.34902605257337, 53.2490120980699], [-2.36379985115036, 53.2235708441722], [-2.39628927821287, 53.2343623560282], [-2.40117228412505, 53.2217587591391], [-2.41418179859763, 53.2192997654368], [-2.41016086415475, 53.2056963595254], [-2.37255434004135, 53.1955828990789], [-2.36873096419617, 53.1829330623453], [-2.37831956492192, 53.1720129140127], [-2.3921096750195, 53.179915218434], [-2.40636653381983, 53.1740874564619], [-2.4306634553297, 53.1979652850791], [-2.45655683567035, 53.2026129583739], [-2.45737416426073, 53.1766939328178], [-2.44347744623549, 53.170838203302], [-2.44375960478923, 53.1598832401732], [-2.46886728049918, 53.1527366906675], [-2.49974071074995, 53.1641519597481], [-2.54292435422605, 53.1497721745099], [-2.57240251940964, 53.1634722243599], [-2.58358096941245, 53.1554979028643], [-2.59650472428264, 53.1588720697338], [-2.59208979731994, 53.1445047763271], [-2.62528366529453, 53.1508474690926], [-2.64126344182425, 53.128421104265], [-2.65973028828682, 53.1307164169775], [-2.67114512359379, 53.1158700125604], [-2.70605412094603, 53.1185091315368], [-2.71136358397739, 53.0936424027863], [-2.73173861065917, 53.0918089842094], [-2.7529286634929, 53.0692262393893], [-2.71826281201215, 53.0442140957596], [-2.70241055647356, 53.054321250716], [-2.66881731014789, 53.038653936523], [-2.69929243706707, 52.9954387986715]]]}}, {"id": "47", "type": "Feature", "properties": {"LAD22CD": "E06000051", "LAD22NM": "Shropshire"}, "geometry": {"type": "Polygon", "coordinates": [[[-2.37893788163928, 52.8917205240456], [-2.39375624971319, 52.8366200385749], [-2.41634660240013, 52.8270059910047], [-2.47289499273347, 52.8208034197707], [-2.45625527532494, 52.7841864530811], [-2.47280977449132, 52.7804223278005], [-2.48970354173006, 52.7829732899282], [-2.47712088994151, 52.7993785524561], [-2.48650658342808, 52.8052457111754], [-2.50302787014664, 52.7966042669454], [-2.5219890237145, 52.7989513218527], [-2.53751454460714, 52.7851089648203], [-2.53380989885022, 52.7941188252219], [-2.55183543570501, 52.8025350827926], [-2.58278551595992, 52.8056251581841], [-2.59800685838951, 52.7979685830807], [-2.59224445077165, 52.7768495572435], [-2.62100320767185, 52.7765219605895], [-2.63233128566817, 52.7595905538297], [-2.64312849256875, 52.7670846596779], [-2.66341537473471, 52.7604411712564], [-2.66023986584404, 52.731624688758], [-2.59741996828975, 52.7182511698821], [-2.62254969542173, 52.6990321685353], [-2.55564737354675, 52.6710981077424], [-2.54845742726727, 52.6547126133052], [-2.50177354912493, 52.6290188142103], [-2.43811069608761, 52.6145585603198], [-2.43663474871759, 52.6270940478354], [-2.41829505360872, 52.6337749410688], [-2.41902901166181, 52.6628920164182], [-2.37654762449238, 52.7395970625078], [-2.35792862635308, 52.7312125484689], [-2.3155761976627, 52.7329474158237], [-2.30860350792447, 52.7207461373701], [-2.3248336041539, 52.7053358311102], [-2.3199078211235, 52.6953977627732], [-2.30304049939528, 52.6829527800275], [-2.24772940707176, 52.6830743924378], [-2.23871532272218, 52.6637013164014], [-2.24768735730075, 52.6566601357049], [-2.23470907735918, 52.6558541575355], [-2.23289449572097, 52.6476942062433], [-2.25617061500712, 52.6097982928444], [-2.28158430525676, 52.6058738514889], [-2.32379942705026, 52.6129531057319], [-2.32202449570949, 52.5936360480848], [-2.30029269773898, 52.5930271010792], [-2.26193773864192, 52.5690598023103], [-2.28247661716922, 52.5533960748376], [-2.25640506809536, 52.5417964785155], [-2.2692153554449, 52.5306887975025], [-2.26094318513366, 52.5241024164049], [-2.29139000182827, 52.511679924962], [-2.3127491667011, 52.4892088291572], [-2.28738237113973, 52.4553169285039], [-2.31175006207078, 52.4375311774161], [-2.36352792484789, 52.4394258309826], [-2.37294564977794, 52.4019641101138], [-2.33553274094094, 52.385347443411], [-2.36735191957292, 52.3880630032731], [-2.39067324035235, 52.381527855865], [-2.41047383637194, 52.3871532921095], [-2.41492339318484, 52.3682547125976], [-2.4747702332673, 52.3671455210521], [-2.48832715242412, 52.3553975393889], [-2.48179590843371, 52.3310777473859], [-2.51320477489778, 52.3292139122079], [-2.51212945833582, 52.3371102595184], [-2.53914994730822, 52.3441390883156], [-2.56221899576703, 52.3331082832588], [-2.56264435828822, 52.3111365754448], [-2.57485259380717, 52.3175760228212], [-2.61803476082432, 52.3069569825661], [-2.6239344865987, 52.3213941367398], [-2.66606616454924, 52.3423011032391], [-2.68912776448561, 52.3166054827206], [-2.67981117516044, 52.312023092938], [-2.71424980497088, 52.3088778910858], [-2.76698682979255, 52.3361126175067], [-2.74837976314791, 52.3349023999633], [-2.73276668080261, 52.3555324881577], [-2.79242010801848, 52.3568636039561], [-2.79250462990759, 52.375283534138], [-2.80732909741049, 52.3759114490775], [-2.80543256064045, 52.3882520709597], [-2.81822288080805, 52.3912299529276], [-2.85501758555997, 52.3954853452774], [-2.88845681203454, 52.385154203445], [-2.89313510339412, 52.3740884938803], [-2.9176851490735, 52.3862884794478], [-2.92231079516907, 52.3751473465218], [-2.90080513581716, 52.3672702614202], [-2.9261433373763, 52.366995255805], [-2.93888929692198, 52.3610579830377], [-2.93314924449305, 52.3500521344638], [-2.95465135625057, 52.3491547628498], [-2.97450325778266, 52.3547007719923], [-3.04017440612675, 52.344326449559], [-3.06066441920979, 52.3482395297035], [-3.11060650812059, 52.3771928586202], [-3.15444662965246, 52.3877151721652], [-3.17883654916668, 52.4093973297151], [-3.21954450562745, 52.4212529854221], [-3.23554057257533, 52.4424981912371], [-3.19724017301225, 52.4759894045068], [-3.18021448078352, 52.4739344858705], [-3.11101713479608, 52.498934828381], [-3.02920219998827, 52.501268025898], [-3.03237893922629, 52.5237313433299], [-3.00387364775971, 52.5198330371476], [-2.99416397610144, 52.5529108742502], [-3.014230447679, 52.5754965437771], [-3.08727582526502, 52.5513315082532], [-3.08541228712571, 52.5345027028164], [-3.13306437911758, 52.52747060997], [-3.1370447146752, 52.5340448107619], [-3.11149542440582, 52.5413637648399], [-3.13950076571608, 52.5857198080728], [-3.11741414899447, 52.5857631475343], [-3.08952759451987, 52.5995254533176], [-3.09362257365342, 52.6093390876565], [-3.07318689672821, 52.6289626623494], [-3.05980035397977, 52.6307207237308], [-3.08356627752097, 52.6412925202018], [-3.05111627042196, 52.6473659746889], [-3.03858027691564, 52.675373166834], [-3.04704782420661, 52.6912658409262], [-3.0224859512498, 52.7066679421564], [-3.02035717507642, 52.7251022420807], [-3.00055465557069, 52.720275310728], [-2.97759195389928, 52.7265916760122], [-2.97810302517224, 52.7153573258909], [-2.96107942399414, 52.7164656946471], [-2.96506569361931, 52.7322680648372], [-2.99131975668694, 52.7338180016925], [-2.99199278312435, 52.7437560385489], [-3.02180979863464, 52.7519407818244], [-3.01079020648197, 52.7585636991177], [-3.01719942628447, 52.7676641820712], [-3.0350943269041, 52.7640087027883], [-3.0389768046804, 52.7704007776031], [-3.05257974034024, 52.7686895431283], [-3.04778942053427, 52.7726426112146], [-3.07951607132088, 52.7715139126723], [-3.09168246698264, 52.7866629795941], [-3.08663218442715, 52.795593156752], [-3.11828683786622, 52.7835824209746], [-3.16085535746191, 52.795745086062], [-3.15319003437988, 52.8063686258345], [-3.16820515656899, 52.807328443007], [-3.16788753046969, 52.8192666796899], [-3.15126038171278, 52.8425648882919], [-3.16301475130881, 52.8474909452542], [-3.12771287514737, 52.8671030328106], [-3.15241672487316, 52.8787478871554], [-3.13552413220342, 52.8850136669707], [-3.14750489064855, 52.8901751791029], [-3.11416217688046, 52.8939782165098], [-3.09595322236249, 52.9302818603715], [-3.07651316772971, 52.9254793440269], [-3.03507944191704, 52.9294813957865], [-3.00964949707879, 52.9561994732342], [-2.98202234589558, 52.9591982546682], [-2.97502999812956, 52.9689845241295], [-2.9598133204483, 52.9511695556905], [-2.9288886576968, 52.9386788302752], [-2.88743132915924, 52.9525298908831], [-2.88353939739913, 52.9466392170532], [-2.84101496067848, 52.9426237150063], [-2.79884789455756, 52.8957587642381], [-2.75532645758129, 52.9246280372655], [-2.72843937384749, 52.9253018633927], [-2.72417751071701, 52.9571216556058], [-2.73529356518204, 52.9699461900541], [-2.7268406065337, 52.9832729462979], [-2.69929243706707, 52.9954387986715], [-2.67466228547344, 52.9856628103872], [-2.63265093996284, 52.9966707872024], [-2.59488906784906, 52.979607147503], [-2.59769347128031, 52.9630059899653], [-2.58641372797688, 52.9553790887172], [-2.56126288258472, 52.9649521051142], [-2.52951582206291, 52.9471648775005], [-2.52142791357081, 52.9742651281178], [-2.48115277114678, 52.9588178873791], [-2.43461402318991, 52.9695213474101], [-2.43676051035908, 52.9862560835512], [-2.38079367936827, 52.9984110622549], [-2.36873055737941, 52.9793594897758], [-2.37971828550886, 52.9760652635183], [-2.38620832086667, 52.9532172782145], [-2.41289866473101, 52.9617402681845], [-2.40560245084248, 52.9472941546176], [-2.42526929753461, 52.9499985200323], [-2.43712308232414, 52.9435990148052], [-2.47084125003617, 52.9058690823754], [-2.44614159360973, 52.8740080691121], [-2.44041158371091, 52.8812273008096], [-2.37893788163928, 52.8917205240456]]]}}, {"id": "48", "type": "Feature", "properties": {"LAD22CD": "E06000052", "LAD22NM": "Cornwall"}, "geometry": {"type": "Polygon", "coordinates": [[[-5.02706908428298, 50.2155203520823], [-5.02410564064617, 50.2225031969398], [-5.00599656401254, 50.2276059333074], [-5.01444286895112, 50.227093302103], [-5.0215558274724, 50.2446925695369], [-5.01677046190736, 50.2263475732219], [-5.02923365316934, 50.2228376603778], [-5.0293210943765, 50.21575858491], [-5.03131570973379, 50.2106715918257], [-5.03897711050394, 50.2126638007653], [-5.04307926557348, 50.2042995913432], [-5.04807629797126, 50.2090255080206], [-5.04392239662628, 50.2033098935208], [-5.05897012060523, 50.1932436138126], [-5.06343224726339, 50.1961859811155], [-5.05435220385665, 50.1803276641443], [-5.077300177426, 50.1842208734536], [-5.05118952052524, 50.1771325257191], [-5.04770530779035, 50.1716076644456], [-5.05287885627186, 50.1635493409132], [-5.05446725620211, 50.1623885449363], [-5.07164346085944, 50.1650352241728], [-5.07751083465274, 50.1668142612559], [-5.07661287094508, 50.1658003808531], [-5.08197845044786, 50.1666262693682], [-5.10225182912795, 50.1697443124531], [-5.08155507610197, 50.1600506225993], [-5.0635196605772, 50.1515970979903], [-5.0505550782905, 50.1554360922242], [-5.04924196831555, 50.1557403917356], [-5.04199140274995, 50.1439516621474], [-5.0445456608702, 50.1447347088455], [-5.05506064042702, 50.1482851873315], [-5.07653089329431, 50.1404780187972], [-5.07308595037723, 50.1341980025583], [-5.07972538859807, 50.1315797424893], [-5.09369318239742, 50.1260693992697], [-5.08176872321673, 50.1093947674485], [-5.09481231645603, 50.1022796191218], [-5.12193269272264, 50.0999769800691], [-5.13471163953856, 50.1001035252552], [-5.13752913570795, 50.1029909251997], [-5.13033910379376, 50.1101941915778], [-5.13790875184084, 50.1117242886458], [-5.14046160587167, 50.1059956967413], [-5.14063128243512, 50.1061695430914], [-5.14530227909471, 50.0986938435855], [-5.16050680007522, 50.0970213700289], [-5.16357257276533, 50.1003959936568], [-5.16490019912657, 50.112600493957], [-5.16913174459194, 50.0997832468133], [-5.16356612308148, 50.0964301370123], [-5.16345810933324, 50.0958893306906], [-5.162765917933, 50.0959479779391], [-5.15951871675409, 50.0939912375044], [-5.17231445902217, 50.0909900921331], [-5.15439992203611, 50.0927344176399], [-5.14763815752199, 50.0853430268418], [-5.1505928217692, 50.0931047347911], [-5.13885547725976, 50.0942455471458], [-5.13573329458321, 50.0913745707891], [-5.10655204560986, 50.0941856356415], [-5.10169244850692, 50.092940538929], [-5.09484912667897, 50.0891444394263], [-5.09694254131359, 50.0871967292737], [-5.11790259288018, 50.0822811590205], [-5.0767712743002, 50.0855205567469], [-5.07599929093324, 50.085581215531], [-5.07659664036765, 50.0827927123526], [-5.07959444544096, 50.0687933872985], [-5.07567543994389, 50.0684074540716], [-5.06773438937121, 50.0676250131653], [-5.057817176001, 50.0527793839277], [-5.06605209702107, 50.0395820123756], [-5.0688420544995, 50.0351091279245], [-5.07345412867179, 50.0336678601475], [-5.09680343681117, 50.0263671231481], [-5.09116078321612, 50.0157128520763], [-5.1013098316807, 50.0042476124602], [-5.12258712760523, 50.0092388557617], [-5.16662818005827, 50.0037724353338], [-5.18876739779647, 49.9738766751082], [-5.18586954877603, 49.9629833450384], [-5.21015559335114, 49.9601940520863], [-5.2191119335186, 49.9700230661411], [-5.2195468820196, 49.9714454705861], [-5.23284410802402, 49.9735570480725], [-5.24567499706478, 49.9761710197419], [-5.24399064782674, 49.9840999525218], [-5.24518891506618, 49.9851047589942], [-5.24510002231542, 49.9854016653124], [-5.25768294203139, 49.9955783071185], [-5.26839864588234, 50.0045562968251], [-5.26702033414206, 50.0067101915193], [-5.25593314512732, 50.0216170405742], [-5.25657946187485, 50.023019693311], [-5.2564695537537, 50.0231913160924], [-5.25675512742537, 50.0234009108197], [-5.26175226153283, 50.0342425980951], [-5.26177388949383, 50.0342895095962], [-5.28004728510995, 50.0418597875069], [-5.2794218854401, 50.0563726701649], [-5.31630488856993, 50.0852227595994], [-5.33911567039403, 50.0919718529652], [-5.34355020818049, 50.0914238692977], [-5.34630676644422, 50.0921595596032], [-5.36251403554228, 50.0890784282439], [-5.36318976286291, 50.0889947931291], [-5.39177770374754, 50.1035008743777], [-5.42935984415677, 50.0969060759206], [-5.4291539233978, 50.1054553707056], [-5.43477811235327, 50.10772756631], [-5.46347832171687, 50.1227315422297], [-5.46707954125662, 50.1207678195423], [-5.48390152718835, 50.1275523118639], [-5.5301080151592, 50.1237122093144], [-5.53103494652719, 50.1142676508431], [-5.54936096412508, 50.1064820271456], [-5.54842719763947, 50.1054382205949], [-5.54883169807437, 50.1052594650509], [-5.53956917941469, 50.0955334994683], [-5.53329185762811, 50.0885113774354], [-5.54217471898191, 50.0705690295204], [-5.57722862898811, 50.0517738290498], [-5.58536213371978, 50.0516364515602], [-5.61914106394694, 50.0512184113169], [-5.63279198350019, 50.0422939156087], [-5.63631385737814, 50.0399906458463], [-5.64843089756447, 50.0438274698948], [-5.65357841638889, 50.0419141894204], [-5.67673300935349, 50.0356531186961], [-5.68087098916732, 50.0367924678234], [-5.69035778173875, 50.0494908478368], [-5.6925770556485, 50.0540141988537], [-5.69462393004747, 50.0544788000666], [-5.71313654994083, 50.0623294892857], [-5.71405816162867, 50.0638852144442], [-5.69166296309696, 50.0879863268629], [-5.68858613803498, 50.0902955028909], [-5.70955879333752, 50.1263015971603], [-5.71011647979321, 50.127422463164], [-5.67305967252751, 50.1662441348497], [-5.642267278536, 50.1672860672961], [-5.62907261461017, 50.167730024881], [-5.62833626351026, 50.1683942799882], [-5.628009207066, 50.168408267037], [-5.60657388860635, 50.1880157743661], [-5.60070724105076, 50.1933019393395], [-5.60005965951229, 50.1930497144551], [-5.59085525409839, 50.1886629928331], [-5.55921554117229, 50.2054281227581], [-5.53878391415607, 50.2162437155935], [-5.53654006103557, 50.2164454160798], [-5.48156018245792, 50.2191558714937], [-5.47730312470505, 50.2189730785985], [-5.47239714507335, 50.2092014472031], [-5.47200533405347, 50.2080701006993], [-5.46916469606142, 50.1998659811745], [-5.4368083441993, 50.1935243262727], [-5.43369843341748, 50.1937291048141], [-5.41347651735217, 50.2098056691727], [-5.39362517988591, 50.2255739789529], [-5.39525333986408, 50.2405157928323], [-5.37810149923982, 50.2440710315047], [-5.36837711660057, 50.2361658373563], [-5.36700157237685, 50.2364218362976], [-5.32480734271536, 50.2442653587504], [-5.30375843529999, 50.2617280296772], [-5.28918518512171, 50.2610457109354], [-5.2813732301954, 50.2706550937354], [-5.25134579865602, 50.2825702368215], [-5.24952329233738, 50.28464952837], [-5.24369581011188, 50.2868723333421], [-5.24211072030151, 50.2931044148813], [-5.23546130826904, 50.3006859770065], [-5.23412094941938, 50.3183509940429], [-5.20061060049716, 50.3201426997916], [-5.18149101875633, 50.3403352373744], [-5.15384624653133, 50.3461371564433], [-5.14648531118574, 50.3752654184915], [-5.15314361766245, 50.3837813985737], [-5.15179812618325, 50.3893016750634], [-5.143585713295, 50.3889046825401], [-5.14542424091583, 50.3972963312292], [-5.14718796088821, 50.4053435551217], [-5.1463842250044, 50.405600595341], [-5.10878317070247, 50.4128575985213], [-5.10243484541206, 50.4131138986882], [-5.09980300471222, 50.425633091651], [-5.09552793902297, 50.4240060383327], [-5.07753458894287, 50.4158423715681], [-5.05477689103968, 50.4257268903811], [-5.04378825275585, 50.4422290622208], [-5.04260514533663, 50.4620623367461], [-5.04205767263877, 50.4642901830206], [-5.03186440119644, 50.4676169054044], [-5.03966620896786, 50.4740195747895], [-5.03602727023607, 50.488817062584], [-5.03604549025655, 50.4888318749421], [-5.03482681494771, 50.4936874479832], [-5.04680707283456, 50.4978267914525], [-5.02404518805437, 50.5087212295615], [-5.02835717116404, 50.5176511762761], [-5.02691140403154, 50.5239783316634], [-5.02263757019703, 50.5265394563529], [-5.03652515550442, 50.5495587050443], [-5.03594328805995, 50.5494855582381], [-4.98386583043079, 50.5422107920838], [-4.97207706892609, 50.557780169903], [-4.94511999886469, 50.5691474433183], [-4.94959409039878, 50.5565619809277], [-4.93511380726353, 50.5489868073973], [-4.93090721010886, 50.5300034785551], [-4.92473037937437, 50.5311756263356], [-4.92637128298768, 50.5452858552605], [-4.93144375727827, 50.5648109113516], [-4.91580041395331, 50.575877822943], [-4.92823437129905, 50.5828770550924], [-4.93537580608854, 50.586895507221], [-4.92144992874132, 50.5932375490039], [-4.91548965442968, 50.5914527169063], [-4.90828934590339, 50.5845070956694], [-4.89890560222235, 50.5836115397235], [-4.88522893865096, 50.5823048628169], [-4.88055307696711, 50.584066867279], [-4.86752465562518, 50.5889747045943], [-4.86998617228391, 50.595370476667], [-4.86988998403666, 50.5953864828609], [-4.83822538965683, 50.5944151024139], [-4.8324389873183, 50.5921356756205], [-4.82712854372422, 50.5930066471929], [-4.79622009594882, 50.5980705493514], [-4.79165946662158, 50.6023720160739], [-4.79058315844047, 50.6026412679383], [-4.78946948519192, 50.6044372155504], [-4.77044152123395, 50.6223718150181], [-4.75871806437452, 50.6528499700768], [-4.76058072014637, 50.653323474494], [-4.7644968758956, 50.6695897491647], [-4.76446329901571, 50.6698212753706], [-4.74329441842283, 50.6763797305196], [-4.74109431612882, 50.6759288073831], [-4.73505131576147, 50.6715033408921], [-4.73306263728457, 50.6742822254007], [-4.72978467353415, 50.6736099973599], [-4.72606190064329, 50.6840619496994], [-4.68024568558363, 50.6959935839061], [-4.68113141008299, 50.7036434089972], [-4.68100501954875, 50.704467363506], [-4.65457628700499, 50.7162665386562], [-4.65387758337848, 50.739837694969], [-4.64870890892736, 50.7401378277178], [-4.64028390932565, 50.7401419472827], [-4.63969021170756, 50.7406609692064], [-4.63452235895129, 50.7409604149496], [-4.63456967706775, 50.7451368575074], [-4.62532626178804, 50.7532139243814], [-4.58550550826297, 50.7708874916878], [-4.56194358672403, 50.7813324251339], [-4.55868322816147, 50.8287617696855], [-4.55732284413912, 50.828896799522], [-4.54667214375138, 50.8299534404391], [-4.5561170737732, 50.8368616439009], [-4.55835139376797, 50.8477069475923], [-4.55986636229716, 50.8550574211508], [-4.55926840281847, 50.8657047211454], [-4.56681594784925, 50.8887418047392], [-4.56991556816818, 50.9037477436435], [-4.56187902707891, 50.9120494841276], [-4.54606650554742, 50.9283736243073], [-4.54597393748231, 50.928800286918], [-4.45610984302975, 50.9289302306595], [-4.46268330272599, 50.9134897827932], [-4.42095916744729, 50.8660861656174], [-4.43365694912457, 50.8655134673625], [-4.44223523468437, 50.8469575349205], [-4.44679067285866, 50.808223723643], [-4.49350241428467, 50.792912370259], [-4.45132992301362, 50.7856541959699], [-4.42394702206902, 50.7645494039465], [-4.40872280864792, 50.7624168901687], [-4.41441712623775, 50.774395582117], [-4.3935058461246, 50.7782481914315], [-4.38106317613385, 50.7705377062247], [-4.38499630913709, 50.7477499030619], [-4.36158610651669, 50.7187672077225], [-4.3693407564535, 50.7023413430557], [-4.34894080349311, 50.6895382574278], [-4.33522641876651, 50.6465408609257], [-4.32559220254156, 50.637726053182], [-4.30032317586029, 50.6338386863339], [-4.31162974247687, 50.5860774690858], [-4.30691506779935, 50.5785850671305], [-4.29132756980882, 50.5838578780695], [-4.28614231744245, 50.5750076040828], [-4.28587010135903, 50.5847305555885], [-4.27114961706166, 50.5822142028992], [-4.27951593682655, 50.5691733356699], [-4.25928500625729, 50.545846766211], [-4.271526014024, 50.5365851977345], [-4.24789096992557, 50.543922189578], [-4.23229543056486, 50.5310174672764], [-4.20730714918843, 50.5335626851357], [-4.20279303109881, 50.5031798283113], [-4.18575017328832, 50.5083572104039], [-4.18070463552914, 50.5037280294746], [-4.1993570856001, 50.4923687643603], [-4.22086898555329, 50.4980727231674], [-4.2180822401953, 50.4759428728942], [-4.23859198555515, 50.463969167011], [-4.22953782387918, 50.4558261393705], [-4.21519962901547, 50.4666857613862], [-4.20078788353147, 50.436396885985], [-4.22228115682423, 50.4262356974357], [-4.23831164789496, 50.4390433583983], [-4.22387210622313, 50.4219831899093], [-4.20991099724708, 50.4254398172418], [-4.21040823359946, 50.4188306443514], [-4.21147201458755, 50.4046792288101], [-4.22673224652854, 50.3935191954563], [-4.22730195729596, 50.3932965579784], [-4.23301521332515, 50.3935564667957], [-4.23082987700828, 50.3905213479371], [-4.23084954839982, 50.3905069552599], [-4.23082426883375, 50.3905135583651], [-4.2307657805096, 50.3904323205729], [-4.20221408312714, 50.3883832433898], [-4.2094682466173, 50.3856664449772], [-4.1947836548681, 50.3718565646645], [-4.20923499262772, 50.3689321894229], [-4.20892604555953, 50.3686934070265], [-4.20918521546659, 50.3686508204386], [-4.20828891719162, 50.3682009658402], [-4.19711586759944, 50.359562953921], [-4.20761609787209, 50.3469069166985], [-4.17268900853623, 50.3585728238927], [-4.17155367403161, 50.3572243383532], [-4.17059381763847, 50.3468133230577], [-4.19958942908005, 50.3334262938336], [-4.2012714929036, 50.3328725050499], [-4.18840249187205, 50.3177313078943], [-4.18946428586093, 50.3175463402187], [-4.21019204828477, 50.3182573930649], [-4.22147587592455, 50.3119646632605], [-4.22319796199603, 50.311664108014], [-4.22361862342103, 50.3127651823976], [-4.21952359652147, 50.3246060286682], [-4.2291698060828, 50.3335041683542], [-4.24990627703412, 50.3408360147108], [-4.30815097061245, 50.3613974939706], [-4.41022406369339, 50.3641474155398], [-4.43658028864627, 50.3610208464476], [-4.45110107143495, 50.3509188830849], [-4.45063459874991, 50.3481886937381], [-4.47268923139113, 50.3332086380988], [-4.4975251869775, 50.3373904803165], [-4.49801879317039, 50.336616014251], [-4.53830354101928, 50.3238441319652], [-4.53895801877531, 50.3237222913372], [-4.578492219299, 50.3325701752242], [-4.59841531946951, 50.323887091438], [-4.60665219748754, 50.3289613259122], [-4.63303983104348, 50.3243616079833], [-4.63850652127732, 50.3298527401319], [-4.63738513028148, 50.3301587552949], [-4.61805251573374, 50.3348673059801], [-4.61900802852687, 50.3351716090697], [-4.60883484075742, 50.3379449624023], [-4.62135983993942, 50.3359205426324], [-4.63108190923905, 50.3390157652738], [-4.64212877742846, 50.3321131146416], [-4.66761504459016, 50.3230787738413], [-4.6725498155824, 50.3138763831305], [-4.68482549730037, 50.3201229768255], [-4.68491866564187, 50.3206846099194], [-4.68242459992516, 50.3380112626441], [-4.68808183190924, 50.3397437567034], [-4.6894612144636, 50.3480497900957], [-4.75561153906562, 50.3313820125461], [-4.75647245112486, 50.3311868688618], [-4.75649522641574, 50.3311590228031], [-4.75684792499123, 50.3310700200857], [-4.76691588624591, 50.3208290505342], [-4.76604933259818, 50.3194745972642], [-4.76613431223596, 50.3193706405379], [-4.75265546956792, 50.2985088177205], [-4.76413446815713, 50.3004206355072], [-4.78124321981332, 50.2901344669442], [-4.7870179658562, 50.2695000004271], [-4.78568369137301, 50.2617567133246], [-4.76698708423713, 50.2566398883176], [-4.78554633144658, 50.2455712742712], [-4.78096229591406, 50.2374804010498], [-4.78402189136762, 50.2361215328347], [-4.79826333204283, 50.2301995998714], [-4.79835162776805, 50.2262605477677], [-4.79850280458658, 50.2195151080508], [-4.80521188588127, 50.2234848272117], [-4.80945051303905, 50.2259922518039], [-4.81892073428986, 50.2315929592603], [-4.86245624775839, 50.2360275718515], [-4.87869624379253, 50.2242966467002], [-4.90317550005225, 50.2065990139796], [-4.91698742480734, 50.1972347252664], [-4.93373777428959, 50.2070934466272], [-4.95590609134957, 50.2029335302299], [-4.97360302186291, 50.1856483326261], [-4.98196994791055, 50.1518060845972], [-5.00960504148784, 50.1392977823864], [-5.00966034179957, 50.1393602853607], [-5.01766327425982, 50.1489671189252], [-5.00940402221639, 50.1500211476952], [-5.00406486264834, 50.150602625618], [-5.00401426272186, 50.1507086378749], [-5.0039557722408, 50.1507160973354], [-4.99573919333681, 50.162237393347], [-5.02370860806065, 50.1573313157653], [-5.01435519472635, 50.1904741799851], [-5.02560420397386, 50.1822191968209], [-5.03483214266902, 50.2039175636408], [-5.02677316208619, 50.2039617944779], [-5.02841026410205, 50.2099159186999], [-5.02848960353537, 50.2099365556182], [-5.02751800154651, 50.2104798401265], [-5.02706908428298, 50.2155203520823]]]}}, {"id": "49", "type": "Feature", "properties": {"LAD22CD": "E06000053", "LAD22NM": "Isles of Scilly"}, "geometry": {"type": "MultiPolygon", "coordinates": [[[[-6.34905063698858, 49.8982198773861], [-6.32842255580921, 49.8924563081537], [-6.32851419772116, 49.8920519719425], [-6.33779744285269, 49.8931292309287], [-6.33833748048622, 49.8934128600728], [-6.34126068734852, 49.8823405171977], [-6.34234643782324, 49.882885460062], [-6.3527673717682, 49.8892260021436], [-6.34905063698858, 49.8982198773861]]], [[[-6.27583724948072, 49.9212271971615], [-6.28782904813455, 49.9100221779833], [-6.30300390583224, 49.9115332337526], [-6.30393769094131, 49.9031962185862], [-6.30608773151811, 49.9054255245563], [-6.31287821027284, 49.9132390743996], [-6.31336103528759, 49.9129650786841], [-6.31353200551293, 49.9131422731998], [-6.3136454087717, 49.9128036987798], [-6.32051455072413, 49.9089049796816], [-6.3266371152401, 49.911622596699], [-6.32764388449862, 49.9125747441382], [-6.30909420519122, 49.9166184405404], [-6.31035804438423, 49.9195169408996], [-6.3121245194452, 49.9285359525935], [-6.29777466555399, 49.9367940511231], [-6.27662950341114, 49.9287815883493], [-6.27583724948072, 49.9212271971615]]], [[[-6.33190786624801, 49.9395919737819], [-6.33248011696287, 49.9395046611598], [-6.34431732204487, 49.9605686860255], [-6.3464636798, 49.9669251123916], [-6.32066634211293, 49.9540682074921], [-6.3199715000141, 49.9524717304262], [-6.33190786624801, 49.9395919737819]]], [[[-6.34949393521094, 49.9519210004464], [-6.35573538641128, 49.9464509418215], [-6.36029701223157, 49.9489780828867], [-6.35872037824527, 49.9670131041196], [-6.34807363717608, 49.9556526340887], [-6.34949393521094, 49.9519210004464]]], [[[-6.29356553658171, 49.9783292451712], [-6.28970753428646, 49.9699073468953], [-6.28874857988966, 49.9661723289318], [-6.26173195371061, 49.9628627172554], [-6.26316440139207, 49.9623801349372], [-6.28385208069647, 49.9563368091916], [-6.28614338129591, 49.9568686480157], [-6.29418647387847, 49.9600231177374], [-6.29418806046087, 49.9603855005839], [-6.29439236177574, 49.9601038533247], [-6.3023050989383, 49.9632062091382], [-6.30368358373152, 49.9646746864126], [-6.2954108431127, 49.9758395602582], [-6.29215937203599, 49.9744135937614], [-6.29367511798735, 49.9781814060591], [-6.29356553658171, 49.9783292451712]]]]}}, {"id": "50", "type": "Feature", "properties": {"LAD22CD": "E06000054", "LAD22NM": "Wiltshire"}, "geometry": {"type": "Polygon", "coordinates": [[[-1.78861685777866, 51.6670018975245], [-1.79908052936856, 51.6625047228664], [-1.78858341785345, 51.6327136502205], [-1.82784729058069, 51.625325780464], [-1.84230296662443, 51.61256022152], [-1.83185653592711, 51.5967288742393], [-1.83756146498663, 51.5872419196361], [-1.823733053229, 51.5822091981918], [-1.84314557581213, 51.5786591525959], [-1.84518926584843, 51.5617183805608], [-1.86010361511537, 51.5652438120408], [-1.86512233688029, 51.5595913798443], [-1.84927684261657, 51.5533094800488], [-1.85382409898453, 51.546301920144], [-1.83007974454265, 51.5154395575391], [-1.83697437954741, 51.5109029296059], [-1.8467781476724, 51.5244433133136], [-1.83758492292658, 51.5008374700594], [-1.81345034633343, 51.5070421801524], [-1.79779682111143, 51.4844459329131], [-1.77433053529391, 51.4824545734086], [-1.71573673989899, 51.4883833461806], [-1.71908165367462, 51.5007055402528], [-1.60281227577577, 51.5182950573493], [-1.58470801107569, 51.5249121192573], [-1.58229087127299, 51.4941117966021], [-1.52399091949678, 51.4474805546288], [-1.52661860733259, 51.4239298638426], [-1.56511865145832, 51.4220434340803], [-1.57105280218741, 51.415577604998], [-1.55298802119079, 51.4100439112545], [-1.55560283150743, 51.3955841256927], [-1.49544914388954, 51.3696644487562], [-1.5006084786642, 51.3562679618628], [-1.48571137940255, 51.3476828433187], [-1.498298923396, 51.3293760932154], [-1.52750728243899, 51.3384659578415], [-1.53356185391502, 51.3162235803486], [-1.51951108457163, 51.2959385817098], [-1.52280740170925, 51.2870580082431], [-1.54258390871829, 51.2812507359817], [-1.54051263214595, 51.2608334795592], [-1.52982022728447, 51.2605141199772], [-1.53603492234381, 51.2485300396199], [-1.54515980286727, 51.2450984925635], [-1.57763603597239, 51.255631065046], [-1.607421790131, 51.2527704997279], [-1.63354082449386, 51.2175159574141], [-1.68969464697899, 51.2148276707553], [-1.69409695143106, 51.204043239813], [-1.66883538878813, 51.1907722671746], [-1.67236777184947, 51.178543907232], [-1.65404416770563, 51.1562825595718], [-1.66297542061049, 51.1271919942692], [-1.62624982084857, 51.11733837822], [-1.63731080993168, 51.092165472254], [-1.6277285317731, 51.0780113479755], [-1.63494006258514, 51.0405607803365], [-1.63237574994688, 51.0327797089411], [-1.59939671455144, 51.0237293759632], [-1.59733922744914, 51.0097526004452], [-1.62888498210167, 50.9990317656901], [-1.61964214748169, 50.982996428717], [-1.60292299502569, 50.9785174332085], [-1.61975086537986, 50.958566922566], [-1.63496498191182, 50.959242203305], [-1.66165999760679, 50.9452778925552], [-1.71961730875128, 50.9767804602939], [-1.75440191299908, 50.9778920957637], [-1.80031396441254, 50.9913948004776], [-1.81542176154033, 50.9859226506618], [-1.83581261899271, 51.009422262898], [-1.85338113087344, 51.0046795408065], [-1.87398355229609, 50.9844410369727], [-1.87448162937032, 51.0063305730385], [-1.88674132171074, 50.9995277362902], [-1.92787590068259, 50.9976972353567], [-1.94993597428249, 50.982310587126], [-1.95682488695197, 50.9898317323357], [-1.9852096593475, 50.984755555903], [-1.99403629918269, 50.9757281535977], [-2.03655897229158, 50.9721768970225], [-2.06831287946984, 50.9511940147577], [-2.10179195110563, 50.9449855124625], [-2.12067094650373, 50.9615394746872], [-2.11976435895004, 50.9781906486388], [-2.17256551412044, 51.0010725694164], [-2.19320866066048, 51.0377123709564], [-2.24227376188872, 51.071177901873], [-2.26862013866279, 51.0687409083391], [-2.32585275983044, 51.0796755881052], [-2.36252944244235, 51.101623672663], [-2.3645276284756, 51.11887884006], [-2.34453924740452, 51.1246781602203], [-2.34630465392582, 51.1305106831692], [-2.29836953216503, 51.1754368546501], [-2.24534123488723, 51.2538761371033], [-2.25349723752292, 51.2898347409545], [-2.26525311710259, 51.2962199832276], [-2.28068002440096, 51.2934629278997], [-2.28506752624869, 51.3094571530531], [-2.27195450640093, 51.3142540539339], [-2.27309487103777, 51.3228790460251], [-2.28909082429693, 51.3252720485445], [-2.30092693165784, 51.3332225319919], [-2.29640906948892, 51.3426619850286], [-2.34433841756594, 51.3455637229005], [-2.29205636589386, 51.369570098431], [-2.2967881652906, 51.3948872762533], [-2.281812467782, 51.397228076674], [-2.29086160425423, 51.4057121040575], [-2.27854071292375, 51.4158822043192], [-2.29461584331874, 51.4288015360874], [-2.28512472635348, 51.4578448523091], [-2.29574294629382, 51.458590039344], [-2.29046578148789, 51.4866510040105], [-2.31142293570328, 51.4873730705689], [-2.32432448172805, 51.4975094728188], [-2.25238825054309, 51.5268735558894], [-2.26650176046494, 51.5362618774149], [-2.26029952338613, 51.5699008247026], [-2.27255905245869, 51.5775903274116], [-2.24511651561049, 51.5814094740082], [-2.24186688776213, 51.5921071677432], [-2.20742648164956, 51.6034009928319], [-2.20655236834298, 51.5959494452395], [-2.19001237832702, 51.5925031496084], [-2.17949127565587, 51.6000456712363], [-2.15253791543564, 51.5903416239803], [-2.05717380115619, 51.6724431322141], [-2.01559230513293, 51.650515500261], [-1.99530744672495, 51.6513635984319], [-1.97732728414873, 51.638091260896], [-1.95051918865219, 51.6369627916609], [-1.96305686286434, 51.6586563942531], [-1.94205954029405, 51.6704168715615], [-1.92090498005307, 51.6572437744879], [-1.87659847508312, 51.6515956109897], [-1.89901313594195, 51.6796865091691], [-1.87388368376944, 51.6825898311432], [-1.85048414193447, 51.6562848044654], [-1.81585077037266, 51.6630448007872], [-1.82317089688883, 51.6734843285402], [-1.81194238645542, 51.7031457130314], [-1.78861685777866, 51.6670018975245]]]}}, {"id": "51", "type": "Feature", "properties": {"LAD22CD": "E06000055", "LAD22NM": "Bedford"}, "geometry": {"type": "Polygon", "coordinates": [[[-0.249785149179338, 52.1843710271715], [-0.28911707135863, 52.1909257732246], [-0.306026233346526, 52.1655590509798], [-0.32155290182113, 52.1687895239726], [-0.346235054803753, 52.145972440882], [-0.361081716756794, 52.1441683088826], [-0.344804182727541, 52.1159557948291], [-0.381287439047321, 52.0934648503063], [-0.384902381057375, 52.075574502543], [-0.403087301606866, 52.0692234334328], [-0.440437296443602, 52.0633737513436], [-0.47152698515917, 52.0880086570609], [-0.499672352600228, 52.0755654292168], [-0.508514766144411, 52.0545431786636], [-0.54095613532627, 52.0816268928893], [-0.589185945140159, 52.0974991888419], [-0.583232659181244, 52.1045489743997], [-0.591810331121503, 52.1106918880999], [-0.607249381411581, 52.1338687517842], [-0.635451654776416, 52.1392536208873], [-0.640781511339957, 52.1527722744294], [-0.630670852955621, 52.1549239757292], [-0.627446652788111, 52.1815454683205], [-0.668135637658982, 52.1950341117758], [-0.63733162156624, 52.2273176317195], [-0.653655470981071, 52.2682893071709], [-0.603337324956545, 52.2788024382021], [-0.565693055132987, 52.2534682264436], [-0.541971909036615, 52.2560727485565], [-0.531190184929433, 52.2704024303694], [-0.541969414284237, 52.2899424469085], [-0.514051195755829, 52.3146970761678], [-0.519829880170178, 52.3176925680897], [-0.465365756545097, 52.3229532812371], [-0.436088655177378, 52.3144708459939], [-0.435761112192004, 52.2966568800962], [-0.421767439464139, 52.2849474985045], [-0.375009968281875, 52.2804693783712], [-0.372175068758848, 52.2734998531163], [-0.382341197020937, 52.2711256565426], [-0.374375681124288, 52.2329982884739], [-0.341010840873401, 52.2306474937778], [-0.34346885979841, 52.2418744209852], [-0.335249413126625, 52.2428818077989], [-0.29320898808327, 52.2405161819444], [-0.285613647569757, 52.2372770686813], [-0.296284378534113, 52.2104870952342], [-0.261845188172905, 52.2098669211304], [-0.240723002820836, 52.1901931437342], [-0.249785149179338, 52.1843710271715]]]}}, {"id": "52", "type": "Feature", "properties": {"LAD22CD": "E06000056", "LAD22NM": "Central Bedfordshire"}, "geometry": {"type": "Polygon", "coordinates": [[[-0.249785149179338, 52.1843710271715], [-0.26069408798734, 52.1764014218502], [-0.216624324385539, 52.1587355439061], [-0.234804043652189, 52.144726758307], [-0.171534734092178, 52.1395025909765], [-0.154352348807397, 52.1444079263781], [-0.144445035225132, 52.1382037573564], [-0.157331873594096, 52.0805235103049], [-0.172619414626835, 52.0602099377647], [-0.194982619305265, 52.0624150813563], [-0.219493434451981, 52.0367412591483], [-0.201256006066088, 52.0098246885529], [-0.244078670645728, 51.9990232893037], [-0.247983026838786, 51.9850799856718], [-0.270625718816914, 51.9796220434784], [-0.282415833818799, 52.0015640162212], [-0.296089150328657, 52.0021924394519], [-0.311555453163235, 51.9821099149593], [-0.367157519155375, 51.9837609716685], [-0.34926422376437, 51.9711696944434], [-0.350225341620276, 51.9575781039653], [-0.374104653314752, 51.9477693266355], [-0.382989183780684, 51.9518175704233], [-0.379630061965801, 51.9779575240599], [-0.391303393359521, 51.9770206444993], [-0.405607109518841, 51.9324543523464], [-0.385615555724027, 51.9156803959794], [-0.419064998588213, 51.9123036451975], [-0.421681634403011, 51.9256807379631], [-0.436106923836832, 51.9276663379005], [-0.485701416266266, 51.9227011901167], [-0.482276166347529, 51.9077947227365], [-0.505923085960359, 51.9006124971274], [-0.455274925246212, 51.882287034331], [-0.422774558845709, 51.8545519365069], [-0.39586015374901, 51.8705810262898], [-0.369755351222524, 51.8681152304062], [-0.354833888657066, 51.8740145293011], [-0.339485896124555, 51.8496055501941], [-0.363302563864236, 51.8421051218226], [-0.373362807966763, 51.8292291684044], [-0.40485880669367, 51.8406074632762], [-0.421500810100557, 51.8502052260499], [-0.447524508948031, 51.8476015346548], [-0.470419996730907, 51.8557101697987], [-0.47829846763004, 51.8531365025918], [-0.471195676810699, 51.8454678697177], [-0.501818268966651, 51.8367948225647], [-0.511192917001904, 51.8258936103662], [-0.502282758285977, 51.8154586940914], [-0.519728847877412, 51.8050953620297], [-0.553628614556977, 51.826712674402], [-0.543650555088771, 51.8245178244047], [-0.537628502381233, 51.8314108502272], [-0.583563578497735, 51.8703238406752], [-0.6200891563295, 51.8854855177811], [-0.651979972895783, 51.8867905129487], [-0.672969117918549, 51.9017527155225], [-0.692702688447145, 51.9001506745719], [-0.702156753865155, 51.909119113469], [-0.652978332552365, 51.9692289650499], [-0.645680806107934, 51.9722283113145], [-0.661689665376442, 51.9997363853462], [-0.643476890212709, 52.0108547037243], [-0.651023980572764, 52.0184860767988], [-0.640200926835711, 52.0240684865423], [-0.643052382546371, 52.0372530916698], [-0.66897597717708, 52.0487168407765], [-0.591810331121503, 52.1106918880999], [-0.583232659181244, 52.1045489743997], [-0.589185945140159, 52.0974991888419], [-0.54095613532627, 52.0816268928893], [-0.508514766144411, 52.0545431786636], [-0.499672352600228, 52.0755654292168], [-0.47152698515917, 52.0880086570609], [-0.440437296443602, 52.0633737513436], [-0.403087301606866, 52.0692234334328], [-0.384902381057375, 52.075574502543], [-0.381287439047321, 52.0934648503063], [-0.344804182727541, 52.1159557948291], [-0.361081716756794, 52.1441683088826], [-0.346235054803753, 52.145972440882], [-0.32155290182113, 52.1687895239726], [-0.306026233346526, 52.1655590509798], [-0.28911707135863, 52.1909257732246], [-0.249785149179338, 52.1843710271715]]]}}, {"id": "53", "type": "Feature", "properties": {"LAD22CD": "E06000057", "LAD22NM": "Northumberland"}, "geometry": {"type": "MultiPolygon", "coordinates": [[[[-1.77908795987536, 55.6856777645349], [-1.77865649285957, 55.6675945190174], [-1.80285469017326, 55.6683490713791], [-1.81547751645511, 55.6821570747762], [-1.85478733341072, 55.6804363974647], [-1.85105010435205, 55.6884713057772], [-1.81486092720814, 55.6892363688242], [-1.78980014916222, 55.6876015819406], [-1.77908795987536, 55.6856777645349]]], [[[-1.98863911850325, 55.768943440082], [-1.98799973142785, 55.7649016468146], [-2.00157807886169, 55.7653864142264], [-2.00424227577983, 55.7654813545545], [-2.00157804508799, 55.763647790851], [-1.95869115304864, 55.7341007234143], [-1.95784694897657, 55.7334276415405], [-1.9574370299258, 55.7332357927392], [-1.93809635261851, 55.7198906524086], [-1.91014312013948, 55.7110796084048], [-1.90754753019702, 55.7098623734095], [-1.90266989471157, 55.7087222450303], [-1.87060734203204, 55.6986000091228], [-1.87415903124864, 55.6839317094158], [-1.88557370176714, 55.6847839778444], [-1.87321110369777, 55.6827780902191], [-1.87163042079157, 55.6660910469218], [-1.85509459074242, 55.6534441495153], [-1.84147671153596, 55.6430211048664], [-1.80836050896798, 55.6343971433096], [-1.79019550601625, 55.6504777154342], [-1.79178982147344, 55.6533528722824], [-1.79501992128821, 55.6591766179364], [-1.78819984059169, 55.6567105473328], [-1.78914937690041, 55.653348329271], [-1.79084477087128, 55.6473436924536], [-1.75451777297921, 55.6233974415665], [-1.75578869368358, 55.6183159825801], [-1.78582944976654, 55.6170902510131], [-1.77037695276508, 55.6034078937924], [-1.74543953482732, 55.6189600926636], [-1.72261701079078, 55.6167919190943], [-1.68418785769231, 55.5990382699192], [-1.66706928627749, 55.5911208797259], [-1.66202338347847, 55.5869201741753], [-1.65038125214428, 55.583397620975], [-1.63959889300321, 55.5784053982669], [-1.65215380911896, 55.5713521701367], [-1.64555061466209, 55.5741449089411], [-1.64204890501976, 55.5712813067705], [-1.6421234888861, 55.5711426685578], [-1.63930696575464, 55.5690386629589], [-1.61878354522286, 55.5522419069482], [-1.61894254345641, 55.5521415830172], [-1.63146390682202, 55.5483454565129], [-1.63147831503501, 55.5442295984886], [-1.64204256810635, 55.5375583842711], [-1.61065620099406, 55.5217779501544], [-1.61101391735865, 55.5177478971726], [-1.616183683914, 55.5129294996643], [-1.61144956628028, 55.5128387495697], [-1.61245376176075, 55.501518062184], [-1.61352257036668, 55.5002521926993], [-1.61259425163371, 55.4999337281721], [-1.61287383062077, 55.496780434294], [-1.59118435048404, 55.4924111391036], [-1.59199188409099, 55.4731464091867], [-1.59336474091017, 55.4403491374632], [-1.59050727455852, 55.4389028772622], [-1.5905028666335, 55.4377252677834], [-1.57556105244498, 55.4304599468384], [-1.57826653947515, 55.4168891476246], [-1.57831966147886, 55.4168308527894], [-1.57828471763884, 55.4167979316221], [-1.58028045752047, 55.4067810754933], [-1.61165782679215, 55.3850075764098], [-1.60892450840409, 55.3839922965095], [-1.60222272908896, 55.3702577407706], [-1.60220538042795, 55.3697332944577], [-1.60140431187562, 55.3685798099111], [-1.59167875465719, 55.3486290427054], [-1.58660131689102, 55.3360198918728], [-1.57287436867095, 55.338575766263], [-1.56438159214146, 55.3338347492516], [-1.54932136863303, 55.3220429213305], [-1.56847322878669, 55.2933554012872], [-1.57035533577657, 55.2905337799834], [-1.56902208418764, 55.2716583513041], [-1.56415948493218, 55.2656865787499], [-1.56412918273687, 55.2654938395598], [-1.56364120042597, 55.2650499559976], [-1.52228024548007, 55.2141728106347], [-1.52217304794505, 55.2098441775872], [-1.51475836314603, 55.2049048409413], [-1.49914014031991, 55.185645781359], [-1.50577254655195, 55.1844416786286], [-1.51181488068625, 55.1835712286096], [-1.52515726180707, 55.1626393623337], [-1.54026869998144, 55.1616112346696], [-1.52614083542656, 55.1599714122525], [-1.4867154449804, 55.1165025947388], [-1.4867213064425, 55.1165006757522], [-1.50038251915801, 55.1279179162899], [-1.52193933066772, 55.1435759867865], [-1.52002015315567, 55.1388260494255], [-1.53325167024429, 55.1390625736728], [-1.55903286794584, 55.1466676048147], [-1.53394327689367, 55.1375960204987], [-1.56880709403642, 55.1308890516489], [-1.52765875457441, 55.13718231829], [-1.50585527324807, 55.1297775839525], [-1.49884222630273, 55.1244693710404], [-1.49419184027921, 55.1140539859527], [-1.49624643195223, 55.1133809492164], [-1.4914525274583, 55.1000964149281], [-1.4858872739316, 55.0954407058127], [-1.47844277069734, 55.0787397639845], [-1.47250151437921, 55.0842369648217], [-1.46457652985129, 55.0776001855787], [-1.46182720028444, 55.0743536079688], [-1.49225352553912, 55.0660871659181], [-1.4877669177721, 55.0535868670427], [-1.50870604892087, 55.0480276740018], [-1.5102739909997, 55.0550524818989], [-1.53239349851521, 55.0541256351739], [-1.53988006982258, 55.0615828333236], [-1.55706124990443, 55.0540835671672], [-1.57508009741004, 55.0556198920735], [-1.57853962866581, 55.0630812854251], [-1.63788917426985, 55.0647693044458], [-1.64768125804879, 55.07938870152], [-1.71377414645177, 55.0654631338258], [-1.69499121879524, 55.0429576891981], [-1.75024527652204, 55.0240207799207], [-1.75656332387461, 55.0032632890456], [-1.77384237281685, 55.0041394758906], [-1.76948002257309, 54.9809468096864], [-1.78851501661457, 54.9842673636274], [-1.81280740471121, 54.9762855689695], [-1.83363583973947, 54.9533276318787], [-1.82693347994531, 54.9302864685928], [-1.84114925719419, 54.9297254843691], [-1.85272134451354, 54.9174135398416], [-1.82064075368048, 54.9057781862755], [-1.85443666752614, 54.8911845472788], [-1.87010387418602, 54.8508656853951], [-1.91367076069486, 54.8396736921875], [-1.91361010090463, 54.8340099084222], [-1.93261549256872, 54.8541608364077], [-1.94930606160323, 54.852978946275], [-1.98023634067633, 54.8681834576866], [-2.00096698452765, 54.8696677128467], [-2.03965649607647, 54.8482405366482], [-2.08257516389669, 54.8381692439752], [-2.13978896462199, 54.8418707207387], [-2.16947003967283, 54.8036099742436], [-2.19860065839177, 54.8067362782731], [-2.21890675191817, 54.7823773837281], [-2.28267781083991, 54.7982520767098], [-2.31208952139602, 54.791015046825], [-2.32738520521004, 54.8053324704389], [-2.34842858236683, 54.8070792761441], [-2.38998545538645, 54.8321552442485], [-2.41165283311268, 54.8564500653273], [-2.42275637725897, 54.8428302557336], [-2.46060153125164, 54.8341721857399], [-2.4953568980919, 54.8103421048662], [-2.5234414544492, 54.8060451310163], [-2.5583066678318, 54.8167246166541], [-2.58267104737595, 54.8458667824507], [-2.57335234214531, 54.8535461971699], [-2.60543022085515, 54.8843823124884], [-2.57641404338101, 54.8967171106932], [-2.56622128211943, 54.9192380637087], [-2.54527258594749, 54.9291719631133], [-2.56764946010163, 54.9408560220603], [-2.56849154078611, 54.9583618179879], [-2.59556897269462, 54.9634809328243], [-2.60142928961523, 54.9713401703018], [-2.5733107670136, 54.9876377877579], [-2.57285163622922, 55.0163983334404], [-2.48304985288842, 55.0400190767258], [-2.503984940725, 55.0624298945368], [-2.48608636846352, 55.0824435692357], [-2.50257438882916, 55.0907586762788], [-2.56213639511458, 55.0834621700379], [-2.5684260078781, 55.0962614140758], [-2.59353940991365, 55.1050960593852], [-2.59890282488408, 55.1245757167589], [-2.65693941785208, 55.1361318311632], [-2.67732441001798, 55.1554875886212], [-2.67455532373979, 55.1758914671104], [-2.68979023468094, 55.1889842117909], [-2.666814789349, 55.2215803908599], [-2.63141420722149, 55.2236980857955], [-2.63022898081735, 55.2447914968204], [-2.61145085823107, 55.247134430211], [-2.64677118121333, 55.2600438638246], [-2.62665606673464, 55.262220938519], [-2.60923810323899, 55.283248026502], [-2.57336078547049, 55.2968862061734], [-2.55900833851599, 55.3178528230182], [-2.52026965851612, 55.3230470920814], [-2.47539346393945, 55.3547399208929], [-2.41499664354287, 55.3589219038862], [-2.39924454089922, 55.3481854415864], [-2.37891180668306, 55.3491694380124], [-2.33752995734802, 55.3671909676834], [-2.34623321175053, 55.3730610542629], [-2.33002052064065, 55.381241567215], [-2.34494682160794, 55.399313431888], [-2.33562914471265, 55.4082080643391], [-2.31325356259942, 55.4067893351075], [-2.26061128927204, 55.4329339989058], [-2.2312819124724, 55.4284292928826], [-2.19485820047688, 55.4445902852248], [-2.18807797549864, 55.4621152753329], [-2.1655212321177, 55.4683818989758], [-2.20133583318611, 55.4752675207087], [-2.2026492750732, 55.489541288571], [-2.22884551551699, 55.509518780902], [-2.2403065059112, 55.5556271692665], [-2.28881057092811, 55.5803072667808], [-2.2892322950467, 55.6037736967936], [-2.3160941125707, 55.6204584689942], [-2.30862602967662, 55.628875977236], [-2.3243105601635, 55.6261659078181], [-2.33600510128162, 55.6324814828842], [-2.30578970416838, 55.6470437745825], [-2.23436858586757, 55.6410421018837], [-2.24834586160377, 55.6521497554078], [-2.21845272804607, 55.6642602683354], [-2.21865916071879, 55.6759071381416], [-2.16723105928948, 55.7060351656943], [-2.17668873824399, 55.718689497621], [-2.15057590272351, 55.7231544083591], [-2.14429584165104, 55.7392700694797], [-2.11763990088257, 55.7387736518977], [-2.10764153175897, 55.7598881506854], [-2.0856391490368, 55.7620403330448], [-2.0861230942702, 55.793045271488], [-2.03449505110741, 55.8112081746314], [-2.03435750917377, 55.8110853660943], [-2.00157809777485, 55.7808812090225], [-1.98863911850325, 55.768943440082]]]]}}, {"id": "54", "type": "Feature", "properties": {"LAD22CD": "E06000058", "LAD22NM": "Bournemouth, Christchurch and Poole"}, "geometry": {"type": "MultiPolygon", "coordinates": [[[[-2.04249453260105, 50.71747014089], [-2.04249650589996, 50.7174455880053], [-2.04251759587527, 50.7174545387033], [-2.04249453260105, 50.71747014089]]], [[[-1.8039049599245, 50.7959652097351], [-1.78549590627468, 50.7647520319108], [-1.74884631724303, 50.7794943875112], [-1.73895962345847, 50.7632705334556], [-1.74416871755885, 50.7474553887605], [-1.68181881885181, 50.7518475287595], [-1.69185539380666, 50.73732913291], [-1.69253547260995, 50.7373979527712], [-1.71795540943005, 50.7347137991335], [-1.72445537729127, 50.7340265155451], [-1.72714599229066, 50.7324470218017], [-1.72899034207095, 50.7322105758093], [-1.73075839475284, 50.7303261349513], [-1.74233853680595, 50.7235252622657], [-1.75731862910948, 50.7310550071221], [-1.76180681065066, 50.7230963028932], [-1.76127141265948, 50.7180126794458], [-1.74612185534504, 50.7155061772735], [-1.73948136463686, 50.7244350273199], [-1.74853427718082, 50.7113702539805], [-1.74880875321022, 50.7110774158699], [-1.80417313761084, 50.7200598938797], [-1.81193003005313, 50.7196975533759], [-1.81819023028744, 50.7205543378342], [-1.83753813679371, 50.7184976359833], [-1.86686756324785, 50.717116362804], [-1.87714100795998, 50.7142772364109], [-1.88526989463712, 50.7134092002244], [-1.89130185540078, 50.7103617530625], [-1.9127647914811, 50.7044227745754], [-1.94686578632143, 50.6826489234549], [-1.93399708106305, 50.699146768865], [-1.95227153517919, 50.7041333791695], [-1.95819190503604, 50.7156059309391], [-1.99213052511296, 50.7126888784873], [-1.98429715356843, 50.7193015055242], [-1.99501016069765, 50.7298586779249], [-1.98981482543049, 50.7372465938501], [-2.00135866981897, 50.7340707743781], [-2.01150260324484, 50.7312785950386], [-2.00135809824861, 50.7208062469417], [-1.98846238454365, 50.7074853835738], [-2.00135759919275, 50.7103399176484], [-2.04030690317969, 50.7189500174456], [-2.01352898762332, 50.7370535481281], [-2.00932066886414, 50.7825892397548], [-1.9991328618375, 50.7881281243351], [-2.0058746084598, 50.7909264788556], [-1.95794557083555, 50.7893060367461], [-1.93915836465387, 50.798706859751], [-1.93283239318493, 50.7800090449391], [-1.91950553583124, 50.7840023061042], [-1.91473422588305, 50.7733502730509], [-1.89375542159428, 50.7800750016838], [-1.87338279385872, 50.763380463127], [-1.86459854716569, 50.8066202120829], [-1.84523246570717, 50.8096058854495], [-1.83384972291906, 50.800041542589], [-1.8039049599245, 50.7959652097351]]]]}}, {"id": "55", "type": "Feature", "properties": {"LAD22CD": "E06000059", "LAD22NM": "Dorset"}, "geometry": {"type": "MultiPolygon", "coordinates": [[[[-1.95624025439997, 50.6919628182729], [-1.96158467721217, 50.6862824143967], [-1.98803823899505, 50.6924503311195], [-1.96526040460952, 50.6948227172968], [-1.95624025439997, 50.6919628182729]]], [[[-2.32585275983044, 51.0796755881052], [-2.26862013866279, 51.0687409083391], [-2.24227376188872, 51.071177901873], [-2.19320866066048, 51.0377123709564], [-2.17256551412044, 51.0010725694164], [-2.11976435895004, 50.9781906486388], [-2.12067094650373, 50.9615394746872], [-2.10179195110563, 50.9449855124625], [-2.06831287946984, 50.9511940147577], [-2.03655897229158, 50.9721768970225], [-1.99403629918269, 50.9757281535977], [-1.9852096593475, 50.984755555903], [-1.95682488695197, 50.9898317323357], [-1.95546558071481, 50.9782663327052], [-1.92084101012651, 50.9614073112474], [-1.87364432144964, 50.9172258897865], [-1.84184002606343, 50.931680374307], [-1.8106580896691, 50.9272033833848], [-1.8165419268142, 50.9039481458121], [-1.84855553218411, 50.8898873570296], [-1.85353883472863, 50.8634601106413], [-1.83000872917239, 50.8552737977567], [-1.80711024689597, 50.8633153672182], [-1.80247295729644, 50.8429625299587], [-1.79061492044422, 50.8363141194303], [-1.80340083464914, 50.8303392083796], [-1.81189346961485, 50.8086420525353], [-1.8039049599245, 50.7959652097351], [-1.83384972291906, 50.800041542589], [-1.84523246570717, 50.8096058854495], [-1.86459854716569, 50.8066202120829], [-1.87338279385872, 50.763380463127], [-1.89375542159428, 50.7800750016838], [-1.91473422588305, 50.7733502730509], [-1.91950553583124, 50.7840023061042], [-1.93283239318493, 50.7800090449391], [-1.93915836465387, 50.798706859751], [-1.95794557083555, 50.7893060367461], [-2.0058746084598, 50.7909264788556], [-1.9991328618375, 50.7881281243351], [-2.00932066886414, 50.7825892397548], [-2.01352898762332, 50.7370535481281], [-2.04030690317969, 50.7189500174456], [-2.04074622764021, 50.719047045872], [-2.02751369292783, 50.72924446136], [-2.05381190943339, 50.7289974402073], [-2.04181398953184, 50.7259379309509], [-2.04249453260105, 50.71747014089], [-2.04251759587527, 50.7174545387033], [-2.04249650589996, 50.7174455880053], [-2.04273125648007, 50.714523871078], [-2.06751376572921, 50.715072059232], [-2.07190065627071, 50.7079147264905], [-2.05767636101088, 50.7055935766328], [-2.07373296329802, 50.7059612646065], [-2.07108870168815, 50.6981237458694], [-2.07950595282605, 50.6946775075749], [-2.07934185493865, 50.6942848276933], [-2.07897417693925, 50.6902010989505], [-2.0789130545005, 50.6895221527445], [-2.06580712209624, 50.6869902509659], [-2.05445483663497, 50.6998540410492], [-2.02608687825716, 50.7074295963658], [-2.01848711788567, 50.7007416069086], [-2.03476627417928, 50.7020960171701], [-2.02472138634893, 50.6876234691756], [-2.05297350830908, 50.677885542811], [-2.02515449632016, 50.6844656078835], [-2.02662687844291, 50.6780886486469], [-2.04712950447356, 50.670428956565], [-2.0289833583238, 50.674389485593], [-2.02706021276549, 50.6680620454422], [-2.0216427633655, 50.6821021646795], [-2.01141928171846, 50.6827103181339], [-2.01048635624549, 50.6709383037567], [-2.00135587175068, 50.6750467990482], [-1.99979714294347, 50.6757480536213], [-1.99328463414901, 50.6672594580719], [-1.97831704413365, 50.6769449525862], [-1.98351912817648, 50.6670473981144], [-1.96809781952328, 50.6604307866108], [-1.97096030648175, 50.6692599329026], [-1.9498107355223, 50.6801876417011], [-1.94111990950151, 50.6720686284475], [-1.94316206678822, 50.6659793868803], [-1.95184316555674, 50.6500707309003], [-1.94921203492972, 50.6479295353138], [-1.9498118291119, 50.646139181758], [-1.9463529618365, 50.6456025517145], [-1.94061094592394, 50.6409282387411], [-1.92643253356107, 50.6425098927179], [-1.92376533354734, 50.6420955424529], [-1.95350548201448, 50.6196860988356], [-1.95661366678612, 50.6173423941231], [-1.95659604040002, 50.6171003860441], [-1.95672646481953, 50.6170018294125], [-1.9564232641163, 50.6147279128195], [-1.95597436644396, 50.6085628768393], [-1.95559699656285, 50.6085301125558], [-1.95556577276767, 50.6082958757232], [-1.94774173812028, 50.6078477874298], [-1.94393695520526, 50.6075170917148], [-1.95122938671312, 50.5945641672042], [-2.02634590356907, 50.5890017803652], [-2.05487247984586, 50.5765280117662], [-2.05699100016003, 50.5803529669059], [-2.06395961589252, 50.5935252922633], [-2.06431090405521, 50.5935638611145], [-2.06435818690037, 50.5936491717436], [-2.06588629328931, 50.5937368147009], [-2.11070752745525, 50.5986483242033], [-2.13345659669283, 50.6122810066339], [-2.1338263048599, 50.6121604692307], [-2.13454593616707, 50.6126493770207], [-2.14604188718755, 50.608478037284], [-2.15798307656983, 50.6154639540463], [-2.17257121150227, 50.6151975933151], [-2.19751592820478, 50.6226780367146], [-2.19798789131953, 50.6226049745898], [-2.19850295803181, 50.6229800625175], [-2.222910755064, 50.6194819110014], [-2.24389040807324, 50.6164705229408], [-2.25034435771333, 50.6171308632745], [-2.2669736387279, 50.6193894190253], [-2.28408121754601, 50.621710206114], [-2.33074413411269, 50.6280263323663], [-2.3389420905444, 50.6318890340334], [-2.36728519356412, 50.6329580896179], [-2.39485291738899, 50.6366704886458], [-2.42278082484444, 50.6360364392431], [-2.42461839729174, 50.6350993838304], [-2.42556400738516, 50.635134463057], [-2.4273335777194, 50.6337146791342], [-2.4394303155835, 50.6275437449015], [-2.44790935762177, 50.6188344527404], [-2.4525215390027, 50.6140953844524], [-2.44491886137599, 50.6093635591965], [-2.4596711792932, 50.607797850504], [-2.44474800610918, 50.6092572038619], [-2.44144237765512, 50.6096824549811], [-2.44143981749563, 50.6096811723776], [-2.45098096213016, 50.6037817677274], [-2.44799182904386, 50.6025697384946], [-2.44904679006509, 50.6014501304889], [-2.43237854077768, 50.5962365983531], [-2.45031278303277, 50.6010733746336], [-2.47020261639402, 50.5839654796148], [-2.46991541029699, 50.5835798065253], [-2.47039906977319, 50.5831480036175], [-2.49705780319442, 50.5973072018779], [-2.49566663260034, 50.6028879088333], [-2.51748623996442, 50.6178652801717], [-2.53390667566795, 50.6184712653079], [-2.5351457396481, 50.6185168980614], [-2.56043725111189, 50.6391429086875], [-2.56703976041518, 50.6410727073811], [-2.61152731004792, 50.6540617031564], [-2.56692567040971, 50.6315974941568], [-2.54083580880722, 50.6184390232707], [-2.49727419241701, 50.596439056819], [-2.46953293983819, 50.5824095868526], [-2.46140483731666, 50.5721480550552], [-2.46059593843725, 50.5710611778047], [-2.4605421831537, 50.5710586709926], [-2.46050379610544, 50.5710101929656], [-2.43769626338352, 50.5699721815923], [-2.4221803544434, 50.5692634406275], [-2.4283771063158, 50.5660591324224], [-2.41999495560347, 50.5551335062177], [-2.41862558139223, 50.5462752437367], [-2.45567326956035, 50.5139021918232], [-2.4567307785946, 50.5130865047899], [-2.45029977655719, 50.5612200815128], [-2.53112599558584, 50.6120540893393], [-2.54413598267587, 50.6184236194198], [-2.56690113115858, 50.6295614844559], [-2.63741697515208, 50.6639994578494], [-2.7933521340075, 50.7181112930551], [-2.85141960233205, 50.7258136484846], [-2.90550355717903, 50.7329599209208], [-2.90852007740465, 50.7333626895137], [-2.90852949912922, 50.7333589432954], [-2.91175408568322, 50.733784065539], [-2.94745742471089, 50.7183503003309], [-2.9530673537135, 50.7284970686059], [-2.93506310735221, 50.7542660848456], [-2.95433354829791, 50.7677102249702], [-2.88664434482201, 50.794807333036], [-2.89280364355642, 50.8047767521255], [-2.96130299095557, 50.8155547839501], [-2.95432123760533, 50.8211725185423], [-2.9301585318766, 50.840928292851], [-2.88624393377884, 50.8505898146936], [-2.82895693146311, 50.8486596423691], [-2.81142509401011, 50.8634098189166], [-2.79229423668103, 50.8528182460667], [-2.75749893953738, 50.8669025856437], [-2.71455590879055, 50.8638944599667], [-2.71438978086404, 50.8711436149196], [-2.66061147580896, 50.887104799987], [-2.61610129488952, 50.8816335411571], [-2.60957244973733, 50.8915544155553], [-2.62406503860158, 50.9078668915873], [-2.60404000220076, 50.926724702452], [-2.61609375160151, 50.9405812729446], [-2.59820027247584, 50.9485744877741], [-2.6033871710982, 50.9763444694623], [-2.59584521904693, 50.9813399701132], [-2.5860233663728, 50.9768692890978], [-2.5746303684989, 50.9866936813582], [-2.55620702557173, 50.9795351575811], [-2.54542343612897, 50.9850805010583], [-2.54743511832829, 50.9995416872973], [-2.52641625853615, 50.9919077041006], [-2.50234661127076, 50.9938363586746], [-2.49034524922401, 50.9727724066294], [-2.45620376827821, 50.9493438830886], [-2.44286746193651, 50.9596600858945], [-2.4471777663599, 50.9678502227922], [-2.42799147535897, 50.9713867575952], [-2.41492761933618, 50.960583438301], [-2.34455653686763, 50.9788293029238], [-2.35489702801029, 50.9908805160152], [-2.37692092962676, 50.9907648130566], [-2.3813483865981, 51.0049224774254], [-2.3300144212501, 51.0413445746229], [-2.34997811943973, 51.0688007966931], [-2.32585275983044, 51.0796755881052]]]]}}, {"id": "56", "type": "Feature", "properties": {"LAD22CD": "E06000060", "LAD22NM": "Buckinghamshire"}, "geometry": {"type": "Polygon", "coordinates": [[[-0.871325629151714, 52.0402518525726], [-0.819817648789318, 52.0122859293589], [-0.803659591001856, 51.985523165789], [-0.761997302027608, 51.9855584760346], [-0.740379237640103, 51.9698626271811], [-0.713941366477039, 51.9778705046005], [-0.713113480946886, 51.9898099441801], [-0.652978332552365, 51.9692289650499], [-0.702156753865155, 51.909119113469], [-0.692702688447145, 51.9001506745719], [-0.672969117918549, 51.9017527155225], [-0.651979972895783, 51.8867905129487], [-0.6200891563295, 51.8854855177811], [-0.583563578497735, 51.8703238406752], [-0.537628502381233, 51.8314108502272], [-0.543650555088771, 51.8245178244047], [-0.553628614556977, 51.826712674402], [-0.560656237503438, 51.830082630502], [-0.581825667306615, 51.8069054436194], [-0.632939595714382, 51.8199461874726], [-0.667214196976871, 51.8158103335771], [-0.695451174124327, 51.8411104921078], [-0.686767774211115, 51.8492402545108], [-0.696357328407462, 51.8581344181896], [-0.71744693321341, 51.857111743409], [-0.745741307424465, 51.841956693187], [-0.724234882170819, 51.8181444133606], [-0.709295276544129, 51.8205395961038], [-0.685394264649477, 51.8001859212165], [-0.690190999010661, 51.7923392108272], [-0.669663645804401, 51.7661601158171], [-0.612935985356938, 51.7474272560625], [-0.586379726976092, 51.752115950395], [-0.57487874585542, 51.7369685250425], [-0.553645081612158, 51.7340179577892], [-0.550413609644404, 51.7230428902594], [-0.563209678177221, 51.7118798635673], [-0.544017145197112, 51.6968174726995], [-0.548696117291794, 51.6826712819357], [-0.5242727897625, 51.682112655748], [-0.505107856324304, 51.6730768935581], [-0.520994790005152, 51.6680453786674], [-0.522777811384923, 51.6583975690829], [-0.536891506831177, 51.6606244728575], [-0.539260817248429, 51.6380393912766], [-0.520594814254746, 51.6018435776503], [-0.500595886737316, 51.5996898995638], [-0.476620654293635, 51.5591888378134], [-0.495487343928382, 51.538545230935], [-0.483162290087155, 51.5071277167705], [-0.490024731194161, 51.494747634396], [-0.531819526768283, 51.4933944621435], [-0.526981060815463, 51.5095056025316], [-0.56870897687743, 51.5112690474853], [-0.57509465893991, 51.5292998722364], [-0.567256016672106, 51.532981036095], [-0.589867740822717, 51.5226767053001], [-0.6305355776221, 51.5388952073441], [-0.659944895908714, 51.5284469814789], [-0.659271318680068, 51.5049023574704], [-0.642211995205478, 51.5006272384143], [-0.633881969088683, 51.492381769527], [-0.652125325213239, 51.4854936423975], [-0.70316470355774, 51.5111067363008], [-0.691203240309587, 51.5568191355917], [-0.69647360090748, 51.5652035041693], [-0.711675292325073, 51.5646674202364], [-0.718102246096498, 51.5775502892801], [-0.757216533449041, 51.5648447151786], [-0.773709445535756, 51.567173426226], [-0.792963793969878, 51.5513590831944], [-0.842743668055121, 51.5447586197339], [-0.879723063740375, 51.5621275792716], [-0.896882190115767, 51.5448630133878], [-0.901680596010387, 51.5561657738043], [-0.93842713855053, 51.5711555383331], [-0.94147123230418, 51.5855069546108], [-0.916933649244239, 51.5996475026708], [-0.943092319329677, 51.6049421076086], [-0.938644424025197, 51.617786881244], [-0.950029511752735, 51.6289071647048], [-0.934586126755807, 51.6366985714793], [-0.950725842013544, 51.6507411973348], [-0.927251214485182, 51.6514436207499], [-0.932212883219972, 51.6648684666832], [-0.9177290186767, 51.6724004078012], [-0.877706762468148, 51.6683850758408], [-0.897896373360577, 51.6764007553867], [-0.879895887122356, 51.6808648769757], [-0.894772980132941, 51.6925222890904], [-0.888377397705651, 51.719226660985], [-0.924115298282358, 51.7477150779008], [-0.954184160832786, 51.7578580626545], [-0.97979648625965, 51.7607054549317], [-0.98631786027973, 51.7520582911413], [-1.02978259318824, 51.7578890168578], [-1.03043536180328, 51.7449285729707], [-1.04547146097639, 51.7445992127829], [-1.08085173738086, 51.756553657355], [-1.08323928312899, 51.7805175968097], [-1.10636133376123, 51.781630502706], [-1.12354117099906, 51.7941812934693], [-1.12488968962276, 51.8075112142446], [-1.11009656481819, 51.8173050363525], [-1.14067612335695, 51.8346897793604], [-1.12159886352224, 51.8453420987276], [-1.07844944295484, 51.8292545769782], [-1.0471229362899, 51.8398136635254], [-1.06197784920729, 51.8441266357268], [-1.0646424320269, 51.8686971833462], [-1.07760518877841, 51.876730766172], [-1.06897524962351, 51.8872626698247], [-1.09351899137334, 51.8939368967027], [-1.07935639023285, 51.9172219822449], [-1.0866733468149, 51.9226458788993], [-1.05461629259457, 51.9479588124095], [-1.07895146640041, 51.9433664355141], [-1.09516668657217, 51.9574323430641], [-1.05312118626513, 52.0024529965756], [-1.11808639729751, 52.015426172085], [-1.13666519177378, 52.0222431393199], [-1.12198746604179, 52.0451472428701], [-1.06205550082263, 52.0627362313046], [-1.02766844665035, 52.0637342663437], [-1.04232729762762, 52.0737102723463], [-1.02631761576578, 52.0756821097282], [-0.967805300661276, 52.0709109281604], [-0.951872932630787, 52.0815336222521], [-0.906030231113269, 52.0212211091716], [-0.890118209223622, 52.0315605650901], [-0.877468741364391, 52.0299715979081], [-0.871325629151714, 52.0402518525726]]]}}, {"id": "57", "type": "Feature", "properties": {"LAD22CD": "E06000061", "LAD22NM": "North Northamptonshire"}, "geometry": {"type": "Polygon", "coordinates": [[[-0.495025802128916, 52.6402363852471], [-0.494773452953128, 52.6403140726876], [-0.470921180908155, 52.6235593380481], [-0.492664861408749, 52.5819002633897], [-0.478814868225147, 52.573645147065], [-0.415381402678347, 52.5787426397479], [-0.407290921113568, 52.564054854817], [-0.419593787330186, 52.5589619550433], [-0.401283297186851, 52.5386846825222], [-0.413602640818525, 52.5256796137016], [-0.354345203263394, 52.5064950723187], [-0.359399580960367, 52.4898590691293], [-0.341590492473876, 52.4669426273503], [-0.370217036825639, 52.4399302714173], [-0.362408041008102, 52.4335312780284], [-0.417072832141305, 52.4115991109509], [-0.441509864468212, 52.3849964344035], [-0.495946267815481, 52.3795155302795], [-0.488518815845791, 52.374023541935], [-0.498701137705854, 52.3601003499178], [-0.477682425550585, 52.3489199917172], [-0.483264192761938, 52.3409032974573], [-0.466656737619639, 52.3389275764], [-0.465365756545097, 52.3229532812371], [-0.519829880170178, 52.3176925680897], [-0.514051195755829, 52.3146970761678], [-0.541969414284237, 52.2899424469085], [-0.531190184929433, 52.2704024303694], [-0.541971909036615, 52.2560727485565], [-0.565693055132987, 52.2534682264436], [-0.603337324956545, 52.2788024382021], [-0.653655470981071, 52.2682893071709], [-0.63733162156624, 52.2273176317195], [-0.668135637658982, 52.1950341117758], [-0.705455584072188, 52.1915707007857], [-0.727570215104349, 52.238194185295], [-0.76219493252577, 52.2487689016435], [-0.791415863707147, 52.2422415137879], [-0.801430156574401, 52.2526864461132], [-0.817950353609315, 52.3095959445528], [-0.785779453314657, 52.3306167672904], [-0.79120288193622, 52.3559673616883], [-0.83085325697563, 52.3759677188716], [-0.840569709237446, 52.3928466277642], [-0.873695474959517, 52.4026739574774], [-0.890537063118278, 52.3985942544952], [-0.886936611261352, 52.4233541360679], [-0.864327833503826, 52.4342245420732], [-0.904383712639054, 52.4421710764276], [-0.9012806064268, 52.4597558601064], [-0.882395514787867, 52.4712828444433], [-0.898047834720489, 52.4869184507176], [-0.882125559613792, 52.4931658050431], [-0.883443190675843, 52.5139701581084], [-0.868699498890148, 52.5270028931444], [-0.820121757601639, 52.5155410008461], [-0.774866784894676, 52.5182763361657], [-0.757215564663111, 52.5109492213207], [-0.713658337963826, 52.524963968358], [-0.660912737595725, 52.5689457054421], [-0.603019141912138, 52.5885911323283], [-0.588633734451843, 52.5868058571763], [-0.581472728074389, 52.5958835165327], [-0.571903726305604, 52.5858033698147], [-0.558117814289337, 52.5944839676649], [-0.544173532572234, 52.5928882810182], [-0.552938854430842, 52.6013489506897], [-0.540260653382861, 52.6259657691596], [-0.517397149134818, 52.6423795260649], [-0.495025802128916, 52.6402363852471]]]}}, {"id": "58", "type": "Feature", "properties": {"LAD22CD": "E06000062", "LAD22NM": "West Northamptonshire"}, "geometry": {"type": "Polygon", "coordinates": [[[-0.9012806064268, 52.4597558601064], [-0.904383712639054, 52.4421710764276], [-0.864327833503826, 52.4342245420732], [-0.886936611261352, 52.4233541360679], [-0.890537063118278, 52.3985942544952], [-0.873695474959517, 52.4026739574774], [-0.840569709237446, 52.3928466277642], [-0.83085325697563, 52.3759677188716], [-0.79120288193622, 52.3559673616883], [-0.785779453314657, 52.3306167672904], [-0.817950353609315, 52.3095959445528], [-0.801430156574401, 52.2526864461132], [-0.791415863707147, 52.2422415137879], [-0.76219493252577, 52.2487689016435], [-0.727570215104349, 52.238194185295], [-0.705455584072188, 52.1915707007857], [-0.749734768722189, 52.1668767684431], [-0.777975100575612, 52.1687324929908], [-0.792091270533438, 52.1513294604513], [-0.807587882658753, 52.1569790143848], [-0.814041227993611, 52.14247234185], [-0.831966629471785, 52.1436835087174], [-0.828204674516664, 52.1326105528126], [-0.880720326962998, 52.126331782706], [-0.887015710951311, 52.1142093372576], [-0.871450101645923, 52.1117534347483], [-0.869530890831007, 52.1000376603272], [-0.846712543491745, 52.0915087034718], [-0.8314182458155, 52.0719470001652], [-0.839500488570763, 52.0638277803285], [-0.862678645822757, 52.0609340387573], [-0.852446930044217, 52.0507050939995], [-0.871325629151714, 52.0402518525726], [-0.877468741364391, 52.0299715979081], [-0.890118209223622, 52.0315605650901], [-0.906030231113269, 52.0212211091716], [-0.951872932630787, 52.0815336222521], [-0.967805300661276, 52.0709109281604], [-1.02631761576578, 52.0756821097282], [-1.04232729762762, 52.0737102723463], [-1.02766844665035, 52.0637342663437], [-1.06205550082263, 52.0627362313046], [-1.12198746604179, 52.0451472428701], [-1.13666519177378, 52.0222431393199], [-1.11808639729751, 52.015426172085], [-1.13432869833779, 51.997296387881], [-1.16382348465592, 51.993412226747], [-1.19625975033443, 51.9774314432067], [-1.24161223468245, 51.9862933638439], [-1.28339696573283, 51.9795473067363], [-1.27816401885651, 52.0142726693672], [-1.31292004347286, 52.0514526634399], [-1.29750881413832, 52.0780566948102], [-1.31815993117564, 52.0799212576787], [-1.32116486414435, 52.0870189284444], [-1.2480850615427, 52.0971607919138], [-1.3318971346503, 52.168485056197], [-1.31313453207951, 52.1904676302914], [-1.25498199738882, 52.1978310710958], [-1.28464415629528, 52.2385772947561], [-1.2668910685646, 52.2352423788113], [-1.23299880379763, 52.2532588499543], [-1.21573180896617, 52.2663736813297], [-1.23378294833003, 52.290328106844], [-1.20923383158981, 52.3152040796742], [-1.26535489040084, 52.3283606829397], [-1.23338985998341, 52.3465160426244], [-1.17497303441117, 52.3562898079582], [-1.20161328230779, 52.3967317959132], [-1.18399208837492, 52.392171077156], [-1.14935295147126, 52.3970406268669], [-1.12926952385576, 52.4161034521555], [-1.08438179273988, 52.4362981479721], [-1.04998493314387, 52.422208448854], [-1.03427367925882, 52.4362852730348], [-1.04451053126691, 52.4457480943696], [-1.00069265209655, 52.4709404177629], [-0.951908262509529, 52.4774239308037], [-0.942191918774036, 52.4677725225308], [-0.9012806064268, 52.4597558601064]]]}}, {"id": "59", "type": "Feature", "properties": {"LAD22CD": "E07000008", "LAD22NM": "Cambridge"}, "geometry": {"type": "Polygon", "coordinates": [[[0.165415038145541, 52.2344624372544], [0.154851230298712, 52.2264866602941], [0.175843713742761, 52.2172414362742], [0.167344322667743, 52.2041480396168], [0.182686405219807, 52.1981110150018], [0.181328828929856, 52.1694905633957], [0.162629276293122, 52.1724814283803], [0.154926887702132, 52.164622885697], [0.141755789736116, 52.1710045572234], [0.103429649976074, 52.1579417014909], [0.104714533759209, 52.1906563668759], [0.0686447743451738, 52.2161102884229], [0.129870221496044, 52.2356496483513], [0.147525013049652, 52.2297854247939], [0.155281124144731, 52.2372295579635], [0.165415038145541, 52.2344624372544]]]}}, {"id": "60", "type": "Feature", "properties": {"LAD22CD": "E07000009", "LAD22NM": "East Cambridgeshire"}, "geometry": {"type": "Polygon", "coordinates": [[[0.429344099524506, 52.4364266700427], [0.374777423612123, 52.4097288652912], [0.407617046340143, 52.3615737978453], [0.442501205517931, 52.3488315513591], [0.424221634123734, 52.3292163643952], [0.431376631558306, 52.3158254305483], [0.457617975720841, 52.3162509322432], [0.504768754039584, 52.2847156109061], [0.498802934867457, 52.2730213919812], [0.424206341730438, 52.2558715739394], [0.382723057789948, 52.2932662512981], [0.358997248829238, 52.2975427219529], [0.340002513478712, 52.2676878654228], [0.360892976000256, 52.249422388877], [0.342684099441605, 52.2423433461623], [0.371248876090756, 52.226556160209], [0.421335031399158, 52.2396913210168], [0.414517804147287, 52.2478611379193], [0.42696480396438, 52.2536027680285], [0.480337244966199, 52.2326819268452], [0.494931496203922, 52.2392580216355], [0.514484042486228, 52.2267794084401], [0.491332842084376, 52.1651020323233], [0.470730328668491, 52.163258851412], [0.452191370484852, 52.1732042464939], [0.435915802809098, 52.1594950938253], [0.417276418385201, 52.1593066842157], [0.394914563223174, 52.1579697725593], [0.321939140403521, 52.178840252581], [0.22529522726676, 52.2316997657552], [0.229498352846991, 52.2365849567715], [0.210470006268261, 52.2494597079224], [0.220617792960978, 52.2635406506048], [0.211580636128012, 52.2699183033744], [0.241685078397694, 52.2911475367606], [0.248816823636207, 52.3228537641812], [0.20473419130775, 52.3167953032525], [0.197132665754747, 52.3243033469886], [0.168229960875802, 52.3175657522731], [0.162053915222815, 52.3243105982346], [0.139897388786211, 52.3207127327589], [0.0818963512694512, 52.3349548735867], [0.0438681032490772, 52.3528858761776], [0.0513605873555394, 52.3581811227663], [0.0344207867815118, 52.3857499512989], [0.0561990011248367, 52.3978345544814], [0.0436466580949359, 52.4181252929886], [0.0552766969157672, 52.4144347639052], [0.087366925486753, 52.4297652375336], [0.106639353689572, 52.4253374232661], [0.126471077358065, 52.4378549542291], [0.123841539271616, 52.4209697633019], [0.236319141863767, 52.5072905693362], [0.246040899012424, 52.4998913009411], [0.256476359467244, 52.5077142918304], [0.309360655162502, 52.5136222736722], [0.367062169051718, 52.5011737855372], [0.380706411169306, 52.4795394587225], [0.428529094955595, 52.4546526146309], [0.429344099524506, 52.4364266700427]]]}}, {"id": "61", "type": "Feature", "properties": {"LAD22CD": "E07000010", "LAD22NM": "Fenland"}, "geometry": {"type": "Polygon", "coordinates": [[[0.171626068420179, 52.7380317024757], [0.153570700388405, 52.6822231833906], [0.184716621631441, 52.6778946663696], [0.18384177886579, 52.6556620737875], [0.16992534130976, 52.6504354938339], [0.219300091055415, 52.6218124223759], [0.191597447569428, 52.598960635534], [0.218411900456042, 52.5725991314084], [0.205631532529288, 52.5655691362133], [0.217238460682305, 52.5605940019842], [0.204708359463945, 52.5546561656616], [0.205139877280549, 52.5479008832994], [0.214625645028992, 52.549106661398], [0.203871743966295, 52.5454050574981], [0.213145009972898, 52.5381717006166], [0.205847372735243, 52.5338508152413], [0.230591211600485, 52.5279099439945], [0.206123341125585, 52.5196351215419], [0.236319141863767, 52.5072905693362], [0.123841539271616, 52.4209697633019], [0.126471077358065, 52.4378549542291], [0.106639353689572, 52.4253374232661], [0.087366925486753, 52.4297652375336], [0.0552766969157672, 52.4144347639052], [0.0436466580949359, 52.4181252929886], [0.0561990011248367, 52.3978345544814], [0.0344207867815118, 52.3857499512989], [0.01902767280206, 52.4141991780565], [0.0338187105468303, 52.4290030114556], [0.00895227453199051, 52.4545785780014], [-0.0388551390898204, 52.4732856932639], [-0.0481650484637076, 52.5108786260483], [-0.0696748275536814, 52.5168591207057], [-0.07088338704247, 52.5058915434129], [-0.0904244368105259, 52.4962120850852], [-0.0976517819228543, 52.5017052599111], [-0.114435864423427, 52.4890400902672], [-0.187849987826575, 52.541863098196], [-0.197873350783597, 52.5508058317013], [-0.186980183895209, 52.568506749644], [-0.0127518351453913, 52.5942462282237], [-0.0312706832650579, 52.6615327439854], [0.0215003524278174, 52.6648872884646], [0.0485664016375671, 52.6814016602111], [0.0441494759872833, 52.7143823496307], [0.0636266193206916, 52.7273915095045], [0.0890164630047332, 52.7236308013072], [0.132975309366633, 52.7393044772068], [0.171626068420179, 52.7380317024757]]]}}, {"id": "62", "type": "Feature", "properties": {"LAD22CD": "E07000011", "LAD22NM": "Huntingdonshire"}, "geometry": {"type": "Polygon", "coordinates": [[[-0.187849987826575, 52.541863098196], [-0.114435864423427, 52.4890400902672], [-0.0976517819228543, 52.5017052599111], [-0.0904244368105259, 52.4962120850852], [-0.07088338704247, 52.5058915434129], [-0.0696748275536814, 52.5168591207057], [-0.0481650484637076, 52.5108786260483], [-0.0388551390898204, 52.4732856932639], [0.00895227453199051, 52.4545785780014], [0.0338187105468303, 52.4290030114556], [0.01902767280206, 52.4141991780565], [0.0344207867815118, 52.3857499512989], [0.0513605873555394, 52.3581811227663], [0.0438681032490772, 52.3528858761776], [0.00958956284352622, 52.3417182842606], [-0.0146088188981007, 52.3127272561182], [-0.0464643238179933, 52.3146591561923], [-0.0577282104327206, 52.2917560245381], [-0.0853879015478892, 52.2725022753694], [-0.102275730206973, 52.2776681486345], [-0.121149971919179, 52.2573385461596], [-0.142655413949522, 52.2831924637467], [-0.175476895387142, 52.2802171564815], [-0.184123358290536, 52.2607749977291], [-0.177496309641871, 52.2502911877633], [-0.173684856000184, 52.2557791425015], [-0.157122255912511, 52.2543079856324], [-0.132220364100698, 52.2432615468416], [-0.149040937491938, 52.2259495441452], [-0.187016504134822, 52.2287940609073], [-0.195608527755717, 52.2044900404737], [-0.175885348138445, 52.1972559926453], [-0.1528072905725, 52.211996733821], [-0.10812654390922, 52.2068829485299], [-0.100397965732933, 52.182837188765], [-0.138032183854639, 52.1844934626555], [-0.156190466824133, 52.1672458688305], [-0.189534292261615, 52.1692055075993], [-0.216624324385539, 52.1587355439061], [-0.26069408798734, 52.1764014218502], [-0.249785149179338, 52.1843710271715], [-0.240723002820836, 52.1901931437342], [-0.261845188172905, 52.2098669211304], [-0.296284378534113, 52.2104870952342], [-0.285613647569757, 52.2372770686813], [-0.29320898808327, 52.2405161819444], [-0.335249413126625, 52.2428818077989], [-0.34346885979841, 52.2418744209852], [-0.341010840873401, 52.2306474937778], [-0.374375681124288, 52.2329982884739], [-0.382341197020937, 52.2711256565426], [-0.372175068758848, 52.2734998531163], [-0.375009968281875, 52.2804693783712], [-0.421767439464139, 52.2849474985045], [-0.435761112192004, 52.2966568800962], [-0.436088655177378, 52.3144708459939], [-0.465365756545097, 52.3229532812371], [-0.466656737619639, 52.3389275764], [-0.483264192761938, 52.3409032974573], [-0.477682425550585, 52.3489199917172], [-0.498701137705854, 52.3601003499178], [-0.488518815845791, 52.374023541935], [-0.495946267815481, 52.3795155302795], [-0.441509864468212, 52.3849964344035], [-0.417072832141305, 52.4115991109509], [-0.362408041008102, 52.4335312780284], [-0.370217036825639, 52.4399302714173], [-0.341590492473876, 52.4669426273503], [-0.359399580960367, 52.4898590691293], [-0.354345203263394, 52.5064950723187], [-0.413602640818525, 52.5256796137016], [-0.401283297186851, 52.5386846825222], [-0.419593787330186, 52.5589619550433], [-0.407290921113568, 52.564054854817], [-0.415381402678347, 52.5787426397479], [-0.396839712356373, 52.5829983382952], [-0.38545106933809, 52.5671897117264], [-0.348477510272296, 52.5643700887977], [-0.325458398681252, 52.5528890326316], [-0.332735786022453, 52.5465454377598], [-0.293289613103781, 52.5068891095325], [-0.269294934340273, 52.5208245712026], [-0.244780466792031, 52.5229988649975], [-0.234836668380396, 52.5436670977253], [-0.217663960470306, 52.5379234262253], [-0.200398362872374, 52.5452158473434], [-0.187849987826575, 52.541863098196]]]}}, {"id": "63", "type": "Feature", "properties": {"LAD22CD": "E07000012", "LAD22NM": "South Cambridgeshire"}, "geometry": {"type": "Polygon", "coordinates": [[[0.417276418385201, 52.1593066842157], [0.418283006486572, 52.1343556337397], [0.389589786598814, 52.1174705817835], [0.381803808187178, 52.1027012943415], [0.394996785207166, 52.0959681296318], [0.404638263575799, 52.0655023804364], [0.379612827815692, 52.0495627147372], [0.389695372823124, 52.0364665943425], [0.345959343307464, 52.0497170200731], [0.32467398462829, 52.0727832874379], [0.286011765577546, 52.0904076513023], [0.276228961971443, 52.0926383035939], [0.251573042887084, 52.0767861462709], [0.235208003627414, 52.089000050391], [0.203459400262098, 52.0926741553906], [0.183194362384494, 52.0731834554079], [0.189922071971941, 52.0602013963157], [0.167570276572422, 52.0549998115474], [0.166396143400974, 52.048190780182], [0.151116953867509, 52.0528518020285], [0.128135198304803, 52.0473225716999], [0.119077515908339, 52.0599625876485], [0.105736213487718, 52.0602611071123], [0.0922543378316555, 52.0216539889866], [0.0681274189013754, 52.0057887391631], [0.0403063848297938, 52.0533272918014], [0.00408275078554021, 52.0497927840618], [-0.0192804872797891, 52.063535584465], [-0.126567501937775, 52.0209218759846], [-0.133729866748337, 52.0462328527372], [-0.155121032648697, 52.0530610998673], [-0.147505493490738, 52.069403111962], [-0.157331873594096, 52.0805235103049], [-0.144445035225132, 52.1382037573564], [-0.154352348807397, 52.1444079263781], [-0.171534734092178, 52.1395025909765], [-0.234804043652189, 52.144726758307], [-0.216624324385539, 52.1587355439061], [-0.189534292261615, 52.1692055075993], [-0.156190466824133, 52.1672458688305], [-0.138032183854639, 52.1844934626555], [-0.100397965732933, 52.182837188765], [-0.10812654390922, 52.2068829485299], [-0.1528072905725, 52.211996733821], [-0.175885348138445, 52.1972559926453], [-0.195608527755717, 52.2044900404737], [-0.187016504134822, 52.2287940609073], [-0.149040937491938, 52.2259495441452], [-0.132220364100698, 52.2432615468416], [-0.157122255912511, 52.2543079856324], [-0.173684856000184, 52.2557791425015], [-0.177496309641871, 52.2502911877633], [-0.184123358290536, 52.2607749977291], [-0.175476895387142, 52.2802171564815], [-0.142655413949522, 52.2831924637467], [-0.121149971919179, 52.2573385461596], [-0.102275730206973, 52.2776681486345], [-0.0853879015478892, 52.2725022753694], [-0.0577282104327206, 52.2917560245381], [-0.0464643238179933, 52.3146591561923], [-0.0146088188981007, 52.3127272561182], [0.00958956284352622, 52.3417182842606], [0.0438681032490772, 52.3528858761776], [0.0818963512694512, 52.3349548735867], [0.139897388786211, 52.3207127327589], [0.162053915222815, 52.3243105982346], [0.168229960875802, 52.3175657522731], [0.197132665754747, 52.3243033469886], [0.20473419130775, 52.3167953032525], [0.248816823636207, 52.3228537641812], [0.241685078397694, 52.2911475367606], [0.211580636128012, 52.2699183033744], [0.220617792960978, 52.2635406506048], [0.210470006268261, 52.2494597079224], [0.229498352846991, 52.2365849567715], [0.22529522726676, 52.2316997657552], [0.321939140403521, 52.178840252581], [0.394914563223174, 52.1579697725593], [0.417276418385201, 52.1593066842157]], [[0.165415038145541, 52.2344624372544], [0.155281124144731, 52.2372295579635], [0.147525013049652, 52.2297854247939], [0.129870221496044, 52.2356496483513], [0.0686447743451738, 52.2161102884229], [0.104714533759209, 52.1906563668759], [0.103429649976074, 52.1579417014909], [0.141755789736116, 52.1710045572234], [0.154926887702132, 52.164622885697], [0.162629276293122, 52.1724814283803], [0.181328828929856, 52.1694905633957], [0.182686405219807, 52.1981110150018], [0.167344322667743, 52.2041480396168], [0.175843713742761, 52.2172414362742], [0.154851230298712, 52.2264866602941], [0.165415038145541, 52.2344624372544]]]}}, {"id": "64", "type": "Feature", "properties": {"LAD22CD": "E07000026", "LAD22NM": "Allerdale"}, "geometry": {"type": "Polygon", "coordinates": [[[-3.11902743755375, 54.9262115309029], [-3.12636155651395, 54.9055081242796], [-3.07835540102112, 54.9046298458163], [-3.07087879091759, 54.8897114411286], [-3.05717362549593, 54.8867463307229], [-3.07236659839359, 54.876054446478], [-3.0549244607956, 54.8656387780362], [-3.07054327197497, 54.8607101940365], [-3.06620838845845, 54.8549500636098], [-3.02270955470047, 54.8524036503151], [-3.02901845942132, 54.8397614784514], [-3.04745732896087, 54.8334945143452], [-3.03073374639573, 54.82677892812], [-3.0267709013085, 54.8012027248767], [-3.00176243129184, 54.8002416995219], [-3.00932118075373, 54.7910708563305], [-2.98793772676021, 54.7937191967152], [-2.98443760923693, 54.7761576696433], [-2.99140384997999, 54.7612778691106], [-3.02615141676409, 54.747827484676], [-2.98364586434086, 54.7209384246182], [-2.99227461063221, 54.6962429132653], [-3.06379850515297, 54.7000820972859], [-3.08192015283893, 54.6952538424487], [-3.0871910117655, 54.6860919587122], [-3.05460436414447, 54.6797572034447], [-3.08665259057617, 54.6635567662475], [-3.09429434507791, 54.6438697715014], [-3.08694913328687, 54.6126449823968], [-3.0447068534121, 54.6142956820168], [-3.03434149513967, 54.6027776273257], [-3.00749127913815, 54.5953478539797], [-3.03706473510016, 54.5809871435035], [-3.01828209753154, 54.5749949140102], [-3.02879338492837, 54.5669270624056], [-3.01677730569577, 54.5615895576106], [-3.02576058994763, 54.5300959305429], [-3.01531381341767, 54.525594230663], [-3.01483453751538, 54.4998433176212], [-3.07621436683208, 54.4893655016804], [-3.09775314487292, 54.471903443782], [-3.1094789593098, 54.4740037274828], [-3.11257305674493, 54.4614907783258], [-3.13644410048438, 54.4707460250028], [-3.16713932401525, 54.4541106699469], [-3.21932077958497, 54.482024062374], [-3.21215623506086, 54.4936746683757], [-3.22471589473835, 54.5023360192796], [-3.30578399567594, 54.5301335635497], [-3.36008514958047, 54.5379537848715], [-3.37614622362221, 54.573256381546], [-3.39340455840967, 54.5860090203122], [-3.43399381647929, 54.5974742308959], [-3.44621872416072, 54.5815496626206], [-3.48112732240263, 54.5811895256751], [-3.48947926412773, 54.5977986502318], [-3.51112985311902, 54.6047830032954], [-3.54633298918119, 54.6071253384818], [-3.55422636813884, 54.5964428274101], [-3.57254999513099, 54.6006838020022], [-3.57254544065115, 54.6006956912239], [-3.56587887249883, 54.6122861580659], [-3.57992389218566, 54.6523060929086], [-3.57171229927862, 54.6509051437246], [-3.55127011648942, 54.6481249624057], [-3.54433497279801, 54.6471808942658], [-3.55127224775831, 54.6481808637502], [-3.57147903960021, 54.6510910062735], [-3.55197517936895, 54.6666242461248], [-3.51920505141286, 54.692689492652], [-3.51447352713873, 54.7066553706718], [-3.50767347551117, 54.7168333742923], [-3.49393308709911, 54.7125184481717], [-3.50728814335284, 54.7174099602337], [-3.50687256077377, 54.7180317909731], [-3.45820419867999, 54.7461835942946], [-3.43685965605082, 54.7585120844388], [-3.43776337258913, 54.8019042676163], [-3.39985761369859, 54.8674151096153], [-3.36746156706288, 54.8910734586185], [-3.33804122038995, 54.9002767908812], [-3.28562570148331, 54.8783055047568], [-3.28725743594504, 54.8914923627785], [-3.27504591743596, 54.8878431294191], [-3.26245923201949, 54.8951146603766], [-3.26381188530612, 54.889084928646], [-3.24953878046653, 54.9007207885345], [-3.2524478404842, 54.9111949102197], [-3.27172937884571, 54.8995153933301], [-3.3085081624768, 54.9116348450494], [-3.31428356394279, 54.9203379098357], [-3.30420390997731, 54.927680394519], [-3.28514248532819, 54.9415560740384], [-3.26528062149076, 54.9430441781962], [-3.26884482456821, 54.9370780584615], [-3.25043929843779, 54.9450961673885], [-3.2320871627843, 54.953085077038], [-3.20439693660345, 54.9537395666337], [-3.15339599617139, 54.9318759189688], [-3.13806478859947, 54.9293505398401], [-3.11902743755375, 54.9262115309029]]]}}, {"id": "65", "type": "Feature", "properties": {"LAD22CD": "E07000027", "LAD22NM": "Barrow-in-Furness"}, "geometry": {"type": "MultiPolygon", "coordinates": [[[[-3.24293638304044, 54.0989390227959], [-3.25246271722293, 54.0957650228913], [-3.24315966275771, 54.0975198527239], [-3.24719285956558, 54.092203437281], [-3.22433693414325, 54.0820072701453], [-3.22095529220927, 54.0804979069459], [-3.22414929147294, 54.0756345332347], [-3.22681625445275, 54.0715727454244], [-3.2239971928029, 54.0704868259299], [-3.21026624924842, 54.065195864049], [-3.2048924930785, 54.0516166252676], [-3.17858767237087, 54.0552646139441], [-3.17410086163805, 54.0482939390889], [-3.17302733249502, 54.0552727460432], [-3.1731611097089, 54.0470766161124], [-3.20991255885691, 54.0476711092428], [-3.22374027168623, 54.0617668722281], [-3.26855382921652, 54.1073707841784], [-3.27638163870848, 54.1428860394], [-3.25228742598976, 54.1503697672924], [-3.26687449786406, 54.1419213633256], [-3.24560541870846, 54.1098592279291], [-3.24293638304044, 54.0989390227959]]], [[[-3.14762715252191, 54.2184764646447], [-3.16376735598977, 54.1923644939125], [-3.14259742713054, 54.1652601010732], [-3.16290743110432, 54.1588809150914], [-3.159633994649, 54.1349521137855], [-3.17486800915171, 54.1147647073816], [-3.1447757866118, 54.0994933378424], [-3.14961817985814, 54.0939437570351], [-3.14914115372323, 54.0935517828541], [-3.17245176634143, 54.0817613750795], [-3.15074352127841, 54.0648101784215], [-3.17142736225561, 54.0796335719051], [-3.17803439975689, 54.0749170593719], [-3.17368927448801, 54.0833230014236], [-3.191702546106, 54.1030629025665], [-3.21478539668759, 54.0980541483201], [-3.22017801791181, 54.08973379868], [-3.22468323384569, 54.0937625505823], [-3.24210103045427, 54.1093292309558], [-3.23696441312236, 54.1546838570895], [-3.24942328424079, 54.1547257776922], [-3.25756916744061, 54.1664813190825], [-3.22707983869432, 54.1747887075919], [-3.21715649699402, 54.1774901741346], [-3.22307462414529, 54.1877780329661], [-3.21484519355637, 54.1856352212478], [-3.21307847021506, 54.2071814736063], [-3.20594537237362, 54.2097022611276], [-3.2026757139227, 54.2108574909084], [-3.20052151956841, 54.2082276969131], [-3.16764580143073, 54.2031520114218], [-3.14762715252191, 54.2184764646447]]]]}}, {"id": "66", "type": "Feature", "properties": {"LAD22CD": "E07000028", "LAD22NM": "Carlisle"}, "geometry": {"type": "Polygon", "coordinates": [[[-2.58267104737595, 54.8458667824507], [-2.60376879318739, 54.8533439388814], [-2.65533006186429, 54.8547688186273], [-2.68013667560407, 54.835317414804], [-2.70122446991913, 54.8336049227518], [-2.68971646694427, 54.819356125041], [-2.70566264155142, 54.8163626263471], [-2.7495773675657, 54.8291271616137], [-2.75642779989083, 54.8228577776168], [-2.79937799358632, 54.8187181647024], [-2.86306046753203, 54.8372537663914], [-2.88147111850009, 54.8234975647905], [-2.90740931059808, 54.8219583796582], [-2.90441421867941, 54.8130190789603], [-2.92108151224533, 54.8092072906001], [-2.94478372699122, 54.7840435613091], [-2.98443760923693, 54.7761576696433], [-2.98793772676021, 54.7937191967152], [-3.00932118075373, 54.7910708563305], [-3.00176243129184, 54.8002416995219], [-3.0267709013085, 54.8012027248767], [-3.03073374639573, 54.82677892812], [-3.04745732896087, 54.8334945143452], [-3.02901845942132, 54.8397614784514], [-3.02270955470047, 54.8524036503151], [-3.06620838845845, 54.8549500636098], [-3.07054327197497, 54.8607101940365], [-3.0549244607956, 54.8656387780362], [-3.07236659839359, 54.876054446478], [-3.05717362549593, 54.8867463307229], [-3.07087879091759, 54.8897114411286], [-3.07835540102112, 54.9046298458163], [-3.12636155651395, 54.9055081242796], [-3.11902743755375, 54.9262115309029], [-3.11879493423356, 54.9261731729077], [-3.11867455103816, 54.9257589689471], [-3.11892992727613, 54.9255491101698], [-3.11893287217663, 54.9253835097198], [-3.0840894455927, 54.9298441587744], [-3.08408551861442, 54.9298446611125], [-3.11893710299614, 54.934574239076], [-3.1251982386522, 54.9440475649535], [-3.11389274181655, 54.9407055175093], [-3.12194805883777, 54.9445392650163], [-3.11419408923445, 54.9471963829164], [-3.12707163911517, 54.9509161969341], [-3.09570457133573, 54.946222009192], [-3.1038154099739, 54.9486017442549], [-3.11727194238696, 54.9559112521131], [-3.10559929267497, 54.9506683232826], [-3.11160806177241, 54.9576275385853], [-3.08541802549693, 54.965166954767], [-3.06334983536677, 54.9834909761255], [-3.06034227956666, 54.9845184231612], [-3.04969911914366, 54.9835262704237], [-3.04831472102066, 54.9833971453348], [-3.05306491980804, 54.9920964315082], [-3.0258749316412, 55.0364588169844], [-3.05341969195431, 55.0472840380947], [-3.05092854160806, 55.0528035980455], [-2.95859356798911, 55.0492945920762], [-2.93640742375778, 55.0595859281934], [-2.94042911604544, 55.0691281612352], [-2.89687924721878, 55.0779496478708], [-2.88629245338616, 55.0948098956192], [-2.85854113572268, 55.108348796638], [-2.82760794396969, 55.124836869601], [-2.82550257520544, 55.1383140722935], [-2.78487492210069, 55.1417752165799], [-2.70340462667013, 55.1732113009497], [-2.68979023468094, 55.1889842117909], [-2.67455532373979, 55.1758914671104], [-2.67732441001798, 55.1554875886212], [-2.65693941785208, 55.1361318311632], [-2.59890282488408, 55.1245757167589], [-2.59353940991365, 55.1050960593852], [-2.5684260078781, 55.0962614140758], [-2.56213639511458, 55.0834621700379], [-2.50257438882916, 55.0907586762788], [-2.48608636846352, 55.0824435692357], [-2.503984940725, 55.0624298945368], [-2.48304985288842, 55.0400190767258], [-2.57285163622922, 55.0163983334404], [-2.5733107670136, 54.9876377877579], [-2.60142928961523, 54.9713401703018], [-2.59556897269462, 54.9634809328243], [-2.56849154078611, 54.9583618179879], [-2.56764946010163, 54.9408560220603], [-2.54527258594749, 54.9291719631133], [-2.56622128211943, 54.9192380637087], [-2.57641404338101, 54.8967171106932], [-2.60543022085515, 54.8843823124884], [-2.57335234214531, 54.8535461971699], [-2.58267104737595, 54.8458667824507]]]}}, {"id": "67", "type": "Feature", "properties": {"LAD22CD": "E07000029", "LAD22NM": "Copeland"}, "geometry": {"type": "Polygon", "coordinates": [[[-3.16713932401525, 54.4541106699469], [-3.15701833917043, 54.430281330034], [-3.13597805970072, 54.4218834683168], [-3.12399616467033, 54.4275066506221], [-3.11526076889582, 54.4150211628492], [-3.17075794156601, 54.3997302535283], [-3.19459920159338, 54.3543510453189], [-3.20708504139559, 54.3529577486197], [-3.24186952660748, 54.323526676214], [-3.23092234559174, 54.3146798562962], [-3.23048130161104, 54.2698255041293], [-3.23369265740103, 54.2602364192377], [-3.22951765830291, 54.2568522887251], [-3.22294835847883, 54.2515259668409], [-3.22931246390365, 54.2499597360809], [-3.24367029073434, 54.2464245572225], [-3.2292890127418, 54.2491719903558], [-3.22818031366543, 54.2493837133071], [-3.22571208629263, 54.2397525788158], [-3.22894538541977, 54.237632481862], [-3.26587127395947, 54.2133984129566], [-3.2541228942307, 54.2103008748486], [-3.25149845296001, 54.2158306540979], [-3.24515518493931, 54.2093030840288], [-3.23928635744296, 54.2032616178742], [-3.2542342141569, 54.1915431472555], [-3.28769043874587, 54.1970702113775], [-3.29798674859206, 54.1886521672246], [-3.32170584053956, 54.1902610776891], [-3.34201556769913, 54.2082636665371], [-3.39372581991417, 54.2540127326045], [-3.42115452865345, 54.2846577465726], [-3.42363800941761, 54.3383576453878], [-3.4101277752554, 54.3503866017222], [-3.41730341090879, 54.3489752981744], [-3.43529628991901, 54.3434114248467], [-3.47844140337371, 54.3864297768298], [-3.50299686661292, 54.4108654783643], [-3.54342906452615, 54.4410225151794], [-3.63893556022754, 54.5120256573913], [-3.61327858537943, 54.5252610491111], [-3.60930941750901, 54.5300822367203], [-3.60777703189469, 54.5309970625347], [-3.60680056850898, 54.5331289811261], [-3.59110971856104, 54.552172601235], [-3.58627507708491, 54.5648203737105], [-3.57254999513099, 54.6006838020022], [-3.55422636813884, 54.5964428274101], [-3.54633298918119, 54.6071253384818], [-3.51112985311902, 54.6047830032954], [-3.48947926412773, 54.5977986502318], [-3.48112732240263, 54.5811895256751], [-3.44621872416072, 54.5815496626206], [-3.43399381647929, 54.5974742308959], [-3.39340455840967, 54.5860090203122], [-3.37614622362221, 54.573256381546], [-3.36008514958047, 54.5379537848715], [-3.30578399567594, 54.5301335635497], [-3.22471589473835, 54.5023360192796], [-3.21215623506086, 54.4936746683757], [-3.21932077958497, 54.482024062374], [-3.16713932401525, 54.4541106699469]]]}}, {"id": "68", "type": "Feature", "properties": {"LAD22CD": "E07000030", "LAD22NM": "Eden"}, "geometry": {"type": "Polygon", "coordinates": [[[-2.31208952139602, 54.791015046825], [-2.32574674351607, 54.7266292305767], [-2.35574349125271, 54.6976521794555], [-2.35176911416252, 54.6859308509191], [-2.32728766378882, 54.6707277195715], [-2.29287495116333, 54.6638852920078], [-2.28797868797798, 54.6504801041079], [-2.32493776754246, 54.6316502370591], [-2.30451453732035, 54.5961978460776], [-2.20948818801938, 54.5517133732167], [-2.19753056810017, 54.5327039659281], [-2.17239803091537, 54.5324441161867], [-2.15899719522345, 54.4720296362657], [-2.17021302340634, 54.4581987855746], [-2.17750847989225, 54.4616256756333], [-2.18931554536681, 54.4489784740485], [-2.24953922329874, 54.4519434362394], [-2.29286520125281, 54.4393074918431], [-2.30814588994671, 54.4197937724531], [-2.30550673679387, 54.3971200662175], [-2.29178388191327, 54.3909045153945], [-2.2974404079712, 54.3768987653342], [-2.31704255658246, 54.3763105185636], [-2.34464790841351, 54.3596285107861], [-2.36771223910638, 54.3560706152439], [-2.38231771484371, 54.3713146969214], [-2.42087391714814, 54.3658451629761], [-2.44377235498822, 54.3760281645282], [-2.46272910126603, 54.3683843457393], [-2.48365306020572, 54.3773522768534], [-2.51368692416275, 54.3679339783167], [-2.538224122142, 54.3942253968627], [-2.55243262104981, 54.3869624633068], [-2.57525423766536, 54.3919848450442], [-2.5834704734381, 54.387650398224], [-2.60397555009017, 54.4069285373119], [-2.64027655978954, 54.4043462189631], [-2.68680357027351, 54.4266652164202], [-2.68921589902779, 54.4457554473157], [-2.70393368512108, 54.4322068944086], [-2.78917652003913, 54.4649819142245], [-2.80687704295491, 54.4820601244887], [-2.81592453878377, 54.4746118657015], [-2.8384958651177, 54.4761541253435], [-2.86534293744356, 54.49014300161], [-2.87561766303319, 54.4811005457371], [-2.90627846384084, 54.4813479854911], [-2.91981878893852, 54.4647790666166], [-2.95534731649034, 54.4845323262068], [-2.96636042360584, 54.4822320509732], [-2.98047670181107, 54.4959542526634], [-3.01375314975817, 54.494710773992], [-3.01483453751538, 54.4998433176212], [-3.01531381341767, 54.525594230663], [-3.02576058994763, 54.5300959305429], [-3.01677730569577, 54.5615895576106], [-3.02879338492837, 54.5669270624056], [-3.01828209753154, 54.5749949140102], [-3.03706473510016, 54.5809871435035], [-3.00749127913815, 54.5953478539797], [-3.03434149513967, 54.6027776273257], [-3.0447068534121, 54.6142956820168], [-3.08694913328687, 54.6126449823968], [-3.09429434507791, 54.6438697715014], [-3.08665259057617, 54.6635567662475], [-3.05460436414447, 54.6797572034447], [-3.0871910117655, 54.6860919587122], [-3.08192015283893, 54.6952538424487], [-3.06379850515297, 54.7000820972859], [-2.99227461063221, 54.6962429132653], [-2.98364586434086, 54.7209384246182], [-3.02615141676409, 54.747827484676], [-2.99140384997999, 54.7612778691106], [-2.98443760923693, 54.7761576696433], [-2.94478372699122, 54.7840435613091], [-2.92108151224533, 54.8092072906001], [-2.90441421867941, 54.8130190789603], [-2.90740931059808, 54.8219583796582], [-2.88147111850009, 54.8234975647905], [-2.86306046753203, 54.8372537663914], [-2.79937799358632, 54.8187181647024], [-2.75642779989083, 54.8228577776168], [-2.7495773675657, 54.8291271616137], [-2.70566264155142, 54.8163626263471], [-2.68971646694427, 54.819356125041], [-2.70122446991913, 54.8336049227518], [-2.68013667560407, 54.835317414804], [-2.65533006186429, 54.8547688186273], [-2.60376879318739, 54.8533439388814], [-2.58267104737595, 54.8458667824507], [-2.5583066678318, 54.8167246166541], [-2.5234414544492, 54.8060451310163], [-2.4953568980919, 54.8103421048662], [-2.46060153125164, 54.8341721857399], [-2.42275637725897, 54.8428302557336], [-2.41165283311268, 54.8564500653273], [-2.38998545538645, 54.8321552442485], [-2.34842858236683, 54.8070792761441], [-2.32738520521004, 54.8053324704389], [-2.31208952139602, 54.791015046825]]]}}, {"id": "69", "type": "Feature", "properties": {"LAD22CD": "E07000031", "LAD22NM": "South Lakeland"}, "geometry": {"type": "Polygon", "coordinates": [[[-2.36771223910638, 54.3560706152439], [-2.30984140863991, 54.3243149783909], [-2.32452246431824, 54.3031836229855], [-2.31909631949867, 54.2571558310793], [-2.33765745303457, 54.2375990714247], [-2.36231711509247, 54.2497526297027], [-2.37302060410132, 54.2400989043776], [-2.39677965225249, 54.239381080598], [-2.40563193679838, 54.2249151689987], [-2.46086273483392, 54.2267161360628], [-2.45958529173133, 54.2395684104832], [-2.5760776553629, 54.1955951834225], [-2.62495689056548, 54.1955687289251], [-2.63996446425009, 54.2020453818876], [-2.67987623790917, 54.161134716838], [-2.73648911636349, 54.1690268159802], [-2.7343869846531, 54.1841109651538], [-2.76823199124557, 54.1859641133149], [-2.79898153022298, 54.1977407703035], [-2.83721686204006, 54.1741724007201], [-2.83791619316485, 54.1742265695563], [-2.86353636050711, 54.1825498893088], [-2.86413625014924, 54.1919973743317], [-2.84251014251282, 54.2055914917548], [-2.88723999541488, 54.1990695271572], [-2.90204148877986, 54.189384776696], [-2.89609019775481, 54.1811799557605], [-2.9107040810438, 54.1795395813601], [-2.89941932329488, 54.1761091586117], [-2.92047738559316, 54.1659119683532], [-2.92227404774213, 54.1650415477917], [-2.92045740430492, 54.1650120686909], [-2.90832735362018, 54.164814529478], [-2.92022786831272, 54.1546691705372], [-2.9253595496205, 54.1502924529874], [-2.99986531098492, 54.1547641483434], [-2.9894185372414, 54.1794552591602], [-3.00648866080173, 54.1722494756328], [-3.00503103449878, 54.1802783275806], [-3.0102819385971, 54.1769084197907], [-3.03866105294493, 54.1972507792585], [-3.02295398771924, 54.1915604091321], [-3.03474478216628, 54.1962947760005], [-3.0329481584776, 54.2113110285549], [-3.03278759964741, 54.2126524606885], [-3.03435913862166, 54.2112988866923], [-3.06351928095241, 54.1861631276735], [-3.06085394204944, 54.1620429868887], [-3.10574272380438, 54.1190378684389], [-3.14910224003047, 54.0935714556484], [-3.14914115372323, 54.0935517828541], [-3.14961817985814, 54.0939437570351], [-3.1447757866118, 54.0994933378424], [-3.17486800915171, 54.1147647073816], [-3.159633994649, 54.1349521137855], [-3.16290743110432, 54.1588809150914], [-3.14259742713054, 54.1652601010732], [-3.16376735598977, 54.1923644939125], [-3.14762715252191, 54.2184764646447], [-3.16764580143073, 54.2031520114218], [-3.20052151956841, 54.2082276969131], [-3.2026757139227, 54.2108574909084], [-3.2020275356652, 54.2110864854198], [-3.20235016513421, 54.2114055565867], [-3.2024389046324, 54.2115351210961], [-3.20271438634452, 54.2117194739633], [-3.20322243192548, 54.2121945078046], [-3.20328191129382, 54.2123345429238], [-3.17969915557214, 54.2388182531304], [-3.19773549984822, 54.2289034861714], [-3.21030869616764, 54.2540462963598], [-3.22911797982576, 54.259971519675], [-3.22783621329278, 54.2777201940447], [-3.22995091359922, 54.2714087711373], [-3.23048130161104, 54.2698255041293], [-3.23092234559174, 54.3146798562962], [-3.24186952660748, 54.323526676214], [-3.20708504139559, 54.3529577486197], [-3.19459920159338, 54.3543510453189], [-3.17075794156601, 54.3997302535283], [-3.11526076889582, 54.4150211628492], [-3.12399616467033, 54.4275066506221], [-3.13597805970072, 54.4218834683168], [-3.15701833917043, 54.430281330034], [-3.16713932401525, 54.4541106699469], [-3.13644410048438, 54.4707460250028], [-3.11257305674493, 54.4614907783258], [-3.1094789593098, 54.4740037274828], [-3.09775314487292, 54.471903443782], [-3.07621436683208, 54.4893655016804], [-3.01483453751538, 54.4998433176212], [-3.01375314975817, 54.494710773992], [-2.98047670181107, 54.4959542526634], [-2.96636042360584, 54.4822320509732], [-2.95534731649034, 54.4845323262068], [-2.91981878893852, 54.4647790666166], [-2.90627846384084, 54.4813479854911], [-2.87561766303319, 54.4811005457371], [-2.86534293744356, 54.49014300161], [-2.8384958651177, 54.4761541253435], [-2.81592453878377, 54.4746118657015], [-2.80687704295491, 54.4820601244887], [-2.78917652003913, 54.4649819142245], [-2.70393368512108, 54.4322068944086], [-2.68921589902779, 54.4457554473157], [-2.68680357027351, 54.4266652164202], [-2.64027655978954, 54.4043462189631], [-2.60397555009017, 54.4069285373119], [-2.5834704734381, 54.387650398224], [-2.57525423766536, 54.3919848450442], [-2.55243262104981, 54.3869624633068], [-2.538224122142, 54.3942253968627], [-2.51368692416275, 54.3679339783167], [-2.48365306020572, 54.3773522768534], [-2.46272910126603, 54.3683843457393], [-2.44377235498822, 54.3760281645282], [-2.42087391714814, 54.3658451629761], [-2.38231771484371, 54.3713146969214], [-2.36771223910638, 54.3560706152439]]]}}, {"id": "70", "type": "Feature", "properties": {"LAD22CD": "E07000032", "LAD22NM": "Amber Valley"}, "geometry": {"type": "Polygon", "coordinates": [[[-1.3736501798879, 53.1078564640497], [-1.36074246120962, 53.0904018798636], [-1.33163547679324, 53.0809878876668], [-1.34442765908781, 53.0655425436049], [-1.33586846310334, 53.0529658466922], [-1.33198491998771, 53.0311504132691], [-1.30744372494867, 53.0036547888145], [-1.33279192907299, 52.9781425990939], [-1.37103110184689, 52.9730865562144], [-1.38541377586392, 52.9822974788589], [-1.40930229673632, 52.9770149367444], [-1.47873510419437, 52.9825521509176], [-1.47463054024943, 52.9659280296716], [-1.49540548177514, 52.9658793628944], [-1.508028820759, 52.9374518096928], [-1.54406849888716, 52.9242077388049], [-1.57010156428262, 52.9357948993032], [-1.60405403031962, 52.9368126339678], [-1.60713693950362, 52.9471722780436], [-1.59939427987066, 52.9625882794063], [-1.57104301171101, 52.9665669732074], [-1.57143712832702, 52.9739953802791], [-1.60214439286183, 52.9854402004425], [-1.59926572121242, 52.9984235715262], [-1.57679836522948, 53.0020628848852], [-1.57875455926928, 53.0146870956801], [-1.56674630317074, 53.0136965720835], [-1.57611077695101, 53.0176846478716], [-1.56632607852009, 53.0224685087263], [-1.58488267131065, 53.0203888808986], [-1.59856684154634, 53.0304704377811], [-1.58097249379411, 53.0422971433171], [-1.59143882132993, 53.0547340973106], [-1.55327251700791, 53.0690183908409], [-1.53360287822369, 53.0869437600214], [-1.5193445618098, 53.0862399068006], [-1.51205870742964, 53.0933647742941], [-1.53110437537159, 53.1004814375077], [-1.52351061235666, 53.1204295891282], [-1.49536574441841, 53.1339645595524], [-1.44825223293112, 53.1036738143507], [-1.3736501798879, 53.1078564640497]]]}}, {"id": "71", "type": "Feature", "properties": {"LAD22CD": "E07000033", "LAD22NM": "Bolsover"}, "geometry": {"type": "Polygon", "coordinates": [[[-1.20942448225347, 53.2176967645087], [-1.19693616205072, 53.1848179040421], [-1.24044959727148, 53.178647941862], [-1.25993009829984, 53.1644809106531], [-1.29596178794204, 53.1712248619122], [-1.30071178856708, 53.1642145389807], [-1.32344684110941, 53.1623424531774], [-1.3217802282925, 53.1306503063911], [-1.30061890454589, 53.1020493750728], [-1.30925140895617, 53.0967701742604], [-1.30288896584389, 53.0881985921266], [-1.33163547679324, 53.0809878876668], [-1.36074246120962, 53.0904018798636], [-1.3736501798879, 53.1078564640497], [-1.37782584141351, 53.1361007571847], [-1.352841764681, 53.1587506561646], [-1.37826515219979, 53.1737252389126], [-1.35678252359751, 53.1854746469879], [-1.31849967644008, 53.1859227705539], [-1.31059409915273, 53.2160505065708], [-1.31920220965358, 53.2395822679761], [-1.33126290167698, 53.2572322959948], [-1.30130161259842, 53.2638916062256], [-1.31670226716525, 53.2816569344319], [-1.3241413877803, 53.2951087809007], [-1.31067416988558, 53.2979481124996], [-1.32189472186337, 53.3090667603764], [-1.28201141324174, 53.3094625902199], [-1.2438683827737, 53.301569792195], [-1.23068793446757, 53.3085597350777], [-1.2032390468772, 53.3042232405841], [-1.19974106069052, 53.3114394544059], [-1.17662736690992, 53.305131654038], [-1.1801170205129, 53.2871347459353], [-1.1664875414478, 53.277655368261], [-1.18154150249029, 53.2700320636288], [-1.17468978885802, 53.2651647087048], [-1.20245028564644, 53.2612195426046], [-1.21302650313245, 53.247672496561], [-1.20199681749734, 53.2355553187409], [-1.20942448225347, 53.2176967645087]]]}}, {"id": "72", "type": "Feature", "properties": {"LAD22CD": "E07000034", "LAD22NM": "Chesterfield"}, "geometry": {"type": "Polygon", "coordinates": [[[-1.31670226716525, 53.2816569344319], [-1.30130161259842, 53.2638916062256], [-1.33126290167698, 53.2572322959948], [-1.31920220965358, 53.2395822679761], [-1.34706432345177, 53.2395396727593], [-1.35086226604643, 53.2463887668922], [-1.38034092228456, 53.2437965707079], [-1.40079809619346, 53.2342824012743], [-1.40100797104627, 53.2139569433573], [-1.42084291802479, 53.212442201971], [-1.44000083841075, 53.213593307286], [-1.44120467684798, 53.220630976652], [-1.47952647311652, 53.222228614821], [-1.48415747402457, 53.2289759138684], [-1.47136301225008, 53.2361829416791], [-1.48170767526146, 53.2464836823854], [-1.47113390094636, 53.2594127197118], [-1.480600717919, 53.2633454892212], [-1.46419979529124, 53.2679993833188], [-1.45706890180163, 53.2837453417855], [-1.4390361717586, 53.2802102803155], [-1.41543950334017, 53.2876386849426], [-1.39927750187952, 53.2819718868648], [-1.37705345004644, 53.2990440943817], [-1.36689237867147, 53.2891837425401], [-1.3336341862417, 53.2897577453221], [-1.31670226716525, 53.2816569344319]]]}}, {"id": "73", "type": "Feature", "properties": {"LAD22CD": "E07000035", "LAD22NM": "Derbyshire Dales"}, "geometry": {"type": "Polygon", "coordinates": [[[-1.59909327897252, 53.3113181996876], [-1.59744150895426, 53.2957567034224], [-1.5786647805756, 53.2864695793782], [-1.58939172536656, 53.2787387810688], [-1.58493673817857, 53.262697284829], [-1.56577992804894, 53.2614283055985], [-1.55717592443607, 53.2495611241683], [-1.57205620085668, 53.2410130653796], [-1.56901995525591, 53.223128724344], [-1.51560258494294, 53.2027064199615], [-1.54829491835565, 53.1999183487509], [-1.54996700353718, 53.1854561390204], [-1.49536574441841, 53.1339645595524], [-1.52351061235666, 53.1204295891282], [-1.53110437537159, 53.1004814375077], [-1.51205870742964, 53.0933647742941], [-1.5193445618098, 53.0862399068006], [-1.53360287822369, 53.0869437600214], [-1.55327251700791, 53.0690183908409], [-1.59143882132993, 53.0547340973106], [-1.58097249379411, 53.0422971433171], [-1.59856684154634, 53.0304704377811], [-1.58488267131065, 53.0203888808986], [-1.56632607852009, 53.0224685087263], [-1.57611077695101, 53.0176846478716], [-1.56674630317074, 53.0136965720835], [-1.57875455926928, 53.0146870956801], [-1.57679836522948, 53.0020628848852], [-1.59926572121242, 52.9984235715262], [-1.60214439286183, 52.9854402004425], [-1.57143712832702, 52.9739953802791], [-1.57104301171101, 52.9665669732074], [-1.59939427987066, 52.9625882794063], [-1.60713693950362, 52.9471722780436], [-1.650235053157, 52.9445668502646], [-1.65891065635608, 52.9025866934573], [-1.67820390362001, 52.9215855228739], [-1.70822781584505, 52.9220054521117], [-1.71446720396847, 52.9095864979659], [-1.74895489743199, 52.912493204919], [-1.73656105939717, 52.8952202881934], [-1.74600328186458, 52.8686931604978], [-1.77722065071375, 52.8838147408519], [-1.82820959492902, 52.8844277546452], [-1.85657559960297, 52.9233909598958], [-1.8297993167524, 52.9457059852571], [-1.82678096538971, 52.9770857589323], [-1.76240468835541, 52.9998576830648], [-1.758931442407, 53.037315773926], [-1.77898129670065, 53.0448443741093], [-1.77565273133291, 53.0593546425468], [-1.79423901989599, 53.088394057015], [-1.7837258959914, 53.1028279820508], [-1.82187637070365, 53.136704070198], [-1.81254009047435, 53.1543431162395], [-1.86073152881043, 53.1884255648904], [-1.89863293086253, 53.1999569790687], [-1.91855680618971, 53.2179861830762], [-1.91075583269289, 53.2216946035296], [-1.89759788694869, 53.2104528180482], [-1.88694523567232, 53.2177328346949], [-1.88264554255654, 53.2033048053672], [-1.87270802942264, 53.2156581707602], [-1.84242378952444, 53.1947621443657], [-1.83160471957297, 53.1975876313042], [-1.83125307392111, 53.210649180952], [-1.87426600073336, 53.2268469296227], [-1.84437803741559, 53.2504108721493], [-1.79028664626895, 53.2564120379379], [-1.81751600778319, 53.2825642280589], [-1.82262598352133, 53.3028118167011], [-1.76066346017558, 53.3382391352323], [-1.73020578886302, 53.3386301488433], [-1.727587602318, 53.3191439053216], [-1.70044880941732, 53.323624756637], [-1.69686706714368, 53.3348049276724], [-1.6712038721357, 53.3493833454302], [-1.67331200337525, 53.369393412092], [-1.65381782187416, 53.3919108271105], [-1.66354854039897, 53.3665951663589], [-1.59054795436381, 53.345920985244], [-1.61230306160512, 53.3432186697883], [-1.63272698677736, 53.3208392129653], [-1.6254937445137, 53.3164239788115], [-1.6092015844932, 53.3226639610628], [-1.59909327897252, 53.3113181996876]]]}}, {"id": "74", "type": "Feature", "properties": {"LAD22CD": "E07000036", "LAD22NM": "Erewash"}, "geometry": {"type": "Polygon", "coordinates": [[[-1.23970599304057, 52.8922892374961], [-1.24005549011668, 52.8801088572395], [-1.26788907937114, 52.8733686514596], [-1.31930687515051, 52.8728694279118], [-1.3499101228729, 52.880709539996], [-1.33929774733004, 52.8896882239091], [-1.38826315892156, 52.9014683128634], [-1.38307440746764, 52.9259315696433], [-1.42396412434777, 52.9356510691741], [-1.40928062885273, 52.9503226440389], [-1.46855219193081, 52.9506623061892], [-1.47463054024943, 52.9659280296716], [-1.47873510419437, 52.9825521509176], [-1.40930229673632, 52.9770149367444], [-1.38541377586392, 52.9822974788589], [-1.37103110184689, 52.9730865562144], [-1.33279192907299, 52.9781425990939], [-1.30744372494867, 53.0036547888145], [-1.28774933165725, 52.9696624541577], [-1.29250116524851, 52.95557367756], [-1.2810311195325, 52.9491583375537], [-1.2818010329585, 52.9102932684363], [-1.24621503961712, 52.9029859174845], [-1.23970599304057, 52.8922892374961]]]}}, {"id": "75", "type": "Feature", "properties": {"LAD22CD": "E07000037", "LAD22NM": "High Peak"}, "geometry": {"type": "Polygon", "coordinates": [[[-1.82222878111984, 53.5210909218023], [-1.79628821898355, 53.503152990572], [-1.80147063244941, 53.4809917607504], [-1.76843734147339, 53.4647669327866], [-1.74532296726174, 53.4621753961118], [-1.73976196210261, 53.420987916439], [-1.70853223310302, 53.4173394742133], [-1.70496532088341, 53.4050559739585], [-1.65381782187416, 53.3919108271105], [-1.67331200337525, 53.369393412092], [-1.6712038721357, 53.3493833454302], [-1.69686706714368, 53.3348049276724], [-1.70044880941732, 53.323624756637], [-1.727587602318, 53.3191439053216], [-1.73020578886302, 53.3386301488433], [-1.76066346017558, 53.3382391352323], [-1.82262598352133, 53.3028118167011], [-1.81751600778319, 53.2825642280589], [-1.79028664626895, 53.2564120379379], [-1.84437803741559, 53.2504108721493], [-1.87426600073336, 53.2268469296227], [-1.83125307392111, 53.210649180952], [-1.83160471957297, 53.1975876313042], [-1.84242378952444, 53.1947621443657], [-1.87270802942264, 53.2156581707602], [-1.88264554255654, 53.2033048053672], [-1.88694523567232, 53.2177328346949], [-1.89759788694869, 53.2104528180482], [-1.91075583269289, 53.2216946035296], [-1.91855680618971, 53.2179861830762], [-1.89863293086253, 53.1999569790687], [-1.95670722983203, 53.2137476093571], [-1.96236461007117, 53.2262417356404], [-1.98740775867029, 53.2135858487146], [-1.99026453573037, 53.2229988991032], [-1.97485875420975, 53.2310610534684], [-2.00948185124709, 53.2606524549883], [-2.00678505242821, 53.3545721125535], [-2.031058463243, 53.3702623861094], [-2.03377543264394, 53.3755415697783], [-2.00464286724195, 53.3863272775011], [-1.99232947055908, 53.4151931330374], [-2.0136971820304, 53.4158901098022], [-2.0262554175393, 53.4298651614286], [-2.01422750540755, 53.43976275466], [-2.00421605197447, 53.4359217858561], [-2.00823485273611, 53.4415492995151], [-1.98579237816046, 53.4552267721605], [-1.98781957548853, 53.4811103993828], [-1.96338598926022, 53.509827260669], [-1.95133267475833, 53.5041988388905], [-1.92197284577495, 53.5099546848918], [-1.92678065561025, 53.5209487496897], [-1.90962083195551, 53.5383909865468], [-1.89410949217378, 53.5336117793005], [-1.87349262570415, 53.5404296508189], [-1.84182082823365, 53.5199087802658], [-1.82222878111984, 53.5210909218023]]]}}, {"id": "76", "type": "Feature", "properties": {"LAD22CD": "E07000038", "LAD22NM": "North East Derbyshire"}, "geometry": {"type": "Polygon", "coordinates": [[[-1.32466917492843, 53.3288100139839], [-1.29902301015448, 53.3325116373731], [-1.28858902654107, 53.3262280549039], [-1.29567816421914, 53.3150369724564], [-1.28201141324174, 53.3094625902199], [-1.32189472186337, 53.3090667603764], [-1.31067416988558, 53.2979481124996], [-1.3241413877803, 53.2951087809007], [-1.31670226716525, 53.2816569344319], [-1.3336341862417, 53.2897577453221], [-1.36689237867147, 53.2891837425401], [-1.37705345004644, 53.2990440943817], [-1.39927750187952, 53.2819718868648], [-1.41543950334017, 53.2876386849426], [-1.4390361717586, 53.2802102803155], [-1.45706890180163, 53.2837453417855], [-1.46419979529124, 53.2679993833188], [-1.480600717919, 53.2633454892212], [-1.47113390094636, 53.2594127197118], [-1.48170767526146, 53.2464836823854], [-1.47136301225008, 53.2361829416791], [-1.48415747402457, 53.2289759138684], [-1.47952647311652, 53.222228614821], [-1.44120467684798, 53.220630976652], [-1.44000083841075, 53.213593307286], [-1.42084291802479, 53.212442201971], [-1.40100797104627, 53.2139569433573], [-1.40079809619346, 53.2342824012743], [-1.38034092228456, 53.2437965707079], [-1.35086226604643, 53.2463887668922], [-1.34706432345177, 53.2395396727593], [-1.31920220965358, 53.2395822679761], [-1.31059409915273, 53.2160505065708], [-1.31849967644008, 53.1859227705539], [-1.35678252359751, 53.1854746469879], [-1.37826515219979, 53.1737252389126], [-1.352841764681, 53.1587506561646], [-1.37782584141351, 53.1361007571847], [-1.3736501798879, 53.1078564640497], [-1.44825223293112, 53.1036738143507], [-1.49536574441841, 53.1339645595524], [-1.54996700353718, 53.1854561390204], [-1.54829491835565, 53.1999183487509], [-1.51560258494294, 53.2027064199615], [-1.56901995525591, 53.223128724344], [-1.57205620085668, 53.2410130653796], [-1.55717592443607, 53.2495611241683], [-1.56577992804894, 53.2614283055985], [-1.58493673817857, 53.262697284829], [-1.58939172536656, 53.2787387810688], [-1.5786647805756, 53.2864695793782], [-1.59744150895426, 53.2957567034224], [-1.59909327897252, 53.3113181996876], [-1.58490201019108, 53.3215879523676], [-1.58053389587991, 53.3117380892291], [-1.56173104513262, 53.3159708929528], [-1.56173061193943, 53.3064135666534], [-1.5367688622067, 53.3047486744278], [-1.50213193956548, 53.3175820764004], [-1.4679128327397, 53.3171200557715], [-1.45522778964177, 53.3218691603844], [-1.45988027916359, 53.3306893691217], [-1.44197211462372, 53.3374924890743], [-1.42086649613, 53.334567952456], [-1.41103390674883, 53.341992492071], [-1.3865715460456, 53.3349025072696], [-1.38673871273592, 53.3176321354686], [-1.3377510519613, 53.315848052015], [-1.32466917492843, 53.3288100139839]]]}}, {"id": "77", "type": "Feature", "properties": {"LAD22CD": "E07000039", "LAD22NM": "South Derbyshire"}, "geometry": {"type": "Polygon", "coordinates": [[[-1.54406849888716, 52.9242077388049], [-1.55685223049924, 52.9146787744349], [-1.54169100450497, 52.8895399274417], [-1.50311222561322, 52.8848454480296], [-1.4945127882837, 52.8700789964507], [-1.46408640129894, 52.8725599145534], [-1.44622683054701, 52.8613094242586], [-1.42356745031987, 52.8650780490912], [-1.41891258900273, 52.8845464719659], [-1.4027722736366, 52.9004624528618], [-1.38826315892156, 52.9014683128634], [-1.33929774733004, 52.8896882239091], [-1.3499101228729, 52.880709539996], [-1.31930687515051, 52.8728694279118], [-1.3253324940069, 52.8659817429093], [-1.34486272111745, 52.8675328855881], [-1.35117273951364, 52.8532894543622], [-1.36121066727871, 52.8551856719244], [-1.39432284230238, 52.8367728726194], [-1.38793618388406, 52.8330976564398], [-1.41770445879577, 52.8016155011951], [-1.44356155232193, 52.8027441687288], [-1.44239105491808, 52.7929832761166], [-1.46277863628329, 52.7868634599001], [-1.45588204268026, 52.7770946625567], [-1.46844530449911, 52.7668773517672], [-1.49398372303295, 52.7590473716688], [-1.50498045308681, 52.7676086627082], [-1.55278704447237, 52.7633329520744], [-1.56249262187869, 52.7505868369794], [-1.54463882315567, 52.7316904486267], [-1.55004125316774, 52.7203170201837], [-1.59754104512465, 52.7004217669502], [-1.655041567809, 52.6987985798052], [-1.65660772699026, 52.7217484729091], [-1.70415800106741, 52.7320787781291], [-1.66653674723611, 52.7847230322657], [-1.61112950153712, 52.7814035608609], [-1.61434537917712, 52.7882740475944], [-1.58887036628345, 52.7998659863949], [-1.59182686047041, 52.8094905911784], [-1.61049453727209, 52.8164043093875], [-1.58535204003726, 52.8317146205232], [-1.62675456354445, 52.8544371746234], [-1.69027182016724, 52.8644693782085], [-1.70060876646215, 52.8605835236092], [-1.70434504999622, 52.8666805919223], [-1.72532205465213, 52.8596631847173], [-1.74600328186458, 52.8686931604978], [-1.73656105939717, 52.8952202881934], [-1.74895489743199, 52.912493204919], [-1.71446720396847, 52.9095864979659], [-1.70822781584505, 52.9220054521117], [-1.67820390362001, 52.9215855228739], [-1.65891065635608, 52.9025866934573], [-1.650235053157, 52.9445668502646], [-1.60713693950362, 52.9471722780436], [-1.60405403031962, 52.9368126339678], [-1.57010156428262, 52.9357948993032], [-1.54406849888716, 52.9242077388049]]]}}, {"id": "78", "type": "Feature", "properties": {"LAD22CD": "E07000040", "LAD22NM": "East Devon"}, "geometry": {"type": "MultiPolygon", "coordinates": [[[[-3.45708230230678, 50.6765723469054], [-3.45676135230996, 50.674965057675], [-3.45791369896028, 50.6757855214756], [-3.45708230230678, 50.6765723469054]]], [[[-3.05239884145015, 50.9082765870699], [-3.05498743545546, 50.8744870099697], [-3.03263151653362, 50.8616392391691], [-3.03680608618723, 50.8510651729283], [-2.97363855894783, 50.8557618155622], [-2.96982773618545, 50.8342032775369], [-2.95432123760533, 50.8211725185423], [-2.96130299095557, 50.8155547839501], [-2.89280364355642, 50.8047767521255], [-2.88664434482201, 50.794807333036], [-2.95433354829791, 50.7677102249702], [-2.93506310735221, 50.7542660848456], [-2.9530673537135, 50.7284970686059], [-2.94745742471089, 50.7183503003309], [-2.94771782529568, 50.718237656842], [-3.02691483364483, 50.6988824019746], [-3.02973231704985, 50.6990258256564], [-3.05344470581522, 50.7041058631916], [-3.05486684808231, 50.7025241288505], [-3.08243989730284, 50.7016147735858], [-3.09528281872704, 50.6861167172408], [-3.09607792344817, 50.685225942237], [-3.13379760493608, 50.6849569457517], [-3.19213141800532, 50.6845169472669], [-3.2577744517367, 50.6732372324622], [-3.28962025412707, 50.6422491577568], [-3.30095092783352, 50.6321198397615], [-3.30880664569958, 50.6475939167371], [-3.30672762030982, 50.6296292862968], [-3.34065938523966, 50.6218680387496], [-3.34799247053395, 50.6206252707716], [-3.34852587210973, 50.6200669500772], [-3.35236245977381, 50.6191882958304], [-3.35796874550872, 50.6117769413639], [-3.36187155258326, 50.6066160423685], [-3.38970132073583, 50.6114033384078], [-3.41483597304056, 50.6157205353174], [-3.42403628116489, 50.6172992695116], [-3.42146971403134, 50.6228579875656], [-3.4155166084088, 50.6293404197296], [-3.45147155692579, 50.6818814540765], [-3.45110268623978, 50.6822304431162], [-3.45248279946136, 50.6833572886932], [-3.4608874607357, 50.6956193051852], [-3.45959775144506, 50.6891654427722], [-3.47142193174564, 50.6988137016616], [-3.46520660560666, 50.7450221517472], [-3.51273862290517, 50.7614550781156], [-3.55202544701329, 50.745130931981], [-3.56966868776298, 50.7450098944172], [-3.58548293313341, 50.7438740625289], [-3.5705440529353, 50.7602365359575], [-3.55680662658075, 50.7579502759802], [-3.54741604675069, 50.7729827759885], [-3.56335279414704, 50.7750050438196], [-3.57201171340632, 50.7885342573882], [-3.52471142794516, 50.7870029926822], [-3.52668333234906, 50.7975345134191], [-3.50499723210505, 50.8143911028835], [-3.50740287977693, 50.827281515584], [-3.49675074355888, 50.816955104506], [-3.50251736739529, 50.7990454221616], [-3.48074911642816, 50.7993669645086], [-3.48330175950835, 50.791987105091], [-3.4607501611786, 50.8033429915659], [-3.44325598540863, 50.8003473270106], [-3.42975229439074, 50.81204215327], [-3.41047331171863, 50.8046051328912], [-3.35995858214076, 50.811877377366], [-3.36762376025253, 50.8295338457878], [-3.35589782062116, 50.8339047143778], [-3.35701135751454, 50.8269032652185], [-3.34356831713794, 50.8258340038905], [-3.3481684445155, 50.8467357478488], [-3.32830257983912, 50.8570287363624], [-3.28142155168027, 50.8557335927379], [-3.28268474197241, 50.866301827256], [-3.23304438999973, 50.8950495666446], [-3.21758645852782, 50.8928896824633], [-3.20723287688358, 50.8770778864995], [-3.1761558582366, 50.8770836799965], [-3.14418579605699, 50.8913960952003], [-3.12634080218261, 50.9017199612309], [-3.05239884145015, 50.9082765870699]]]]}}, {"id": "79", "type": "Feature", "properties": {"LAD22CD": "E07000041", "LAD22NM": "Exeter"}, "geometry": {"type": "MultiPolygon", "coordinates": [[[[-3.45110268623978, 50.6822304431162], [-3.45147155692579, 50.6818814540765], [-3.45248279946136, 50.6833572886932], [-3.45110268623978, 50.6822304431162]]], [[[-3.51273862290517, 50.7614550781156], [-3.46520660560666, 50.7450221517472], [-3.47142193174564, 50.6988137016616], [-3.45959775144506, 50.6891654427722], [-3.45708230230678, 50.6765723469054], [-3.45791369896028, 50.6757855214756], [-3.46828956616709, 50.6831712590918], [-3.4698277753899, 50.6822528132834], [-3.46973519525608, 50.6812159001514], [-3.46947531561359, 50.6783049428092], [-3.49450641574524, 50.6928056332968], [-3.53909163467941, 50.6929179703698], [-3.56282098725417, 50.7069485911262], [-3.56966868776298, 50.7450098944172], [-3.55202544701329, 50.745130931981], [-3.51273862290517, 50.7614550781156]]]]}}, {"id": "80", "type": "Feature", "properties": {"LAD22CD": "E07000042", "LAD22NM": "Mid Devon"}, "geometry": {"type": "Polygon", "coordinates": [[[-3.14418579605699, 50.8913960952003], [-3.1761558582366, 50.8770836799965], [-3.20723287688358, 50.8770778864995], [-3.21758645852782, 50.8928896824633], [-3.23304438999973, 50.8950495666446], [-3.28268474197241, 50.866301827256], [-3.28142155168027, 50.8557335927379], [-3.32830257983912, 50.8570287363624], [-3.3481684445155, 50.8467357478488], [-3.34356831713794, 50.8258340038905], [-3.35701135751454, 50.8269032652185], [-3.35589782062116, 50.8339047143778], [-3.36762376025253, 50.8295338457878], [-3.35995858214076, 50.811877377366], [-3.41047331171863, 50.8046051328912], [-3.42975229439074, 50.81204215327], [-3.44325598540863, 50.8003473270106], [-3.4607501611786, 50.8033429915659], [-3.48330175950835, 50.791987105091], [-3.48074911642816, 50.7993669645086], [-3.50251736739529, 50.7990454221616], [-3.49675074355888, 50.816955104506], [-3.50740287977693, 50.827281515584], [-3.50499723210505, 50.8143911028835], [-3.52668333234906, 50.7975345134191], [-3.52471142794516, 50.7870029926822], [-3.57201171340632, 50.7885342573882], [-3.56335279414704, 50.7750050438196], [-3.54741604675069, 50.7729827759885], [-3.55680662658075, 50.7579502759802], [-3.5705440529353, 50.7602365359575], [-3.58548293313341, 50.7438740625289], [-3.60886785661518, 50.7542172678147], [-3.61994642895275, 50.7509854086882], [-3.67179464772953, 50.7639741600796], [-3.68014258391556, 50.7499278668372], [-3.70834176959381, 50.7487250858867], [-3.72334242998755, 50.7281539600601], [-3.73751384639085, 50.7235305899669], [-3.72424008591109, 50.7155966326242], [-3.73559299233382, 50.7031844780434], [-3.76625855610838, 50.727564804781], [-3.81859718265907, 50.7169643113309], [-3.83629512107417, 50.7321720945115], [-3.80583865397745, 50.7590142490582], [-3.82204070368346, 50.7809997863109], [-3.84557265627394, 50.7815894211658], [-3.83590135355439, 50.792973975514], [-3.83908489144786, 50.81836735566], [-3.87775066978318, 50.8188870982856], [-3.89966513603951, 50.8345094367324], [-3.88430340550393, 50.8481715730301], [-3.90354364770517, 50.8479438783158], [-3.9259298618892, 50.8696018193725], [-3.8985743596242, 50.8775249438533], [-3.92024662601962, 50.8977153834905], [-3.90415831582147, 50.9050866369558], [-3.83001628094287, 50.9068754498801], [-3.81679657172213, 50.9145907607247], [-3.81691134382782, 50.9017947682207], [-3.78332092354992, 50.9024831080339], [-3.75358347437475, 50.8768141083494], [-3.74480648560912, 50.8903028776771], [-3.73468433938976, 50.8906598226998], [-3.72805752673152, 50.9107648956927], [-3.62748717634873, 50.919587447627], [-3.6126335468106, 50.9265824665411], [-3.59611532805936, 50.9439883230638], [-3.5978469871401, 50.967210381518], [-3.61970319375233, 50.9683250496484], [-3.62881625867017, 51.0057737132804], [-3.60511816482233, 50.9902242505216], [-3.60320812898055, 51.0072332306659], [-3.53504945700714, 51.003347265335], [-3.51888138570953, 51.0147955198935], [-3.5204283367291, 51.0258709492369], [-3.50426793172562, 51.0301126187041], [-3.48336552993693, 51.0338313791514], [-3.46019383383282, 51.0252167281119], [-3.42130388849576, 51.0307781806816], [-3.41417405059937, 51.0197027051077], [-3.38048774397398, 51.0184858606913], [-3.37866358745963, 50.9775085065969], [-3.3336699633033, 50.9827882869913], [-3.29384739402201, 50.9551387048337], [-3.25483048358088, 50.9418457496667], [-3.1664788965881, 50.947713484474], [-3.18796247786107, 50.9103440864798], [-3.14418579605699, 50.8913960952003]]]}}, {"id": "81", "type": "Feature", "properties": {"LAD22CD": "E07000043", "LAD22NM": "North Devon"}, "geometry": {"type": "MultiPolygon", "coordinates": [[[[-4.19065297289763, 51.0547859793619], [-4.19069083979045, 51.0546760740942], [-4.19081294498852, 51.0547666695219], [-4.19065297289763, 51.0547859793619]]], [[[-3.76977926877737, 51.2376615866334], [-3.72079884181452, 51.2330828194831], [-3.72056139113603, 51.2330575870449], [-3.73320126956949, 51.2227250757068], [-3.72498387980715, 51.1795920629985], [-3.78630346639543, 51.1719269221801], [-3.83917542483951, 51.1769230993772], [-3.83449124892582, 51.1383810136856], [-3.80428873272582, 51.1156852822548], [-3.71994749264962, 51.0808206531176], [-3.69246375831133, 51.0805654417917], [-3.64670925190031, 51.0580591629496], [-3.59447111942891, 51.0551947239991], [-3.61465457400679, 51.0154904427387], [-3.60320812898055, 51.0072332306659], [-3.60511816482233, 50.9902242505216], [-3.62881625867017, 51.0057737132804], [-3.61970319375233, 50.9683250496484], [-3.5978469871401, 50.967210381518], [-3.59611532805936, 50.9439883230638], [-3.6126335468106, 50.9265824665411], [-3.62748717634873, 50.919587447627], [-3.72805752673152, 50.9107648956927], [-3.73468433938976, 50.8906598226998], [-3.74480648560912, 50.8903028776771], [-3.75358347437475, 50.8768141083494], [-3.78332092354992, 50.9024831080339], [-3.81691134382782, 50.9017947682207], [-3.81679657172213, 50.9145907607247], [-3.83001628094287, 50.9068754498801], [-3.90415831582147, 50.9050866369558], [-3.90441728402972, 50.9273977366813], [-3.95420580259626, 50.9176889514432], [-3.99665483944033, 50.9259788693992], [-3.99389396645764, 50.9484263886025], [-3.96084684291781, 50.955922702768], [-3.95828965491211, 50.9814818383704], [-3.98365231386616, 50.9821176873616], [-4.01154642287692, 50.9673418265003], [-4.03608062486058, 50.9812001093905], [-4.03429961575779, 51.0076211320297], [-4.06397996311344, 51.0103102525972], [-4.08612740161027, 51.0027299644452], [-4.12096314598056, 51.0108936051467], [-4.11608930638897, 51.0192966550297], [-4.16034769977634, 51.0144155643767], [-4.17839503570584, 51.0243160482598], [-4.20273568252651, 51.0206406350928], [-4.18884681580384, 51.0411884516761], [-4.17971894977164, 51.0487397112159], [-4.17977727378164, 51.0674965481588], [-4.15161515579213, 51.073530535021], [-4.15295022683979, 51.0802079961396], [-4.1637462956259, 51.0835768444787], [-4.16313527250237, 51.1007305647458], [-4.16659676288982, 51.0804707124095], [-4.18539656191295, 51.0762130928689], [-4.18914593907262, 51.0662522950807], [-4.21684923739817, 51.0763879319963], [-4.22245416331943, 51.1176947916522], [-4.2364778428791, 51.1199609701394], [-4.24018175767046, 51.121032137836], [-4.23588992311318, 51.1308938716314], [-4.25042796782368, 51.1375910055315], [-4.25836096811604, 51.1412438648034], [-4.26134239563594, 51.1428906634987], [-4.22375319458275, 51.1442346685419], [-4.21618270160135, 51.1516069213988], [-4.21147999082573, 51.1783916927888], [-4.22926297280084, 51.1884795129764], [-4.21064521631332, 51.1905462989143], [-4.20160677968932, 51.2002853045499], [-4.18573034475954, 51.1984410098291], [-4.17763613714615, 51.1973076067223], [-4.11361516721378, 51.2115816826196], [-4.09808962691971, 51.2108841292833], [-4.09195271349091, 51.2164016498533], [-4.0878225798086, 51.2173200516365], [-4.03874602666488, 51.206672763184], [-4.02908296810595, 51.2157590862262], [-4.02795118499984, 51.2164010029118], [-4.00597372992149, 51.2172624275083], [-3.95825151949225, 51.2191184192019], [-3.95462020878488, 51.2205424146369], [-3.95432955593271, 51.2205568778416], [-3.95132493019037, 51.2218344651084], [-3.9257058566855, 51.2318738811691], [-3.9234840729689, 51.2313801288474], [-3.89203097192979, 51.2237704676448], [-3.85434428967342, 51.2343980238365], [-3.85367509755594, 51.234563772537], [-3.81353088320686, 51.2311167326184], [-3.81144820174932, 51.2323108630389], [-3.81033019211745, 51.2322283443875], [-3.78677387187577, 51.2461591080317], [-3.76977926877737, 51.2376615866334]]]]}}, {"id": "82", "type": "Feature", "properties": {"LAD22CD": "E07000044", "LAD22NM": "South Hams"}, "geometry": {"type": "MultiPolygon", "coordinates": [[[[-4.15201743830696, 50.4636645999555], [-4.16052130614984, 50.4560930018706], [-4.15496966878604, 50.4637111732884], [-4.15201743830696, 50.4636645999555]]], [[[-3.84459587149409, 50.5343636690781], [-3.82721482772159, 50.5163619312387], [-3.79924277214254, 50.5362366845993], [-3.79950145664314, 50.5217036902271], [-3.78475785113489, 50.5177162048643], [-3.79177457834547, 50.5014289758459], [-3.77589074249141, 50.4955736060912], [-3.79827220655238, 50.4894196281286], [-3.77667478996068, 50.4639489553148], [-3.75885797638681, 50.4668189933987], [-3.76827604813529, 50.5015645599071], [-3.75633975962833, 50.5104118968661], [-3.73740196615201, 50.5063439210426], [-3.71167353398872, 50.4823781932027], [-3.66992210241638, 50.4621121615552], [-3.65549012154844, 50.4720608497367], [-3.65893223606447, 50.4645808675295], [-3.64523037245617, 50.461127372008], [-3.61384326168867, 50.4692999091142], [-3.60309505314844, 50.484506597069], [-3.58424985487516, 50.4777231181161], [-3.58688486139577, 50.4522296000076], [-3.62507493560479, 50.4412861655855], [-3.62804319807114, 50.4259888922362], [-3.59904697420756, 50.4092692034137], [-3.5798511279214, 50.4102051896984], [-3.57477813556098, 50.3941515003236], [-3.5442558641542, 50.3734825873851], [-3.5077138740794, 50.3789458322383], [-3.51786622848811, 50.3464438236787], [-3.5185597619096, 50.3460610674778], [-3.54007788930292, 50.3370321356529], [-3.55118133952948, 50.338273735948], [-3.57180956110571, 50.347047448862], [-3.5735318983748, 50.347828274282], [-3.56816848539173, 50.3506796693097], [-3.56426332830252, 50.3527137188965], [-3.57628042049208, 50.3632710033994], [-3.5755817236746, 50.363906895], [-3.56855744157626, 50.3688096645063], [-3.59471187619675, 50.3822436545956], [-3.5946701066253, 50.3820673820395], [-3.59498685156908, 50.3822474072101], [-3.59466298776099, 50.3820373400324], [-3.59435436450118, 50.3807348765258], [-3.58055472647229, 50.3722041359648], [-3.58054558133789, 50.3721141534693], [-3.58443275143758, 50.3603128710236], [-3.57675761702688, 50.3511440860823], [-3.57673800766625, 50.3462238589544], [-3.57097574492784, 50.3442342996877], [-3.56355066489736, 50.335357474384], [-3.57242653645146, 50.3260576572082], [-3.59244898589979, 50.3218675988511], [-3.61122250045723, 50.3180669556251], [-3.61141395872705, 50.3178951203535], [-3.61311579305141, 50.3175384661939], [-3.64265128536103, 50.2901325733699], [-3.65653523507158, 50.2481523529283], [-3.6595654423342, 50.238980402159], [-3.65905790933312, 50.2385163291018], [-3.65919542366196, 50.2380956747086], [-3.64395027530073, 50.2246973238653], [-3.64073918760676, 50.2217588681757], [-3.68096112792631, 50.2224046053204], [-3.68349941844695, 50.221083203241], [-3.698132730271, 50.2134628126038], [-3.72091165027188, 50.2024574227389], [-3.73750178307174, 50.2148195227908], [-3.77348445316939, 50.2242842297269], [-3.76133772087535, 50.2362467518858], [-3.72631182852063, 50.2366536586231], [-3.73911844484021, 50.2410607461016], [-3.72270692616299, 50.2471906882278], [-3.72027552351681, 50.2480985210849], [-3.72402069146962, 50.247171159509], [-3.7538177949577, 50.2397872757378], [-3.75456275453851, 50.2424014582186], [-3.74917465032701, 50.2559730303983], [-3.75665546199405, 50.2547996536399], [-3.7672775746424, 50.263088456342], [-3.77406448461032, 50.2570109638704], [-3.76487690126459, 50.2539792393913], [-3.76153842474999, 50.2466089965902], [-3.75880795239574, 50.2405792427137], [-3.76183280709673, 50.2411649819999], [-3.76685763264035, 50.2425264498104], [-3.76717543017773, 50.2421993043885], [-3.77530643580251, 50.2437729294968], [-3.76990664934, 50.2393874918969], [-3.77767200023905, 50.2313907886391], [-3.78193657092764, 50.2295729655537], [-3.78667304797434, 50.2108371943233], [-3.80435102664927, 50.213327389042], [-3.81969552108225, 50.2164282282842], [-3.84424794948391, 50.2277095198105], [-3.86797373596322, 50.2396988145543], [-3.8672521969848, 50.2414645802247], [-3.85911392155999, 50.2425107083834], [-3.8589704042776, 50.2450910005975], [-3.85810388588421, 50.2606658314636], [-3.8591229028604, 50.2613497866704], [-3.85911521226182, 50.2613685891596], [-3.87421037850568, 50.2714729785366], [-3.88174521421061, 50.2765262299566], [-3.87688146201866, 50.2802862280353], [-3.86964388284027, 50.2790701186322], [-3.86535494604853, 50.2846187019776], [-3.87096765612668, 50.2812557257144], [-3.89508828163115, 50.281763257276], [-3.89920671889656, 50.2843639889484], [-3.89794646864139, 50.2863789786328], [-3.91029643281483, 50.2940693874251], [-3.91491811665569, 50.2942814984116], [-3.91773075343246, 50.2960562508079], [-3.94367364716113, 50.2958955249431], [-3.94682846273721, 50.3067690628327], [-3.94847383391561, 50.3097999194674], [-3.95258725501937, 50.3081963766143], [-3.9527365205149, 50.308415137628], [-3.97475585093106, 50.3052401886889], [-3.99194807706625, 50.3074813267325], [-4.01625922972305, 50.2992434081531], [-4.04284495299527, 50.2953934968176], [-4.07108609912615, 50.3048501860703], [-4.06203352442939, 50.3083109551404], [-4.03326868569584, 50.3134319926908], [-4.05321686580422, 50.3177226342832], [-4.05596021058123, 50.3114197594282], [-4.05820606208318, 50.3116399769972], [-4.11901571874512, 50.3193770077703], [-4.1196409520521, 50.335845020842], [-4.12309418777234, 50.3364117434736], [-4.12327363028815, 50.3463556638414], [-4.12305672694683, 50.346708236641], [-4.12312116530454, 50.3467751090224], [-4.09061840685327, 50.3408970189308], [-4.05294433052337, 50.3565199840264], [-4.05019965234195, 50.3774707342474], [-4.02706143660235, 50.3790316713663], [-4.02116944556102, 50.3917770378327], [-4.03964982237787, 50.4014204728754], [-4.07150999070002, 50.4018503235349], [-4.082667475929, 50.4246563990732], [-4.10954061298207, 50.4320946555489], [-4.11348830320444, 50.4441538016389], [-4.13566341622028, 50.4329284402434], [-4.15585554605072, 50.4364270138787], [-4.16565672813811, 50.4267755318749], [-4.17321356655948, 50.4238891231799], [-4.1852807741912, 50.4264228191499], [-4.18981365748427, 50.428451248785], [-4.18098536678891, 50.4352667388297], [-4.17387787867489, 50.4377538203547], [-4.16889656659978, 50.4445951619514], [-4.16265486747838, 50.4494097234334], [-4.156457843857, 50.4463509725435], [-4.15187245248104, 50.4636623109181], [-4.10856674659666, 50.4629703869687], [-4.10726771632299, 50.4503873879689], [-4.07779195717411, 50.4699071688099], [-4.06023653539829, 50.454019600813], [-4.02377909890803, 50.4620714060544], [-4.02305420877319, 50.4687290735237], [-4.00790126124229, 50.4696741774019], [-3.95596909365491, 50.5002432807405], [-3.94578836685615, 50.4982679206801], [-3.94877851813894, 50.4886562332823], [-3.89898307504846, 50.4727755759622], [-3.88023637456714, 50.4856745019148], [-3.89260187947892, 50.5138523249335], [-3.889161211863, 50.5363189339793], [-3.87560424472253, 50.5425311242811], [-3.8712845194344, 50.534091251369], [-3.84459587149409, 50.5343636690781]]]]}}, {"id": "83", "type": "Feature", "properties": {"LAD22CD": "E07000045", "LAD22NM": "Teignbridge"}, "geometry": {"type": "Polygon", "coordinates": [[[-3.58548293313341, 50.7438740625289], [-3.56966868776298, 50.7450098944172], [-3.56282098725417, 50.7069485911262], [-3.53909163467941, 50.6929179703698], [-3.49450641574524, 50.6928056332968], [-3.46947531561359, 50.6783049428092], [-3.46819467594773, 50.6639543714903], [-3.45126400927122, 50.6470835232914], [-3.44686654227436, 50.6200971023955], [-3.44681617152587, 50.6171872215345], [-3.44635594442938, 50.6169615947774], [-3.44534077481151, 50.6107261454485], [-3.44454395019921, 50.6058305044015], [-3.44515112812978, 50.605580365102], [-3.44453527840093, 50.6057772179359], [-3.44385360503067, 50.6015881261852], [-3.42778892150014, 50.6109425933513], [-3.42708235093509, 50.6113538944687], [-3.4249703781817, 50.612028460272], [-3.42629381895044, 50.6109608666765], [-3.46697576127066, 50.5781137178676], [-3.46844081337944, 50.5629764455742], [-3.49984772472012, 50.540531368975], [-3.50105639091012, 50.5459174959974], [-3.50980960251871, 50.5428566615786], [-3.49741323065058, 50.5382846122466], [-3.50654138989823, 50.5207644109299], [-3.50911018932238, 50.5166192775109], [-3.52090513364388, 50.5176836363678], [-3.52995146902909, 50.5045871030079], [-3.5647735727694, 50.4869669717565], [-3.56978204388095, 50.49070275993], [-3.58424985487516, 50.4777231181161], [-3.60309505314844, 50.484506597069], [-3.61384326168867, 50.4692999091142], [-3.64523037245617, 50.461127372008], [-3.65893223606447, 50.4645808675295], [-3.65549012154844, 50.4720608497367], [-3.66992210241638, 50.4621121615552], [-3.71167353398872, 50.4823781932027], [-3.73740196615201, 50.5063439210426], [-3.75633975962833, 50.5104118968661], [-3.76827604813529, 50.5015645599071], [-3.75885797638681, 50.4668189933987], [-3.77667478996068, 50.4639489553148], [-3.79827220655238, 50.4894196281286], [-3.77589074249141, 50.4955736060912], [-3.79177457834547, 50.5014289758459], [-3.78475785113489, 50.5177162048643], [-3.79950145664314, 50.5217036902271], [-3.79924277214254, 50.5362366845993], [-3.82721482772159, 50.5163619312387], [-3.84459587149409, 50.5343636690781], [-3.8712845194344, 50.534091251369], [-3.87560424472253, 50.5425311242811], [-3.86968851010818, 50.5712738495936], [-3.88248218096853, 50.5967243296125], [-3.84345900278162, 50.6470779116518], [-3.80464557219867, 50.655905910828], [-3.81199565568555, 50.6589972104475], [-3.79721653174405, 50.6749146150892], [-3.81144434821026, 50.691244372321], [-3.73507596077464, 50.6958957776751], [-3.73559299233382, 50.7031844780434], [-3.72424008591109, 50.7155966326242], [-3.73751384639085, 50.7235305899669], [-3.72334242998755, 50.7281539600601], [-3.70834176959381, 50.7487250858867], [-3.68014258391556, 50.7499278668372], [-3.67179464772953, 50.7639741600796], [-3.61994642895275, 50.7509854086882], [-3.60886785661518, 50.7542172678147], [-3.58548293313341, 50.7438740625289]]]}}, {"id": "84", "type": "Feature", "properties": {"LAD22CD": "E07000046", "LAD22NM": "Torridge"}, "geometry": {"type": "MultiPolygon", "coordinates": [[[[-4.21649922457998, 51.0635529717023], [-4.21020087860286, 51.0524246700267], [-4.19081294498852, 51.0547666695219], [-4.19069083979045, 51.0546760740942], [-4.19792266698575, 51.0336771323317], [-4.18884681580384, 51.0411884516761], [-4.20273568252651, 51.0206406350928], [-4.17839503570584, 51.0243160482598], [-4.16034769977634, 51.0144155643767], [-4.11608930638897, 51.0192966550297], [-4.12096314598056, 51.0108936051467], [-4.08612740161027, 51.0027299644452], [-4.06397996311344, 51.0103102525972], [-4.03429961575779, 51.0076211320297], [-4.03608062486058, 50.9812001093905], [-4.01154642287692, 50.9673418265003], [-3.98365231386616, 50.9821176873616], [-3.95828965491211, 50.9814818383704], [-3.96084684291781, 50.955922702768], [-3.99389396645764, 50.9484263886025], [-3.99665483944033, 50.9259788693992], [-3.95420580259626, 50.9176889514432], [-3.90441728402972, 50.9273977366813], [-3.90415831582147, 50.9050866369558], [-3.92024662601962, 50.8977153834905], [-3.8985743596242, 50.8775249438533], [-3.9259298618892, 50.8696018193725], [-3.90354364770517, 50.8479438783158], [-3.88430340550393, 50.8481715730301], [-3.89966513603951, 50.8345094367324], [-3.94041352519525, 50.8255545310726], [-3.9589177710873, 50.8553840695721], [-3.99539948280976, 50.8518482134354], [-3.99502328405998, 50.8691991388325], [-4.03631749983545, 50.8593507360791], [-4.03995122808568, 50.8685374163816], [-4.05198490880397, 50.8626423410614], [-4.06867993731403, 50.8746132849403], [-4.08993415452322, 50.8673803291283], [-4.08540911825294, 50.8577371835778], [-4.10313151467025, 50.8502969041802], [-4.10287761018232, 50.8354348088121], [-4.12871960628132, 50.8441074525971], [-4.14074073834119, 50.8321137341456], [-4.16401399083819, 50.8308991214345], [-4.15823850403211, 50.8154575641082], [-4.17720843969576, 50.8071597423914], [-4.16876383029227, 50.7976558848632], [-4.19077039529673, 50.7896428252168], [-4.16641879950941, 50.7870003114457], [-4.20579453230102, 50.774912708457], [-4.18592812089704, 50.7577027142057], [-4.22678679585449, 50.7421868955799], [-4.23496737346125, 50.713351123435], [-4.23198891841178, 50.6954223924421], [-4.21473432331301, 50.6887848103331], [-4.21260866360025, 50.6780322492392], [-4.22215942349301, 50.6712437370542], [-4.31271370482185, 50.6624506957621], [-4.33522641876651, 50.6465408609257], [-4.34894080349311, 50.6895382574278], [-4.3693407564535, 50.7023413430557], [-4.36158610651669, 50.7187672077225], [-4.38499630913709, 50.7477499030619], [-4.38106317613385, 50.7705377062247], [-4.3935058461246, 50.7782481914315], [-4.41441712623775, 50.774395582117], [-4.40872280864792, 50.7624168901687], [-4.42394702206902, 50.7645494039465], [-4.45132992301362, 50.7856541959699], [-4.49350241428467, 50.792912370259], [-4.44679067285866, 50.808223723643], [-4.44223523468437, 50.8469575349205], [-4.43365694912457, 50.8655134673625], [-4.42095916744729, 50.8660861656174], [-4.46268330272599, 50.9134897827932], [-4.45610984302975, 50.9289302306595], [-4.54597393748231, 50.928800286918], [-4.54099143535982, 50.951754973604], [-4.52565061128499, 51.022300560565], [-4.42544225351732, 51.0136609028389], [-4.42443986989461, 51.0131325298648], [-4.39090346410786, 50.9946762951944], [-4.34299388943384, 50.9889636154774], [-4.30299572339699, 50.9977554082865], [-4.28233464495162, 51.0139808660521], [-4.24924519726177, 51.039935841544], [-4.2425985763684, 51.041417883203], [-4.24097733385176, 51.0464152045593], [-4.21792154759405, 51.0644714943132], [-4.21649922457998, 51.0635529717023]]], [[[-4.66640383519619, 51.1593962836802], [-4.67092482315619, 51.1584635557391], [-4.68057246853434, 51.1724248313757], [-4.67782364148848, 51.19851003058], [-4.67735952758753, 51.2024006745982], [-4.65326627659294, 51.1623696477868], [-4.66640383519619, 51.1593962836802]]]]}}, {"id": "85", "type": "Feature", "properties": {"LAD22CD": "E07000047", "LAD22NM": "West Devon"}, "geometry": {"type": "MultiPolygon", "coordinates": [[[[-4.17387787867489, 50.4377538203547], [-4.18098536678891, 50.4352667388297], [-4.16889656659978, 50.4445951619514], [-4.17387787867489, 50.4377538203547]]], [[[-4.06867993731403, 50.8746132849403], [-4.05198490880397, 50.8626423410614], [-4.03995122808568, 50.8685374163816], [-4.03631749983545, 50.8593507360791], [-3.99502328405998, 50.8691991388325], [-3.99539948280976, 50.8518482134354], [-3.9589177710873, 50.8553840695721], [-3.94041352519525, 50.8255545310726], [-3.89966513603951, 50.8345094367324], [-3.87775066978318, 50.8188870982856], [-3.83908489144786, 50.81836735566], [-3.83590135355439, 50.792973975514], [-3.84557265627394, 50.7815894211658], [-3.82204070368346, 50.7809997863109], [-3.80583865397745, 50.7590142490582], [-3.83629512107417, 50.7321720945115], [-3.81859718265907, 50.7169643113309], [-3.76625855610838, 50.727564804781], [-3.73559299233382, 50.7031844780434], [-3.73507596077464, 50.6958957776751], [-3.81144434821026, 50.691244372321], [-3.79721653174405, 50.6749146150892], [-3.81199565568555, 50.6589972104475], [-3.80464557219867, 50.655905910828], [-3.84345900278162, 50.6470779116518], [-3.88248218096853, 50.5967243296125], [-3.86968851010818, 50.5712738495936], [-3.87560424472253, 50.5425311242811], [-3.889161211863, 50.5363189339793], [-3.89260187947892, 50.5138523249335], [-3.88023637456714, 50.4856745019148], [-3.89898307504846, 50.4727755759622], [-3.94877851813894, 50.4886562332823], [-3.94578836685615, 50.4982679206801], [-3.95596909365491, 50.5002432807405], [-4.00790126124229, 50.4696741774019], [-4.02305420877319, 50.4687290735237], [-4.02377909890803, 50.4620714060544], [-4.06023653539829, 50.454019600813], [-4.07779195717411, 50.4699071688099], [-4.10726771632299, 50.4503873879689], [-4.10856674659666, 50.4629703869687], [-4.15187245248104, 50.4636623109181], [-4.15182690450768, 50.4638342114688], [-4.15201743830696, 50.4636645999555], [-4.15496966878604, 50.4637111732884], [-4.16052130614984, 50.4560930018706], [-4.18507920993907, 50.4342105790778], [-4.19131299136582, 50.4353751574007], [-4.19965389402027, 50.4369327627817], [-4.20078788353147, 50.436396885985], [-4.21519962901547, 50.4666857613862], [-4.22953782387918, 50.4558261393705], [-4.23859198555515, 50.463969167011], [-4.2180822401953, 50.4759428728942], [-4.22086898555329, 50.4980727231674], [-4.1993570856001, 50.4923687643603], [-4.18070463552914, 50.5037280294746], [-4.18575017328832, 50.5083572104039], [-4.20279303109881, 50.5031798283113], [-4.20730714918843, 50.5335626851357], [-4.23229543056486, 50.5310174672764], [-4.24789096992557, 50.543922189578], [-4.271526014024, 50.5365851977345], [-4.25928500625729, 50.545846766211], [-4.27951593682655, 50.5691733356699], [-4.27114961706166, 50.5822142028992], [-4.28587010135903, 50.5847305555885], [-4.28614231744245, 50.5750076040828], [-4.29132756980882, 50.5838578780695], [-4.30691506779935, 50.5785850671305], [-4.31162974247687, 50.5860774690858], [-4.30032317586029, 50.6338386863339], [-4.32559220254156, 50.637726053182], [-4.33522641876651, 50.6465408609257], [-4.31271370482185, 50.6624506957621], [-4.22215942349301, 50.6712437370542], [-4.21260866360025, 50.6780322492392], [-4.21473432331301, 50.6887848103331], [-4.23198891841178, 50.6954223924421], [-4.23496737346125, 50.713351123435], [-4.22678679585449, 50.7421868955799], [-4.18592812089704, 50.7577027142057], [-4.20579453230102, 50.774912708457], [-4.16641879950941, 50.7870003114457], [-4.19077039529673, 50.7896428252168], [-4.16876383029227, 50.7976558848632], [-4.17720843969576, 50.8071597423914], [-4.15823850403211, 50.8154575641082], [-4.16401399083819, 50.8308991214345], [-4.14074073834119, 50.8321137341456], [-4.12871960628132, 50.8441074525971], [-4.10287761018232, 50.8354348088121], [-4.10313151467025, 50.8502969041802], [-4.08540911825294, 50.8577371835778], [-4.08993415452322, 50.8673803291283], [-4.06867993731403, 50.8746132849403]]]]}}, {"id": "86", "type": "Feature", "properties": {"LAD22CD": "E07000061", "LAD22NM": "Eastbourne"}, "geometry": {"type": "Polygon", "coordinates": [[[0.339177128796775, 50.7990380485378], [0.310001677741741, 50.77668433349], [0.266410952319476, 50.7432318996411], [0.260355755024803, 50.7385798218519], [0.209966414954202, 50.7384858729512], [0.209822776075905, 50.7385343463961], [0.216419303137371, 50.7747197062314], [0.233877609327566, 50.795415222528], [0.227722839634515, 50.8008717407788], [0.245877996801349, 50.80548923199], [0.258804521819086, 50.7993756198279], [0.267350514506759, 50.8105620435539], [0.276900346944744, 50.8047664455901], [0.29776844630845, 50.812910367498], [0.339177128796775, 50.7990380485378]]]}}, {"id": "87", "type": "Feature", "properties": {"LAD22CD": "E07000062", "LAD22NM": "Hastings"}, "geometry": {"type": "Polygon", "coordinates": [[[0.657923520983535, 50.869758970173], [0.645705860001374, 50.8667314107036], [0.524856835370808, 50.845219232491], [0.502768843926252, 50.8425133842213], [0.508573338553853, 50.8508696525959], [0.521188998821682, 50.8517435599408], [0.520026491998375, 50.8773862582302], [0.53695003209693, 50.8948246030523], [0.603727635234924, 50.87854882383], [0.620897942218763, 50.8841843402221], [0.657923520983535, 50.869758970173]]]}}, {"id": "88", "type": "Feature", "properties": {"LAD22CD": "E07000063", "LAD22NM": "Lewes"}, "geometry": {"type": "Polygon", "coordinates": [[[0.149985176881001, 50.7587037376646], [0.148939334951743, 50.7590558337358], [0.121967265897583, 50.7583042978433], [0.1069477214802, 50.7639367055808], [0.0683542962557273, 50.7818192930819], [0.0595491908194518, 50.7816901471579], [0.0583360841416422, 50.7821441050746], [0.0583519834671288, 50.7816725372818], [0.0558878147287466, 50.7816362529696], [0.0577572368682647, 50.7760856506532], [0.0337330452782453, 50.7818297081496], [-0.0149577234926783, 50.7934519669136], [-0.0384766479745245, 50.7990565164647], [-0.0160023583696679, 50.8148750652864], [-0.02042837615218, 50.8218303556257], [-0.0459683931136427, 50.8218246617317], [-0.0368425495084804, 50.8412388952519], [-0.0734418548386787, 50.8412445322818], [-0.0849276342430443, 50.8731196294769], [-0.0975192636219945, 50.8779454253866], [-0.12179965145279, 50.8734281552786], [-0.135283671366533, 50.8781049946469], [-0.135010046704454, 50.8866345160191], [-0.119726379417298, 50.9423412102197], [-0.104172926921542, 50.9464716805823], [-0.115214890805893, 50.9760771371799], [-0.0736194177331807, 50.9916752634281], [-0.0615918410922555, 50.9784204161656], [-0.0246042590087526, 50.9800251742248], [-0.0164097807035256, 51.0025138340307], [0.00379029548643699, 50.9936586259854], [0.0111656724667305, 50.9776178934043], [0.0272896816249424, 50.9809042554027], [0.0390131854734992, 50.9666198985723], [0.0535517654417585, 50.9678464635486], [0.0482299035890433, 50.9465116151954], [0.0573042096256776, 50.9260912181989], [0.121913595707189, 50.9152809833097], [0.091881452118935, 50.8849473998175], [0.0984976573399234, 50.8699934616043], [0.11463910436336, 50.8706797114258], [0.127327472414253, 50.8567606483002], [0.0979338059590281, 50.8203197555347], [0.119229803475203, 50.7942343005471], [0.143685958735401, 50.7927675588819], [0.149985176881001, 50.7587037376646]]]}}, {"id": "89", "type": "Feature", "properties": {"LAD22CD": "E07000064", "LAD22NM": "Rother"}, "geometry": {"type": "Polygon", "coordinates": [[[0.605390823945922, 51.0120699758106], [0.66135508907831, 51.0177872994686], [0.676955919326293, 51.0032987859205], [0.706770603419155, 50.9936018231459], [0.74061137766967, 51.0006767086619], [0.778956704972181, 50.9894920251371], [0.777134928696756, 50.9754283500105], [0.784327858018418, 50.9772296872172], [0.812941746895733, 50.941999575237], [0.841401377893081, 50.9576088287223], [0.855967970123694, 50.9531286066064], [0.867891381774926, 50.933262295643], [0.854954096534626, 50.9239215091658], [0.844462311257057, 50.9248519221866], [0.772008514930815, 50.9312500103349], [0.774905803197715, 50.927335668191], [0.729731338646439, 50.9134192569804], [0.65857681641057, 50.8699208109401], [0.657923520983535, 50.869758970173], [0.620897942218763, 50.8841843402221], [0.603727635234924, 50.87854882383], [0.53695003209693, 50.8948246030523], [0.520026491998375, 50.8773862582302], [0.521188998821682, 50.8517435599408], [0.508573338553853, 50.8508696525959], [0.502768843926252, 50.8425133842213], [0.500712476210745, 50.842261222592], [0.378235456932699, 50.8204862931226], [0.37541342272816, 50.8406045073138], [0.441196831362921, 50.8678297601759], [0.449085367631327, 50.8789513128557], [0.435503334595761, 50.8938987061535], [0.416084010052589, 50.8969114017833], [0.379053948874133, 50.883535906227], [0.367896482111999, 50.8879521754214], [0.374302835573211, 50.8983928175872], [0.35776195415492, 50.917302635028], [0.366808338587786, 50.9329769961941], [0.342689856803908, 50.9394409160142], [0.335932708623537, 50.9530437342539], [0.343584189463465, 50.959146632636], [0.324024938278467, 50.9629210990255], [0.321585740673586, 50.9966843436248], [0.328658782105634, 51.0128817938823], [0.354012040310152, 51.0175279790972], [0.346599966421665, 51.0240996285963], [0.361353436327948, 51.0652765595889], [0.395772076313833, 51.0739134336549], [0.396473803046943, 51.0830961518079], [0.418263393533167, 51.0626292915724], [0.463267138803114, 51.0547870173775], [0.472315360454523, 51.0304415900476], [0.537600379824422, 51.0216735768138], [0.541906625576079, 51.0110064422455], [0.568381149722978, 51.0038146875729], [0.605390823945922, 51.0120699758106]]]}}, {"id": "90", "type": "Feature", "properties": {"LAD22CD": "E07000065", "LAD22NM": "Wealden"}, "geometry": {"type": "Polygon", "coordinates": [[[0.160747944274821, 51.1373192644889], [0.151200727639214, 51.1238298622802], [0.171628358019837, 51.1154102543181], [0.226284322804329, 51.1244679125225], [0.24454282489551, 51.1148785462355], [0.275670535951605, 51.1123554347649], [0.273935045062806, 51.1200787066604], [0.325177398042586, 51.1229171225958], [0.334703413315617, 51.1055645704394], [0.358960077769589, 51.104478561555], [0.35081999106108, 51.0840683339465], [0.373903542083923, 51.0884647235483], [0.396473803046943, 51.0830961518079], [0.395772076313833, 51.0739134336549], [0.361353436327948, 51.0652765595889], [0.346599966421665, 51.0240996285963], [0.354012040310152, 51.0175279790972], [0.328658782105634, 51.0128817938823], [0.321585740673586, 50.9966843436248], [0.324024938278467, 50.9629210990255], [0.343584189463465, 50.959146632636], [0.335932708623537, 50.9530437342539], [0.342689856803908, 50.9394409160142], [0.366808338587786, 50.9329769961941], [0.35776195415492, 50.917302635028], [0.374302835573211, 50.8983928175872], [0.367896482111999, 50.8879521754214], [0.379053948874133, 50.883535906227], [0.416084010052589, 50.8969114017833], [0.435503334595761, 50.8938987061535], [0.449085367631327, 50.8789513128557], [0.441196831362921, 50.8678297601759], [0.37541342272816, 50.8406045073138], [0.378235456932699, 50.8204862931226], [0.377491650431505, 50.8203535960944], [0.339307150730746, 50.7991376039033], [0.339177128796775, 50.7990380485378], [0.29776844630845, 50.812910367498], [0.276900346944744, 50.8047664455901], [0.267350514506759, 50.8105620435539], [0.258804521819086, 50.7993756198279], [0.245877996801349, 50.80548923199], [0.227722839634515, 50.8008717407788], [0.233877609327566, 50.795415222528], [0.216419303137371, 50.7747197062314], [0.209822776075905, 50.7385343463961], [0.155531852840607, 50.7568361326125], [0.149985176881001, 50.7587037376646], [0.143685958735401, 50.7927675588819], [0.119229803475203, 50.7942343005471], [0.0979338059590281, 50.8203197555347], [0.127327472414253, 50.8567606483002], [0.11463910436336, 50.8706797114258], [0.0984976573399234, 50.8699934616043], [0.091881452118935, 50.8849473998175], [0.121913595707189, 50.9152809833097], [0.0573042096256776, 50.9260912181989], [0.0482299035890433, 50.9465116151954], [0.0535517654417585, 50.9678464635486], [0.0390131854734992, 50.9666198985723], [0.0272896816249424, 50.9809042554027], [0.0111656724667305, 50.9776178934043], [0.00379029548643699, 50.9936586259854], [-0.0164097807035256, 51.0025138340307], [-0.0219136818421872, 51.0265124439424], [-0.00156549234049123, 51.0357549877935], [-0.00300172769009489, 51.0475643235525], [0.0137255550641094, 51.0570126028937], [-0.00854815740438445, 51.0564579880245], [-0.0132566088248517, 51.0739671029142], [-0.0268520992180162, 51.0751128713046], [-0.036213376436162, 51.0934295234327], [0.0104731924967344, 51.1021824825989], [0.00950504621663548, 51.1103919565056], [0.0186185679112131, 51.1035755135794], [0.0445654583113198, 51.1106493987571], [0.0281525549528462, 51.1177196620482], [0.0273612247660835, 51.1398505070994], [0.0500165286936347, 51.1426500167773], [0.133117086399998, 51.1472785195743], [0.160747944274821, 51.1373192644889]]]}}, {"id": "91", "type": "Feature", "properties": {"LAD22CD": "E07000066", "LAD22NM": "Basildon"}, "geometry": {"type": "Polygon", "coordinates": [[[0.562475298241574, 51.6178526489668], [0.54903494812593, 51.5965783683498], [0.565918632574499, 51.5882452416633], [0.542845150739926, 51.5716273797751], [0.543034584481941, 51.5346835168343], [0.518042103592814, 51.529955768955], [0.518009397956447, 51.5299741884525], [0.506244074750797, 51.5382508875014], [0.508832891879717, 51.5345626291136], [0.484841617865104, 51.5478758727103], [0.466763964533001, 51.5467256309463], [0.461617567216431, 51.5536972795233], [0.427690962988708, 51.5451312865406], [0.418679588401769, 51.5566167971405], [0.393532476693128, 51.5576549446081], [0.391861713355575, 51.5671913952283], [0.38260509348446, 51.5658238168464], [0.375126917595192, 51.6151727251386], [0.402327882525101, 51.650994906834], [0.442935181307834, 51.6466554365163], [0.446828428034759, 51.6266690367407], [0.458962570063275, 51.6238280903091], [0.504829548466456, 51.6217164527959], [0.514680904819324, 51.6269667109345], [0.520822557919768, 51.6187913770902], [0.562475298241574, 51.6178526489668]]]}}, {"id": "92", "type": "Feature", "properties": {"LAD22CD": "E07000067", "LAD22NM": "Braintree"}, "geometry": {"type": "Polygon", "coordinates": [[[0.781470157197563, 51.9665127651082], [0.764041523766886, 51.9543199856325], [0.749490995169374, 51.9546895673921], [0.726228383222954, 51.905840858522], [0.69952547905277, 51.9034454707767], [0.722760066995718, 51.8787904639619], [0.716405250573644, 51.8712528958395], [0.736606592717992, 51.8716795046628], [0.752925742899607, 51.8631324641424], [0.750343950072329, 51.853601997155], [0.733143937599357, 51.8484620763538], [0.741589664368422, 51.8396764751471], [0.711904224492513, 51.8345307491457], [0.72133207104262, 51.8302361254676], [0.708908943887238, 51.8189042153349], [0.697269448750306, 51.8291268110924], [0.678690705925375, 51.8106454010911], [0.659755724554981, 51.8056775009888], [0.651171909709209, 51.784886897125], [0.633340631573167, 51.7761234612539], [0.647503769237281, 51.7615109438959], [0.618606154498573, 51.7625650169741], [0.598702028580882, 51.7504160873722], [0.593365583908674, 51.7554489607127], [0.572098394884235, 51.7519008758124], [0.523790639709097, 51.8034284369172], [0.534183717668937, 51.8109193106637], [0.519262342777842, 51.8504492140291], [0.513503382708375, 51.864397503173], [0.467205417069055, 51.8786564118898], [0.433015803568579, 51.9247983783062], [0.42139275161911, 51.9263042112074], [0.430052576440599, 51.9538209259634], [0.41247571750255, 51.9710612592035], [0.423622540480258, 51.9732171912397], [0.42694351589013, 51.9867587229951], [0.413838915185727, 52.0116820155782], [0.437755098934372, 52.0140473555366], [0.431389737333571, 52.0389327413527], [0.394032429672931, 52.0318408064162], [0.389695372823124, 52.0364665943425], [0.379612827815692, 52.0495627147372], [0.404638263575799, 52.0655023804364], [0.438278486414546, 52.0723326770648], [0.453622595252859, 52.0681472867682], [0.466666860165125, 52.07845586008], [0.501678783042324, 52.0538526678759], [0.511053759850194, 52.0598314517354], [0.542262964458395, 52.0577593101052], [0.551487374858225, 52.0688101037103], [0.582132818735652, 52.0758523728914], [0.656900901436426, 52.0854416870867], [0.684204240948651, 52.0869686436845], [0.712118249483127, 52.0722424688301], [0.703177564086779, 52.0652732493605], [0.716263376587153, 52.0486871974891], [0.69940006432446, 52.0484380885926], [0.696511870071092, 52.0393021688459], [0.714396590823323, 52.0273187681222], [0.74063428386174, 52.0312015497747], [0.738526974119553, 52.0106986419848], [0.761149264433513, 51.997483290983], [0.759667735030109, 51.9854291125096], [0.774633327593334, 51.9825916210538], [0.772261026840059, 51.970424512006], [0.781470157197563, 51.9665127651082]]]}}, {"id": "93", "type": "Feature", "properties": {"LAD22CD": "E07000068", "LAD22NM": "Brentwood"}, "geometry": {"type": "Polygon", "coordinates": [[[0.402327882525101, 51.650994906834], [0.375126917595192, 51.6151727251386], [0.38260509348446, 51.5658238168464], [0.313035077012051, 51.5658181319616], [0.290289733958918, 51.5642993941368], [0.269878876965455, 51.599574795252], [0.254008700235285, 51.6015982016854], [0.264561968545902, 51.608320663534], [0.252194311477768, 51.6177694040679], [0.224087730411796, 51.6317377623678], [0.200311572560423, 51.6249357585131], [0.175702646497488, 51.6557918883317], [0.192990348083089, 51.6530990209014], [0.190857962789022, 51.6598204423112], [0.208156616441341, 51.660971203477], [0.215026596279673, 51.6748526086491], [0.239133871052621, 51.6741724122458], [0.232545703393613, 51.6838465756485], [0.26538295701511, 51.6996372217881], [0.302124818855336, 51.6809654475005], [0.323061908277197, 51.7141676757474], [0.333999479193368, 51.7170130529691], [0.346633491175168, 51.6939052718589], [0.360551397063566, 51.6903843547418], [0.37751794826649, 51.6987196394664], [0.401497817732758, 51.6824214070813], [0.412560206765404, 51.6708961753466], [0.400250550167901, 51.6622468357186], [0.402327882525101, 51.650994906834]]]}}, {"id": "94", "type": "Feature", "properties": {"LAD22CD": "E07000069", "LAD22NM": "Castle Point"}, "geometry": {"type": "Polygon", "coordinates": [[[0.632077284564213, 51.5705294757645], [0.626873288032413, 51.5382568828569], [0.6264533813107, 51.5382290459379], [0.625793448154421, 51.5381286798751], [0.608330234164142, 51.5349480187001], [0.594070516162126, 51.5374700998975], [0.572104604479245, 51.541351175428], [0.593931552176543, 51.5350247180605], [0.622103793628073, 51.5268506000952], [0.61844616442781, 51.5202734665743], [0.636859412356845, 51.5219357102227], [0.592630446437871, 51.5121329902907], [0.573364316338746, 51.5078561347315], [0.553654417595967, 51.5098842018006], [0.548618769264489, 51.5127240741593], [0.548030413942597, 51.515743319547], [0.543174399678314, 51.515793816224], [0.518042103592814, 51.529955768955], [0.543034584481941, 51.5346835168343], [0.542845150739926, 51.5716273797751], [0.565918632574499, 51.5882452416633], [0.632077284564213, 51.5705294757645]]]}}, {"id": "95", "type": "Feature", "properties": {"LAD22CD": "E07000070", "LAD22NM": "Chelmsford"}, "geometry": {"type": "Polygon", "coordinates": [[[0.519262342777842, 51.8504492140291], [0.534183717668937, 51.8109193106637], [0.523790639709097, 51.8034284369172], [0.572098394884235, 51.7519008758124], [0.593365583908674, 51.7554489607127], [0.589498158966398, 51.7301727165479], [0.611153169522213, 51.7227872547877], [0.601865180207922, 51.710228003864], [0.612602850244079, 51.698757719563], [0.608836706871032, 51.681947117123], [0.619765914224081, 51.6753398794418], [0.628712110531503, 51.6395150718469], [0.649007399119237, 51.636598271906], [0.58798951985483, 51.6308731590823], [0.586921960017146, 51.6233899445491], [0.562475298241574, 51.6178526489668], [0.520822557919768, 51.6187913770902], [0.514680904819324, 51.6269667109345], [0.504829548466456, 51.6217164527959], [0.458962570063275, 51.6238280903091], [0.446828428034759, 51.6266690367407], [0.442935181307834, 51.6466554365163], [0.402327882525101, 51.650994906834], [0.400250550167901, 51.6622468357186], [0.412560206765404, 51.6708961753466], [0.401497817732758, 51.6824214070813], [0.37751794826649, 51.6987196394664], [0.360551397063566, 51.6903843547418], [0.346633491175168, 51.6939052718589], [0.333999479193368, 51.7170130529691], [0.347451316579649, 51.7304397971731], [0.346700459081854, 51.76759607116], [0.33219814337298, 51.7796294025914], [0.340581328387737, 51.7944781643174], [0.362617227549911, 51.7949069714519], [0.361570125270334, 51.8011501159103], [0.384165196931081, 51.7970744310742], [0.400030261770626, 51.8127617173101], [0.404615009047594, 51.8074224366527], [0.41432224666562, 51.8142417010379], [0.403521217558056, 51.8402763270282], [0.413172153800461, 51.8566590356464], [0.424031521176507, 51.8541587236864], [0.431060817439215, 51.8318263463602], [0.445681465775623, 51.828872995119], [0.519262342777842, 51.8504492140291]]]}}, {"id": "96", "type": "Feature", "properties": {"LAD22CD": "E07000071", "LAD22NM": "Colchester"}, "geometry": {"type": "MultiPolygon", "coordinates": [[[[0.945555009968762, 51.7746984070232], [0.902361802698661, 51.7737041615901], [0.901838474600217, 51.7861260045121], [0.924586899694692, 51.795598033533], [0.942773993136243, 51.8067462367157], [0.965846855849948, 51.8086755328154], [0.999129028964842, 51.8019348962437], [0.999990659498777, 51.793141346805], [0.945555009968762, 51.7746984070232]]], [[[0.979672796878529, 51.8466582041981], [0.980128082098004, 51.8446572070557], [0.977821874363019, 51.8472484189075], [0.979672796878529, 51.8466582041981]]], [[[0.962589594231285, 51.9771649303718], [0.970982749148486, 51.9624077580481], [0.998710091163988, 51.9639673353996], [1.02471198883193, 51.9549023615469], [1.00577987666421, 51.9356019766597], [0.957633842388884, 51.9373105002943], [0.9312031470394, 51.9197236262362], [0.957143069003518, 51.9036483520286], [0.948809135726053, 51.8967524584955], [0.962638457357751, 51.8907280484037], [0.952853229415343, 51.8803101610935], [0.978321077097013, 51.8721615429091], [0.978104327115427, 51.8540432894564], [0.965010102072273, 51.8513325725558], [0.977553635413133, 51.8473339501897], [0.97752217018382, 51.8408910322971], [0.977496483378785, 51.8356245828078], [0.966444124972138, 51.8294113722078], [0.982241921164418, 51.8173889205241], [0.965770545780142, 51.8226326129068], [0.961930823722796, 51.8331449015837], [0.955606366210376, 51.8293932352674], [0.943447905287331, 51.8221780827678], [0.991183789980207, 51.807253037909], [0.959908279277284, 51.8102321000173], [0.916172047359005, 51.8114484662464], [0.920748537612709, 51.8050013486719], [0.937032807865719, 51.8057780263833], [0.921562931970931, 51.8038538687831], [0.90414434279188, 51.8042070528587], [0.8987603407289, 51.792709640397], [0.892417831703416, 51.7791572861557], [0.866461939780975, 51.7927924835862], [0.872288252636093, 51.78322952346], [0.848686397308784, 51.7872674835041], [0.841690366688952, 51.7823004689034], [0.829891035086637, 51.7889983971697], [0.842862056389324, 51.7810301601019], [0.836965883497606, 51.7795171666927], [0.803929220202557, 51.7897049453691], [0.815929110539679, 51.789247114935], [0.811854791560073, 51.7991191429389], [0.77908970393259, 51.8115632019464], [0.754230218210509, 51.8009691855936], [0.718171006764377, 51.7973630075808], [0.713329896129475, 51.8084596374464], [0.721663680782776, 51.8100053953895], [0.708908943887238, 51.8189042153349], [0.72133207104262, 51.8302361254676], [0.711904224492513, 51.8345307491457], [0.741589664368422, 51.8396764751471], [0.733143937599357, 51.8484620763538], [0.750343950072329, 51.853601997155], [0.752925742899607, 51.8631324641424], [0.736606592717992, 51.8716795046628], [0.716405250573644, 51.8712528958395], [0.722760066995718, 51.8787904639619], [0.69952547905277, 51.9034454707767], [0.726228383222954, 51.905840858522], [0.749490995169374, 51.9546895673921], [0.764041523766886, 51.9543199856325], [0.781470157197563, 51.9665127651082], [0.810877141632654, 51.9606960885641], [0.824650048979386, 51.9685496081194], [0.850240124999087, 51.960766646477], [0.88968795561324, 51.9733868575578], [0.925168792575386, 51.9761942345246], [0.942911023064153, 51.9706902951459], [0.962589594231285, 51.9771649303718]]]]}}, {"id": "97", "type": "Feature", "properties": {"LAD22CD": "E07000072", "LAD22NM": "Epping Forest"}, "geometry": {"type": "Polygon", "coordinates": [[[0.346700459081854, 51.76759607116], [0.347451316579649, 51.7304397971731], [0.333999479193368, 51.7170130529691], [0.323061908277197, 51.7141676757474], [0.302124818855336, 51.6809654475005], [0.26538295701511, 51.6996372217881], [0.232545703393613, 51.6838465756485], [0.239133871052621, 51.6741724122458], [0.215026596279673, 51.6748526086491], [0.208156616441341, 51.660971203477], [0.190857962789022, 51.6598204423112], [0.192990348083089, 51.6530990209014], [0.175702646497488, 51.6557918883317], [0.200311572560423, 51.6249357585131], [0.138184233985369, 51.6235453961019], [0.0728236884365911, 51.6046896927684], [0.0218144126030301, 51.6288272201855], [0.0227195431411399, 51.6411154937777], [-0.0122587363440997, 51.6462340740994], [-0.0119186760120882, 51.6808778146802], [-0.0197431177734428, 51.7032159876634], [-0.0135105476770619, 51.7422170644999], [0.00116831607272196, 51.7450562061589], [0.0140290578120465, 51.7643799998415], [0.0267994429079434, 51.7741799003898], [0.0576635393893906, 51.7796739282513], [0.0638379120882164, 51.7515251913796], [0.0926004046887484, 51.7361761600158], [0.102442501200667, 51.746295249024], [0.147396560148029, 51.7575676687467], [0.168018960489515, 51.7827839811818], [0.146141158428203, 51.796243762479], [0.15830881878831, 51.8135169974375], [0.172583035411387, 51.8163043896198], [0.166251617449305, 51.8221540085985], [0.188438161352659, 51.8196564222449], [0.196660647628044, 51.7957906696513], [0.231547967788357, 51.7951605182497], [0.237677631557306, 51.7797753274744], [0.295616775458178, 51.790265054973], [0.299365659995665, 51.7718598802286], [0.346700459081854, 51.76759607116]]]}}, {"id": "98", "type": "Feature", "properties": {"LAD22CD": "E07000073", "LAD22NM": "Harlow"}, "geometry": {"type": "Polygon", "coordinates": [[[0.0576635393893906, 51.7796739282513], [0.146141158428203, 51.796243762479], [0.168018960489515, 51.7827839811818], [0.147396560148029, 51.7575676687467], [0.102442501200667, 51.746295249024], [0.0926004046887484, 51.7361761600158], [0.0638379120882164, 51.7515251913796], [0.0576635393893906, 51.7796739282513]]]}}, {"id": "99", "type": "Feature", "properties": {"LAD22CD": "E07000074", "LAD22NM": "Maldon"}, "geometry": {"type": "MultiPolygon", "coordinates": [[[[0.787703225708633, 51.7223149753951], [0.770131405191014, 51.7190521787317], [0.754635465091149, 51.7248622649673], [0.769753859072292, 51.7268272070623], [0.787703225708633, 51.7223149753951]]], [[[0.721175352977298, 51.7306497152172], [0.726170411198278, 51.7170514681357], [0.7081312928497, 51.7196398003457], [0.721175352977298, 51.7306497152172]]], [[[0.838019187582583, 51.7733655774122], [0.856198944009919, 51.7676552404042], [0.83349406742561, 51.7692557884012], [0.838019187582583, 51.7733655774122]]], [[[0.713329896129475, 51.8084596374464], [0.718171006764377, 51.7973630075808], [0.754230218210509, 51.8009691855936], [0.77908970393259, 51.8115632019464], [0.811854791560073, 51.7991191429389], [0.815929110539679, 51.789247114935], [0.803929220202557, 51.7897049453691], [0.836965883497606, 51.7795171666927], [0.842862056389324, 51.7810301601019], [0.843301147013734, 51.7807603496205], [0.87681860129027, 51.7793664164909], [0.877254121747701, 51.7793482407886], [0.877375532798772, 51.7792410873223], [0.890846600983068, 51.7673481108195], [0.854522812187889, 51.7717623122335], [0.836829948117257, 51.7739080528539], [0.831807409928219, 51.7695169177667], [0.853088772826374, 51.7645783917342], [0.850450181985128, 51.7570259006645], [0.861581646941853, 51.7630974263334], [0.88268796818783, 51.7576845645005], [0.856195207312813, 51.743786440289], [0.847456217691313, 51.7474884758918], [0.853022441207034, 51.7419721248718], [0.841564228506279, 51.7387611279601], [0.792292155155722, 51.745191394438], [0.78863232079183, 51.7366533037107], [0.776743356259106, 51.7439832731457], [0.735909166676607, 51.7294723815794], [0.713725924380509, 51.7376063893055], [0.70552884971014, 51.7238137337545], [0.699233247822315, 51.7261735109317], [0.711207719500056, 51.7134863757459], [0.747005618510649, 51.7114693841363], [0.746033709141438, 51.7048637261176], [0.769185517779274, 51.7083592430127], [0.737834658420487, 51.6872043984588], [0.7569367262413, 51.690726396231], [0.766957965202771, 51.7027447546432], [0.771581982679827, 51.7040612962599], [0.797560512337364, 51.7079450221542], [0.793478911613865, 51.7180783696829], [0.819711532255216, 51.7210805845463], [0.85221387260807, 51.7133086120544], [0.883930169221173, 51.7356864026047], [0.89459668331371, 51.7432052451066], [0.895594971327693, 51.7433002790693], [0.926854202825624, 51.7462715814409], [0.930957904793418, 51.7460290451371], [0.94900991161076, 51.7294610004236], [0.938513403988253, 51.6917767371082], [0.947074708616439, 51.6871625194406], [0.938106157949721, 51.6883992080104], [0.946951599760912, 51.6854767959683], [0.932143917792513, 51.6858912956462], [0.94869274720341, 51.6832611384642], [0.931536966157242, 51.6792049095444], [0.946473382290585, 51.6774082397074], [0.932787291931109, 51.6750902037306], [0.946371450357319, 51.6756092049538], [0.933904581772575, 51.6733651346627], [0.944305778473024, 51.6739293561817], [0.932673022061746, 51.6665778832271], [0.942238253146668, 51.6639913138828], [0.941718134645753, 51.6619118152821], [0.934451544890771, 51.632837173325], [0.904316826525894, 51.622548617157], [0.887870062144279, 51.6221045329664], [0.859508701402765, 51.6213332946048], [0.793874102045473, 51.6257045962767], [0.780515125061885, 51.6306275593757], [0.764706130829241, 51.6384700367649], [0.740346218424885, 51.6325427798465], [0.649007399119237, 51.636598271906], [0.628712110531503, 51.6395150718469], [0.619765914224081, 51.6753398794418], [0.608836706871032, 51.681947117123], [0.612602850244079, 51.698757719563], [0.601865180207922, 51.710228003864], [0.611153169522213, 51.7227872547877], [0.589498158966398, 51.7301727165479], [0.593365583908674, 51.7554489607127], [0.598702028580882, 51.7504160873722], [0.618606154498573, 51.7625650169741], [0.647503769237281, 51.7615109438959], [0.633340631573167, 51.7761234612539], [0.651171909709209, 51.784886897125], [0.659755724554981, 51.8056775009888], [0.678690705925375, 51.8106454010911], [0.697269448750306, 51.8291268110924], [0.708908943887238, 51.8189042153349], [0.721663680782776, 51.8100053953895], [0.713329896129475, 51.8084596374464]]]]}}, {"id": "100", "type": "Feature", "properties": {"LAD22CD": "E07000075", "LAD22NM": "Rochford"}, "geometry": {"type": "MultiPolygon", "coordinates": [[[[0.837491435881474, 51.5851768562152], [0.822949646500331, 51.5648819760267], [0.808066070701758, 51.5856266832244], [0.830143881186117, 51.5959662408548], [0.837491435881474, 51.5851768562152]]], [[[0.884470369592766, 51.5685005388757], [0.866370064397508, 51.5589408418077], [0.840146351266314, 51.5616365026319], [0.825779682464893, 51.5644666816426], [0.838649742357825, 51.581478361632], [0.840078217246046, 51.5820230168783], [0.83799748353139, 51.5936189646791], [0.866825862664548, 51.5951863855279], [0.874374700653288, 51.6141508896971], [0.887428869773476, 51.615156860216], [0.957516615699434, 51.620532308421], [0.929866948989761, 51.5924463611713], [0.884470369592766, 51.5685005388757]]], [[[0.764706130829241, 51.6384700367649], [0.780515125061885, 51.6306275593757], [0.76366690345404, 51.6368328097047], [0.784388750256748, 51.6242840475918], [0.80784174099279, 51.6224348474839], [0.865440433018972, 51.6154309242731], [0.863895926381938, 51.6087918253944], [0.857805162739725, 51.6075770362957], [0.854019525527156, 51.5958315296355], [0.82042699550007, 51.5989143534995], [0.811970359486329, 51.603130718194], [0.819073898512894, 51.5975959799363], [0.796392842575854, 51.5863916855781], [0.764340398436962, 51.5832296012752], [0.805898864585426, 51.5860753274845], [0.793421858511461, 51.5763923370015], [0.808114767740843, 51.5787145588808], [0.817754448018668, 51.5619156472391], [0.85074968781703, 51.5563390977268], [0.820968405413912, 51.5409207987581], [0.820841262671775, 51.5408567905858], [0.819168409590216, 51.5422065408971], [0.788986409546341, 51.5424473718173], [0.786689932259859, 51.5529433965889], [0.675333610589035, 51.5728679764088], [0.638950939122342, 51.5768010714265], [0.632077284564213, 51.5705294757645], [0.565918632574499, 51.5882452416633], [0.54903494812593, 51.5965783683498], [0.562475298241574, 51.6178526489668], [0.586921960017146, 51.6233899445491], [0.58798951985483, 51.6308731590823], [0.649007399119237, 51.636598271906], [0.740346218424885, 51.6325427798465], [0.764706130829241, 51.6384700367649]]]]}}, {"id": "101", "type": "Feature", "properties": {"LAD22CD": "E07000076", "LAD22NM": "Tendring"}, "geometry": {"type": "MultiPolygon", "coordinates": [[[[1.22179248136303, 51.8720351071305], [1.20674775520478, 51.8706769303705], [1.21868690650977, 51.8781480423971], [1.22466705621205, 51.8802991434941], [1.22179248136303, 51.8720351071305]]], [[[1.26290375352883, 51.8802172641199], [1.26374124768394, 51.8730442921375], [1.25504873490394, 51.8745256400447], [1.26290375352883, 51.8802172641199]]], [[[1.2574502050475, 51.8834653962981], [1.24459264439798, 51.8688853143338], [1.22642247370622, 51.8753076482459], [1.22969210008692, 51.8814698856327], [1.2574502050475, 51.8834653962981]]], [[[1.23395227520666, 51.8936787259492], [1.24267369616314, 51.8865856430212], [1.23155886770935, 51.8874943164403], [1.23395227520666, 51.8936787259492]]], [[[1.04771159936546, 51.9594983382557], [1.06868007327798, 51.9504228138376], [1.0658877932666, 51.9490158909528], [1.05391752356323, 51.95300142057], [1.06186240217185, 51.9459536857695], [1.11947589223361, 51.9400541001184], [1.17012442357622, 51.9480039408207], [1.18054781073297, 51.9417523264337], [1.19934289738747, 51.9408326484084], [1.22733027234651, 51.9394574798925], [1.24615109918745, 51.9484656687165], [1.27712034704249, 51.9391679059229], [1.29085979736679, 51.9486829305873], [1.29613152122986, 51.9369592341325], [1.29661838297258, 51.9355943213467], [1.29658247398179, 51.935582377377], [1.28511989010672, 51.9368637669313], [1.24971751246296, 51.9162014783916], [1.25288221586779, 51.9146004601815], [1.25799954713994, 51.9120111865179], [1.25201925106467, 51.9021739458248], [1.2462758961876, 51.8957454718393], [1.25095577267188, 51.9022401328795], [1.2341345096174, 51.9032857898424], [1.22601042207041, 51.9037899344726], [1.21203546768351, 51.8966266997021], [1.22829890044514, 51.890537643772], [1.21244096082245, 51.8903639934239], [1.19901557668311, 51.884777594085], [1.20984184065484, 51.8785174332559], [1.20910087485572, 51.8783520546505], [1.1946745188036, 51.8751310078082], [1.17819061617363, 51.8714477978416], [1.19423990269444, 51.8690012937318], [1.21158591934142, 51.8663543621622], [1.22640966809504, 51.8721266744808], [1.23243812432739, 51.8550725799045], [1.23580028365272, 51.8614440212185], [1.24921539000175, 51.8623079866073], [1.25000411452171, 51.8561214323136], [1.2525999938084, 51.8637510727783], [1.26660493853362, 51.8636494062584], [1.26914507472014, 51.851778642015], [1.26993184007437, 51.8636250048176], [1.26850949047767, 51.8636354488248], [1.26778677553658, 51.8771134475022], [1.28606513625981, 51.8757422529951], [1.26990057377809, 51.8773056191031], [1.2639425508943, 51.8862075454523], [1.29018831980865, 51.8743097238454], [1.29053823244326, 51.8732016977629], [1.28794393374706, 51.8623636060271], [1.26612220362196, 51.8434216472935], [1.25306450784584, 51.8335881794618], [1.23183734379514, 51.8175899061731], [1.12889183756311, 51.7754339860944], [1.05472076305474, 51.7695078267095], [1.04337631558113, 51.7697081505209], [1.01778996965053, 51.8012000198085], [1.04379112204909, 51.8024512922884], [1.06041598254837, 51.8116940217609], [1.06420714758794, 51.8172246896766], [1.06778296125308, 51.8210830955574], [1.04624201209041, 51.8228746307107], [1.0631773194784, 51.8175486766696], [1.05443255799152, 51.8108358116689], [1.01283586624298, 51.8048602251244], [0.984082585069526, 51.8350558945432], [1.02095489865661, 51.8347748845182], [0.985187351575367, 51.8389715315922], [0.98361699498483, 51.8407364933362], [0.980128082098004, 51.8446572070557], [0.979672796878529, 51.8466582041981], [0.977821874363019, 51.8472484189075], [0.977554685169973, 51.8475486061076], [0.977553635413133, 51.8473339501897], [0.965010102072273, 51.8513325725558], [0.978104327115427, 51.8540432894564], [0.978321077097013, 51.8721615429091], [0.952853229415343, 51.8803101610935], [0.962638457357751, 51.8907280484037], [0.948809135726053, 51.8967524584955], [0.957143069003518, 51.9036483520286], [0.9312031470394, 51.9197236262362], [0.957633842388884, 51.9373105002943], [1.00577987666421, 51.9356019766597], [1.02471198883193, 51.9549023615469], [1.04771159936546, 51.9594983382557]]]]}}, {"id": "102", "type": "Feature", "properties": {"LAD22CD": "E07000077", "LAD22NM": "Uttlesford"}, "geometry": {"type": "Polygon", "coordinates": [[[0.389695372823124, 52.0364665943425], [0.394032429672931, 52.0318408064162], [0.431389737333571, 52.0389327413527], [0.437755098934372, 52.0140473555366], [0.413838915185727, 52.0116820155782], [0.42694351589013, 51.9867587229951], [0.423622540480258, 51.9732171912397], [0.41247571750255, 51.9710612592035], [0.430052576440599, 51.9538209259634], [0.42139275161911, 51.9263042112074], [0.433015803568579, 51.9247983783062], [0.467205417069055, 51.8786564118898], [0.513503382708375, 51.864397503173], [0.519262342777842, 51.8504492140291], [0.445681465775623, 51.828872995119], [0.431060817439215, 51.8318263463602], [0.424031521176507, 51.8541587236864], [0.413172153800461, 51.8566590356464], [0.403521217558056, 51.8402763270282], [0.41432224666562, 51.8142417010379], [0.404615009047594, 51.8074224366527], [0.400030261770626, 51.8127617173101], [0.384165196931081, 51.7970744310742], [0.361570125270334, 51.8011501159103], [0.362617227549911, 51.7949069714519], [0.340581328387737, 51.7944781643174], [0.33219814337298, 51.7796294025914], [0.346700459081854, 51.76759607116], [0.299365659995665, 51.7718598802286], [0.295616775458178, 51.790265054973], [0.237677631557306, 51.7797753274744], [0.231547967788357, 51.7951605182497], [0.196660647628044, 51.7957906696513], [0.188438161352659, 51.8196564222449], [0.166251617449305, 51.8221540085985], [0.17046768802496, 51.8616221437544], [0.195594279900795, 51.8680863196043], [0.174976393666944, 51.8828125594953], [0.183853999516835, 51.8935011903688], [0.124761446710298, 51.8845855310094], [0.124847425135061, 51.9236084039955], [0.10701203141805, 51.9718178552015], [0.0964606111639592, 51.9843259691199], [0.0690610114507331, 51.9840425617869], [0.0681274189013754, 52.0057887391631], [0.0922543378316555, 52.0216539889866], [0.105736213487718, 52.0602611071123], [0.119077515908339, 52.0599625876485], [0.128135198304803, 52.0473225716999], [0.151116953867509, 52.0528518020285], [0.166396143400974, 52.048190780182], [0.167570276572422, 52.0549998115474], [0.189922071971941, 52.0602013963157], [0.183194362384494, 52.0731834554079], [0.203459400262098, 52.0926741553906], [0.235208003627414, 52.089000050391], [0.251573042887084, 52.0767861462709], [0.276228961971443, 52.0926383035939], [0.286011765577546, 52.0904076513023], [0.32467398462829, 52.0727832874379], [0.345959343307464, 52.0497170200731], [0.389695372823124, 52.0364665943425]]]}}, {"id": "103", "type": "Feature", "properties": {"LAD22CD": "E07000078", "LAD22NM": "Cheltenham"}, "geometry": {"type": "Polygon", "coordinates": [[[-2.01021519154428, 51.9029244535681], [-2.02525152927114, 51.8642840484746], [-2.04727725730044, 51.8583412596567], [-2.07075731268617, 51.8650268327387], [-2.09751946164285, 51.8788635210392], [-2.12775774501291, 51.8797187874055], [-2.12619621798564, 51.8875409112993], [-2.14241819294109, 51.8845085396829], [-2.12468010024739, 51.919340691929], [-2.10962242709734, 51.9158536166776], [-2.10325109522481, 51.9233606436611], [-2.10656542472398, 51.9388815799919], [-2.03994348671729, 51.9224105395833], [-2.03790035397327, 51.9052760943893], [-2.01021519154428, 51.9029244535681]]]}}, {"id": "104", "type": "Feature", "properties": {"LAD22CD": "E07000079", "LAD22NM": "Cotswold"}, "geometry": {"type": "Polygon", "coordinates": [[[-1.66575430454863, 51.9874888219864], [-1.66252911046192, 51.96400494758], [-1.63249065036283, 51.9556514588347], [-1.61518893058729, 51.9376816298851], [-1.64552984349675, 51.9222942568441], [-1.63305061648252, 51.8992254674722], [-1.6586519744456, 51.8965511935467], [-1.66711188278055, 51.8770000586035], [-1.68686790516724, 51.865499769979], [-1.67638499897572, 51.8503096863382], [-1.68646159226861, 51.834455791808], [-1.68193160633868, 51.8039930873526], [-1.71948863302901, 51.783211828608], [-1.70070464063817, 51.7705842309133], [-1.6870208353919, 51.7398840237491], [-1.69587065656067, 51.7235374534648], [-1.68800012551327, 51.7120447484807], [-1.64825374342062, 51.6840870667632], [-1.66845860139018, 51.6804375698815], [-1.68305860763384, 51.6901103608739], [-1.69683095088565, 51.6920420122024], [-1.71105528242177, 51.6717929473182], [-1.72755368076921, 51.6672098345907], [-1.7537928604015, 51.6622153587917], [-1.78861685777866, 51.6670018975245], [-1.81194238645542, 51.7031457130314], [-1.82317089688883, 51.6734843285402], [-1.81585077037266, 51.6630448007872], [-1.85048414193447, 51.6562848044654], [-1.87388368376944, 51.6825898311432], [-1.89901313594195, 51.6796865091691], [-1.87659847508312, 51.6515956109897], [-1.92090498005307, 51.6572437744879], [-1.94205954029405, 51.6704168715615], [-1.96305686286434, 51.6586563942531], [-1.95051918865219, 51.6369627916609], [-1.97732728414873, 51.638091260896], [-1.99530744672495, 51.6513635984319], [-2.01559230513293, 51.650515500261], [-2.05717380115619, 51.6724431322141], [-2.15253791543564, 51.5903416239803], [-2.17949127565587, 51.6000456712363], [-2.19001237832702, 51.5925031496084], [-2.20655236834298, 51.5959494452395], [-2.20742648164956, 51.6034009928319], [-2.24186688776213, 51.5921071677432], [-2.24511651561049, 51.5814094740082], [-2.27255905245869, 51.5775903274116], [-2.28274577923905, 51.5785165620246], [-2.291637286721, 51.5936959211034], [-2.27722941406557, 51.6196291585294], [-2.29376042551372, 51.6325141583334], [-2.3143395336621, 51.6250555017559], [-2.3236003412244, 51.6330857856817], [-2.283443172394, 51.6657612173391], [-2.28716408754539, 51.680635628314], [-2.24705011720238, 51.6763448338784], [-2.23272262974501, 51.6609204962304], [-2.19210837297068, 51.6597614622996], [-2.18755019991579, 51.6702978736746], [-2.21184460558839, 51.6822446971211], [-2.20062534130353, 51.6928393083854], [-2.14989196785009, 51.6893402165242], [-2.12385280306125, 51.7053277308451], [-2.13447010245378, 51.7232159935197], [-2.08469338842162, 51.7283157568882], [-2.0835171649899, 51.7358144568548], [-2.06862413773313, 51.7384612953311], [-2.08963314744166, 51.7469942085624], [-2.10598545053789, 51.7440358164395], [-2.10265228271626, 51.7672784866079], [-2.07297020663909, 51.7697437989972], [-2.08380980201924, 51.7889499019205], [-2.11563590591199, 51.7994578413805], [-2.13425447500207, 51.8199190407349], [-2.11489451209384, 51.8227898544858], [-2.09841042899061, 51.8565598782068], [-2.08213767351869, 51.854921657729], [-2.07075731268617, 51.8650268327387], [-2.04727725730044, 51.8583412596567], [-2.02525152927114, 51.8642840484746], [-2.01021519154428, 51.9029244535681], [-1.99416873912513, 51.914977371872], [-1.9611967180509, 51.9025178610396], [-1.92940581435866, 51.9046943630981], [-1.91215942204398, 51.8876007876807], [-1.89601600016554, 51.8943004864249], [-1.85360869348314, 51.8934302357793], [-1.88073484216912, 51.8967909889447], [-1.86840447194007, 51.9080679327172], [-1.88786059603436, 51.9118884311054], [-1.88720560353566, 51.9261932921327], [-1.92318709947832, 51.9348893410897], [-1.93166063772968, 51.9573250015929], [-1.91093047035078, 51.9693850287386], [-1.89707026358289, 51.9603254178326], [-1.8744995432948, 51.9650984297205], [-1.8684651000672, 51.9805911606484], [-1.88342625600984, 51.9836132966571], [-1.86535872296666, 51.9951586809566], [-1.81934897082943, 51.9873749519654], [-1.80167920800798, 51.9968951442697], [-1.83905030714283, 52.0067831284916], [-1.8250228816679, 52.0309334135568], [-1.83458593855756, 52.0437303163566], [-1.86344917989937, 52.053417723062], [-1.87440607681162, 52.0699909115952], [-1.84661960637666, 52.0794210956629], [-1.83175334172358, 52.0727693542685], [-1.81894341276327, 52.0854041151211], [-1.81273665650818, 52.0787440014706], [-1.80228873762243, 52.0969414695018], [-1.76764874769465, 52.1125925601067], [-1.7460219368107, 52.0929601720455], [-1.72856052811281, 52.1001203055535], [-1.73067148453835, 52.073399301398], [-1.71295296232755, 52.0665849047502], [-1.70173137601653, 52.0728093032742], [-1.70514106701663, 52.0597066230704], [-1.6886364810542, 52.0518332046415], [-1.69398075504565, 52.0395278989016], [-1.66387014157968, 52.0312775592206], [-1.62441776103734, 52.0389813521362], [-1.61753263743828, 52.0334370262087], [-1.66617341865268, 51.9969179723384], [-1.66575430454863, 51.9874888219864]]]}}, {"id": "105", "type": "Feature", "properties": {"LAD22CD": "E07000080", "LAD22NM": "Forest of Dean"}, "geometry": {"type": "Polygon", "coordinates": [[[-2.35137852244174, 52.0213590290394], [-2.35254266829771, 52.0135353102849], [-2.32470967818414, 52.0035672783312], [-2.32653298644337, 51.9757878171901], [-2.31261970069138, 51.976504974576], [-2.30043302609069, 51.9667752646008], [-2.27055558557873, 51.9689390809737], [-2.26754287941185, 51.9531930125884], [-2.28330418613353, 51.9518138083884], [-2.29532562120891, 51.9332265826614], [-2.28361011835363, 51.9232972674105], [-2.29721151492027, 51.9029044651951], [-2.28995563002817, 51.8943406749017], [-2.31981717821919, 51.8884962693133], [-2.3347031298695, 51.8757414820039], [-2.31597756294278, 51.8608598865133], [-2.34686664520539, 51.8545078933623], [-2.35177492989174, 51.8462249687235], [-2.34970190053647, 51.8297413575967], [-2.36248380073361, 51.8227101142928], [-2.35849104204252, 51.8075649618134], [-2.34634520924663, 51.8026561782638], [-2.35157790483711, 51.7959628849599], [-2.37852483376847, 51.7946257857619], [-2.41121856608316, 51.8056489552566], [-2.42207781020887, 51.8185812031223], [-2.45180880117732, 51.7964006680733], [-2.44432509011362, 51.7840408526966], [-2.41661606153936, 51.7851216237497], [-2.3925132203416, 51.7772716383862], [-2.38630069294576, 51.7580938926132], [-2.40861927106247, 51.7498390139847], [-2.43711284075921, 51.7573333351009], [-2.47256781985598, 51.7409280252943], [-2.50266510222392, 51.6932989280444], [-2.54081319713281, 51.6823970971399], [-2.54235461055758, 51.6815402563537], [-2.54622282746309, 51.6837161656771], [-2.56654171765728, 51.6951401923874], [-2.58003460615758, 51.6881660547339], [-2.61001183282315, 51.6726585989297], [-2.64886659431428, 51.6312856845689], [-2.65158733951677, 51.6096167052341], [-2.65690762279837, 51.6219971701423], [-2.65664127759941, 51.6227996018387], [-2.66017627866762, 51.6295999420674], [-2.66330246199113, 51.6356120054725], [-2.66851392778044, 51.645630593601], [-2.68033178982132, 51.6475470396017], [-2.66592276125787, 51.6643235429583], [-2.68640198534752, 51.6631552756617], [-2.65686372173786, 51.6745037133579], [-2.67225329931617, 51.6810001361918], [-2.66916891575376, 51.6931500116545], [-2.68379147622247, 51.7006275155784], [-2.66844054916154, 51.7057888652485], [-2.68754079653479, 51.730426259148], [-2.67222511999267, 51.7363629501989], [-2.66269206735517, 51.7538947436597], [-2.68045213470349, 51.7689294147768], [-2.66981057919979, 51.7942734507367], [-2.67853782959666, 51.8028451993877], [-2.65953874455198, 51.8106823741613], [-2.66087144177876, 51.822753864529], [-2.65040070567432, 51.8261246889383], [-2.63671005341688, 51.8430952612886], [-2.62546695815918, 51.8389640024544], [-2.60121663304725, 51.8562162644087], [-2.58281688241695, 51.849577352947], [-2.5806409604219, 51.861671376437], [-2.53162394037576, 51.8607715469017], [-2.50862440109418, 51.8851690569453], [-2.48779469274655, 51.8804175459086], [-2.43935797872739, 51.8973957283352], [-2.44818479288624, 51.9186682322372], [-2.4660430006938, 51.9279745035373], [-2.46548701732309, 51.9516964072477], [-2.50090645407367, 51.9606091442864], [-2.49224484623915, 51.9641287773142], [-2.49491293332375, 51.9810752068267], [-2.47099259337338, 51.9947360731079], [-2.49198479935107, 52.0076618755015], [-2.47893230092191, 52.02253041104], [-2.46407938640931, 52.0232741849463], [-2.46325568883201, 52.0143402782952], [-2.4365473513555, 52.01479580575], [-2.43729372314514, 51.9971670434287], [-2.41319627507641, 51.9940903078117], [-2.3990184898963, 51.9961459478794], [-2.39289223171328, 52.0129587700424], [-2.35137852244174, 52.0213590290394]]]}}, {"id": "106", "type": "Feature", "properties": {"LAD22CD": "E07000081", "LAD22NM": "Gloucester"}, "geometry": {"type": "Polygon", "coordinates": [[[-2.18768304421766, 51.8450286870212], [-2.22336229265465, 51.8211694352798], [-2.22748825011489, 51.8283112621528], [-2.24934494248446, 51.8252234426019], [-2.26285524007275, 51.80758040165], [-2.29908544876749, 51.8246337062452], [-2.29822691186503, 51.832602017996], [-2.27927424725923, 51.844615759186], [-2.28782605309915, 51.8599107460946], [-2.27429380442651, 51.8630144719894], [-2.26787042466748, 51.8751799418079], [-2.23804463061491, 51.8832577800255], [-2.19912098394458, 51.8806242784201], [-2.19638509258574, 51.865543510859], [-2.17725789160801, 51.8558772092473], [-2.18768304421766, 51.8450286870212]]]}}, {"id": "107", "type": "Feature", "properties": {"LAD22CD": "E07000082", "LAD22NM": "Stroud"}, "geometry": {"type": "Polygon", "coordinates": [[[-2.29822691186503, 51.832602017996], [-2.29908544876749, 51.8246337062452], [-2.26285524007275, 51.80758040165], [-2.24934494248446, 51.8252234426019], [-2.22748825011489, 51.8283112621528], [-2.22336229265465, 51.8211694352798], [-2.18768304421766, 51.8450286870212], [-2.16008432600099, 51.8245637637066], [-2.13425447500207, 51.8199190407349], [-2.11563590591199, 51.7994578413805], [-2.08380980201924, 51.7889499019205], [-2.07297020663909, 51.7697437989972], [-2.10265228271626, 51.7672784866079], [-2.10598545053789, 51.7440358164395], [-2.08963314744166, 51.7469942085624], [-2.06862413773313, 51.7384612953311], [-2.0835171649899, 51.7358144568548], [-2.08469338842162, 51.7283157568882], [-2.13447010245378, 51.7232159935197], [-2.12385280306125, 51.7053277308451], [-2.14989196785009, 51.6893402165242], [-2.20062534130353, 51.6928393083854], [-2.21184460558839, 51.6822446971211], [-2.18755019991579, 51.6702978736746], [-2.19210837297068, 51.6597614622996], [-2.23272262974501, 51.6609204962304], [-2.24705011720238, 51.6763448338784], [-2.28716408754539, 51.680635628314], [-2.283443172394, 51.6657612173391], [-2.3236003412244, 51.6330857856817], [-2.3143395336621, 51.6250555017559], [-2.29376042551372, 51.6325141583334], [-2.27722941406557, 51.6196291585294], [-2.291637286721, 51.5936959211034], [-2.33106834527488, 51.5916039726172], [-2.36558135966373, 51.6037346228316], [-2.37057655800009, 51.5976137071762], [-2.39465737965729, 51.5973688240373], [-2.38890966915367, 51.6275403745685], [-2.40047490634886, 51.6351434811121], [-2.38598850246378, 51.6399431096316], [-2.44298352047969, 51.6524918799746], [-2.49067532485481, 51.6448339839705], [-2.48964025298392, 51.6639615225766], [-2.54081319713281, 51.6823970971399], [-2.50266510222392, 51.6932989280444], [-2.47256781985598, 51.7409280252943], [-2.43711284075921, 51.7573333351009], [-2.40861927106247, 51.7498390139847], [-2.38630069294576, 51.7580938926132], [-2.3925132203416, 51.7772716383862], [-2.41661606153936, 51.7851216237497], [-2.44432509011362, 51.7840408526966], [-2.45180880117732, 51.7964006680733], [-2.42207781020887, 51.8185812031223], [-2.41121856608316, 51.8056489552566], [-2.37852483376847, 51.7946257857619], [-2.35157790483711, 51.7959628849599], [-2.34634520924663, 51.8026561782638], [-2.35849104204252, 51.8075649618134], [-2.36248380073361, 51.8227101142928], [-2.34970190053647, 51.8297413575967], [-2.35177492989174, 51.8462249687235], [-2.30746711014565, 51.8468778223565], [-2.29822691186503, 51.832602017996]]]}}, {"id": "108", "type": "Feature", "properties": {"LAD22CD": "E07000083", "LAD22NM": "Tewkesbury"}, "geometry": {"type": "Polygon", "coordinates": [[[-1.83905030714283, 52.0067831284916], [-1.80167920800798, 51.9968951442697], [-1.81934897082943, 51.9873749519654], [-1.86535872296666, 51.9951586809566], [-1.88342625600984, 51.9836132966571], [-1.8684651000672, 51.9805911606484], [-1.8744995432948, 51.9650984297205], [-1.89707026358289, 51.9603254178326], [-1.91093047035078, 51.9693850287386], [-1.93166063772968, 51.9573250015929], [-1.92318709947832, 51.9348893410897], [-1.88720560353566, 51.9261932921327], [-1.88786059603436, 51.9118884311054], [-1.86840447194007, 51.9080679327172], [-1.88073484216912, 51.8967909889447], [-1.85360869348314, 51.8934302357793], [-1.89601600016554, 51.8943004864249], [-1.91215942204398, 51.8876007876807], [-1.92940581435866, 51.9046943630981], [-1.9611967180509, 51.9025178610396], [-1.99416873912513, 51.914977371872], [-2.01021519154428, 51.9029244535681], [-2.03790035397327, 51.9052760943893], [-2.03994348671729, 51.9224105395833], [-2.10656542472398, 51.9388815799919], [-2.10325109522481, 51.9233606436611], [-2.10962242709734, 51.9158536166776], [-2.12468010024739, 51.919340691929], [-2.14241819294109, 51.8845085396829], [-2.12619621798564, 51.8875409112993], [-2.12775774501291, 51.8797187874055], [-2.09751946164285, 51.8788635210392], [-2.07075731268617, 51.8650268327387], [-2.08213767351869, 51.854921657729], [-2.09841042899061, 51.8565598782068], [-2.11489451209384, 51.8227898544858], [-2.13425447500207, 51.8199190407349], [-2.16008432600099, 51.8245637637066], [-2.18768304421766, 51.8450286870212], [-2.17725789160801, 51.8558772092473], [-2.19638509258574, 51.865543510859], [-2.19912098394458, 51.8806242784201], [-2.23804463061491, 51.8832577800255], [-2.26787042466748, 51.8751799418079], [-2.27429380442651, 51.8630144719894], [-2.28782605309915, 51.8599107460946], [-2.27927424725923, 51.844615759186], [-2.29822691186503, 51.832602017996], [-2.30746711014565, 51.8468778223565], [-2.35177492989174, 51.8462249687235], [-2.34686664520539, 51.8545078933623], [-2.31597756294278, 51.8608598865133], [-2.3347031298695, 51.8757414820039], [-2.31981717821919, 51.8884962693133], [-2.28995563002817, 51.8943406749017], [-2.29721151492027, 51.9029044651951], [-2.28361011835363, 51.9232972674105], [-2.29532562120891, 51.9332265826614], [-2.28330418613353, 51.9518138083884], [-2.26754287941185, 51.9531930125884], [-2.27055558557873, 51.9689390809737], [-2.25135998124032, 51.9665649342157], [-2.2206132435217, 51.9954966448483], [-2.18508403441562, 51.9905609788574], [-2.1807485360373, 51.9996151713198], [-2.16463014559703, 51.9961432541514], [-2.18768330302322, 52.0190801576711], [-2.17690606521531, 52.0225592300147], [-2.18067935412919, 52.0417281238781], [-2.17138093353095, 52.0475735011324], [-2.1183837199463, 52.0421086149382], [-2.11721985481579, 52.0336144279972], [-2.13939720724878, 52.027891849687], [-2.14965530887931, 52.0112561686783], [-2.14068698320585, 51.9994641968075], [-2.11219762720392, 52.0153447349971], [-2.08487319407292, 52.0104785846223], [-2.06078374065176, 52.0146805603219], [-2.04951417600198, 52.0037962185805], [-2.03835621126119, 52.0046006235229], [-1.98413574037062, 52.0358792744237], [-1.95138760292282, 52.0377252735293], [-1.93173022075699, 52.0299592834289], [-1.91344602070409, 52.0444612406154], [-1.83905030714283, 52.0067831284916]]]}}, {"id": "109", "type": "Feature", "properties": {"LAD22CD": "E07000084", "LAD22NM": "Basingstoke and Deane"}, "geometry": {"type": "Polygon", "coordinates": [[[-0.986123750530059, 51.3628482885656], [-0.986740059567131, 51.3598556248242], [-0.994603752323543, 51.342311481569], [-0.981001363948966, 51.3372294678636], [-0.983822672433784, 51.308466483584], [-1.00227767688334, 51.2939886092322], [-0.98172643308235, 51.2866312793046], [-0.978042637434709, 51.2751286912156], [-0.993707664613692, 51.2444170248309], [-0.974796238369647, 51.2385193913182], [-0.983109649067545, 51.235307969353], [-0.975474728886727, 51.2259153937722], [-0.985882556048391, 51.1904355685627], [-1.07110387660569, 51.1877559186443], [-1.07424962999226, 51.1644517279016], [-1.10492064240082, 51.1631489263041], [-1.13178977908392, 51.143580784315], [-1.17428883824829, 51.133540146428], [-1.18444502428867, 51.1443106118826], [-1.21329929432059, 51.1519472809669], [-1.21437992877125, 51.1587743862462], [-1.18557231049611, 51.1639886808465], [-1.19166275077916, 51.1847196463669], [-1.20656057825877, 51.1807020089271], [-1.22821223117263, 51.1905681887399], [-1.30882299401137, 51.1947389155389], [-1.34093898175545, 51.1845790347047], [-1.34124536154621, 51.2054425336833], [-1.35817805146872, 51.2120207156577], [-1.36886226153206, 51.202406764782], [-1.38366598756387, 51.2149002469866], [-1.42809469496602, 51.2250358012397], [-1.42871457193085, 51.2344140375455], [-1.45993987040412, 51.2555622847695], [-1.41676583937642, 51.2830690043496], [-1.42865103002015, 51.3003902323683], [-1.41840912278549, 51.3264777550982], [-1.42969282350092, 51.3365302852492], [-1.44410966916138, 51.3549284015044], [-1.42843862520728, 51.3566900764731], [-1.41106775678437, 51.3728524330013], [-1.34953197885892, 51.3671056168504], [-1.25113955136333, 51.3720405294303], [-1.17689427560879, 51.3573240538202], [-1.13858996979348, 51.3571910724835], [-1.11579091152374, 51.3604661648818], [-1.1154571911925, 51.374214909415], [-1.08661908661563, 51.3839155779629], [-1.05001598396462, 51.3581479361663], [-0.986123750530059, 51.3628482885656]]]}}, {"id": "110", "type": "Feature", "properties": {"LAD22CD": "E07000085", "LAD22NM": "East Hampshire"}, "geometry": {"type": "Polygon", "coordinates": [[[-0.759334367357663, 51.1032586720027], [-0.753480635682262, 51.0864557098491], [-0.780786881640498, 51.0793751235126], [-0.797762679451335, 51.0635558616832], [-0.842847950683525, 51.0668868080859], [-0.852810677861577, 51.0448433200739], [-0.896993034200906, 51.0220101182791], [-0.893346615712615, 51.0027429856163], [-0.907864084059223, 50.9942411144512], [-0.931847105710517, 50.9455804293165], [-0.942110087824929, 50.9428940861142], [-0.924013258512923, 50.9241990391588], [-0.940245276386779, 50.91805411295], [-0.957581427612506, 50.8906296881445], [-0.938608222849825, 50.8737210622452], [-0.963608258952876, 50.8672523792294], [-0.960443269168923, 50.8721837596387], [-1.01868063560648, 50.9090384901756], [-1.034115914449, 50.9041626454462], [-1.04845560132509, 50.9025163197245], [-1.03563130267894, 50.9514829652361], [-1.04618403359377, 50.9546078138212], [-1.04522980855982, 50.9686164965555], [-1.06336611333371, 50.9776917377059], [-1.06946206267262, 50.9937299785494], [-1.06234063314353, 51.0203291675653], [-1.07450429960635, 51.0326169292115], [-1.05374125375232, 51.0471855511355], [-1.08168287808978, 51.0464263470281], [-1.10854431201013, 51.0861986632697], [-1.07207267984385, 51.1070862894534], [-1.09392528572934, 51.1077683347036], [-1.09504285543171, 51.1403461368238], [-1.11211354551843, 51.1365779253411], [-1.13178977908392, 51.143580784315], [-1.10492064240082, 51.1631489263041], [-1.07424962999226, 51.1644517279016], [-1.07110387660569, 51.1877559186443], [-0.985882556048391, 51.1904355685627], [-0.973758663710723, 51.1860215050966], [-0.951175604875137, 51.2004466072015], [-0.904307630884531, 51.2099087520961], [-0.848912169248545, 51.2107157287771], [-0.825443293261202, 51.1813565059788], [-0.834203925546664, 51.1475816697554], [-0.798395605296421, 51.1525274777685], [-0.769280592586641, 51.1171423778692], [-0.745525568291982, 51.1121884663796], [-0.749272690128818, 51.1032459066375], [-0.759334367357663, 51.1032586720027]]]}}, {"id": "111", "type": "Feature", "properties": {"LAD22CD": "E07000086", "LAD22NM": "Eastleigh"}, "geometry": {"type": "Polygon", "coordinates": [[[-1.26531609716883, 50.8979786345441], [-1.28808842717944, 50.8956567477625], [-1.30289373324194, 50.8835656008102], [-1.30401934677642, 50.8789081558193], [-1.31694085070509, 50.8761197379613], [-1.31081565304827, 50.8507699329635], [-1.31114726695227, 50.8493957607412], [-1.36287630856461, 50.8787499624324], [-1.32197756217243, 50.9009534990777], [-1.33335691001506, 50.9198827716172], [-1.35793338490146, 50.9307313459938], [-1.35468995194608, 50.9410218344503], [-1.37989189534768, 50.9475180703815], [-1.37403411160523, 50.9539758078668], [-1.3964657083957, 50.9685077275087], [-1.39297466014347, 51.0043613192758], [-1.35346769222015, 50.9981586161333], [-1.34276548676774, 50.9908887768879], [-1.34663548336063, 50.9813423697948], [-1.32767805842609, 50.9801200677611], [-1.32236605694883, 50.9876532980733], [-1.29057452599741, 50.9828698015574], [-1.29342815341834, 50.9741453114159], [-1.25815427373225, 50.9783418927467], [-1.29255789495551, 50.9486464809823], [-1.26467421680402, 50.9262749661291], [-1.26531609716883, 50.8979786345441]]]}}, {"id": "112", "type": "Feature", "properties": {"LAD22CD": "E07000087", "LAD22NM": "Fareham"}, "geometry": {"type": "MultiPolygon", "coordinates": [[[[-1.31081565304827, 50.8507699329635], [-1.310378252749, 50.8489589313744], [-1.31114726695227, 50.8493957607412], [-1.31081565304827, 50.8507699329635]]], [[[-1.26531609716883, 50.8979786345441], [-1.25524262454376, 50.8731028777484], [-1.23032669672979, 50.8607703316793], [-1.2160389663993, 50.8750580378149], [-1.1980187352382, 50.8759430887844], [-1.19586354976574, 50.8850387023246], [-1.167217639143, 50.8894331626648], [-1.15003467270108, 50.8794042852741], [-1.14324504672592, 50.8584286037879], [-1.11584760238594, 50.8582717235923], [-1.11398967231702, 50.8435174954535], [-1.11692040081752, 50.8428520864505], [-1.11843753858855, 50.837245972663], [-1.154329577075, 50.8448950701958], [-1.17122130265726, 50.8408318125226], [-1.17188835182203, 50.8566054014844], [-1.17811559616072, 50.8381425659453], [-1.17907097573144, 50.8376617726043], [-1.17950837687769, 50.8373127864216], [-1.17697440405829, 50.83742427892], [-1.18911324335092, 50.8226722269856], [-1.17959563484696, 50.8131811344266], [-1.21383371066106, 50.8090082690755], [-1.21416538565878, 50.809273587275], [-1.30732269458683, 50.8412928361362], [-1.30288974898396, 50.8770121864802], [-1.30064715583259, 50.8796355565321], [-1.30261670774736, 50.8792107343388], [-1.30401934677642, 50.8789081558193], [-1.30289373324194, 50.8835656008102], [-1.28808842717944, 50.8956567477625], [-1.26531609716883, 50.8979786345441]]]]}}, {"id": "113", "type": "Feature", "properties": {"LAD22CD": "E07000088", "LAD22NM": "Gosport"}, "geometry": {"type": "Polygon", "coordinates": [[[-1.15694254424843, 50.8375258327995], [-1.15718995950647, 50.8233758669731], [-1.14950067083176, 50.8251168404294], [-1.14576702222162, 50.8259619574067], [-1.12380413784356, 50.806160555879], [-1.13710560093048, 50.8022907490716], [-1.12369218219535, 50.8040632435587], [-1.11982630702285, 50.7962318542506], [-1.11783136010298, 50.7921894836263], [-1.14068920003963, 50.7834528103836], [-1.11194867548652, 50.7895261356616], [-1.13722607692223, 50.7758692081538], [-1.14207441508121, 50.7734224806268], [-1.15038734105804, 50.7762770765839], [-1.1898558218565, 50.7898171780198], [-1.19857654419458, 50.7967993328812], [-1.21383371066106, 50.8090082690755], [-1.17959563484696, 50.8131811344266], [-1.18911324335092, 50.8226722269856], [-1.17697440405829, 50.83742427892], [-1.16129407235497, 50.8381129132087], [-1.15694254424843, 50.8375258327995]]]}}, {"id": "114", "type": "Feature", "properties": {"LAD22CD": "E07000089", "LAD22NM": "Hart"}, "geometry": {"type": "Polygon", "coordinates": [[[-0.837349302933734, 51.3528712213498], [-0.775466206963731, 51.3319589032434], [-0.76290312001552, 51.3187305296545], [-0.778650808811783, 51.3174860021237], [-0.797276683917175, 51.3039242949912], [-0.80239046636336, 51.2927594855531], [-0.790292025547642, 51.2821964834804], [-0.80752379242497, 51.2752915839424], [-0.804749572959298, 51.2450647475977], [-0.848912169248545, 51.2107157287771], [-0.904307630884531, 51.2099087520961], [-0.951175604875137, 51.2004466072015], [-0.973758663710723, 51.1860215050966], [-0.985882556048391, 51.1904355685627], [-0.975474728886727, 51.2259153937722], [-0.983109649067545, 51.235307969353], [-0.974796238369647, 51.2385193913182], [-0.993707664613692, 51.2444170248309], [-0.978042637434709, 51.2751286912156], [-0.98172643308235, 51.2866312793046], [-1.00227767688334, 51.2939886092322], [-0.983822672433784, 51.308466483584], [-0.981001363948966, 51.3372294678636], [-0.994603752323543, 51.342311481569], [-0.986740059567131, 51.3598556248242], [-0.92369481434098, 51.3660104953327], [-0.877856218050537, 51.3525912694795], [-0.837349302933734, 51.3528712213498]]]}}, {"id": "115", "type": "Feature", "properties": {"LAD22CD": "E07000090", "LAD22NM": "Havant"}, "geometry": {"type": "MultiPolygon", "coordinates": [[[[-0.950970779689511, 50.8237904405893], [-0.957215526534016, 50.8075729191499], [-0.973331986538252, 50.8090342857543], [-0.952746967377765, 50.8011192149353], [-0.959264224397035, 50.7949101528344], [-0.967368026819968, 50.7871867760397], [-0.951226598896024, 50.7870191853503], [-0.958866318819904, 50.7811549306336], [-0.937591016133505, 50.7873243034114], [-0.938871205416227, 50.7776381757835], [-0.959547752730134, 50.7796478098866], [-1.02388973732368, 50.7881533765554], [-1.024998748734, 50.7954778812369], [-1.02508165818578, 50.7960253379515], [-0.994524437189328, 50.798366567326], [-0.983269060952603, 50.8207326332326], [-0.990075383834852, 50.8269824065888], [-0.967569150120976, 50.8348224923157], [-0.950970779689511, 50.8237904405893]]], [[[-0.960443269168923, 50.8721837596387], [-0.963608258952876, 50.8672523792294], [-0.938608222849825, 50.8737210622452], [-0.926450186989275, 50.8640917207277], [-0.934485538895187, 50.8458652563462], [-0.974511987318041, 50.8421858714576], [-0.981241864553387, 50.8349371524849], [-0.998764274939229, 50.8415991977185], [-1.00077138103674, 50.851383114014], [-1.00262305839496, 50.8431320882004], [-1.02064046436929, 50.8390035780827], [-1.022115710488, 50.8358025941208], [-1.02201607672049, 50.8353168184447], [-1.02348320692173, 50.8334117775656], [-1.02364081020991, 50.833152019066], [-1.02395202124522, 50.8315859393973], [-1.02263575697472, 50.8521010331396], [-1.05407488835946, 50.8565376061826], [-1.05461663667125, 50.8674487945788], [-1.0473811471308, 50.8657496105119], [-1.03502167657584, 50.8806302351526], [-1.04913126674986, 50.8914658697717], [-1.034115914449, 50.9041626454462], [-1.01868063560648, 50.9090384901756], [-0.960443269168923, 50.8721837596387]]]]}}, {"id": "116", "type": "Feature", "properties": {"LAD22CD": "E07000091", "LAD22NM": "New Forest"}, "geometry": {"type": "MultiPolygon", "coordinates": [[[[-1.47451382628847, 50.924285758902], [-1.46512306441935, 50.9103437479272], [-1.46676306922394, 50.9109382675621], [-1.47451382628847, 50.924285758902]]], [[[-1.83581261899271, 51.009422262898], [-1.81542176154033, 50.9859226506618], [-1.80031396441254, 50.9913948004776], [-1.75440191299908, 50.9778920957637], [-1.71961730875128, 50.9767804602939], [-1.66165999760679, 50.9452778925552], [-1.63496498191182, 50.959242203305], [-1.61975086537986, 50.958566922566], [-1.59008277389713, 50.9512635828306], [-1.58407499578276, 50.9621178582956], [-1.54453154189991, 50.9692813361334], [-1.53108447147316, 50.9512366926383], [-1.50996921166519, 50.9501077952993], [-1.50307689686896, 50.936193401317], [-1.48410323032816, 50.9304969904568], [-1.48197623065384, 50.928309784637], [-1.47405353855196, 50.9116983417022], [-1.47899335997122, 50.9165394471607], [-1.48878022597649, 50.9103981659326], [-1.49075386280765, 50.9158516253357], [-1.48898806320728, 50.9102677174148], [-1.48775957390344, 50.9075775447538], [-1.47825761408536, 50.911936310729], [-1.45911482138264, 50.9006820685037], [-1.4325825049111, 50.8974775632103], [-1.42664529200389, 50.8967596915666], [-1.37824347839952, 50.8546412565214], [-1.35747232564426, 50.8495023839766], [-1.36056297638246, 50.8428735119113], [-1.3402695638494, 50.8426908446036], [-1.33941730184018, 50.826643311724], [-1.32410414705385, 50.8261933649658], [-1.32593350113571, 50.8167216067988], [-1.32609347996942, 50.8166066561391], [-1.32593954579554, 50.8166903009263], [-1.32597501270791, 50.8165066290956], [-1.31147465935612, 50.8134290772582], [-1.30945312126818, 50.8172632767522], [-1.30842765100933, 50.8160287608585], [-1.30859820406538, 50.8147983193496], [-1.31979837739428, 50.8052007719187], [-1.32468693397659, 50.8038447099301], [-1.3449673048219, 50.7856629967496], [-1.37261265439241, 50.7848867200401], [-1.37503327274359, 50.7850074498062], [-1.37549037240637, 50.7848055704013], [-1.39833258027525, 50.7841589700608], [-1.40818356875661, 50.7857352870685], [-1.41299348339367, 50.7839716335026], [-1.39263843909963, 50.7774184765365], [-1.40013938929204, 50.7740578187409], [-1.399555787132, 50.7741722136722], [-1.40961772352579, 50.7697234296475], [-1.41048644787434, 50.7694204258176], [-1.43417904045805, 50.7654426678456], [-1.50243481748833, 50.7539515016606], [-1.51959208297886, 50.754125032244], [-1.53528657156931, 50.7638633877346], [-1.52592501802229, 50.7445679417722], [-1.54188071050003, 50.7397776166115], [-1.53099523320473, 50.7369735796889], [-1.55848808588811, 50.720792861239], [-1.58047794495873, 50.7182727073913], [-1.56004379388541, 50.7087161066863], [-1.62926775578703, 50.728785703386], [-1.64044349012396, 50.7321144503548], [-1.69185539380666, 50.73732913291], [-1.68181881885181, 50.7518475287595], [-1.74416871755885, 50.7474553887605], [-1.73895962345847, 50.7632705334556], [-1.74884631724303, 50.7794943875112], [-1.78549590627468, 50.7647520319108], [-1.8039049599245, 50.7959652097351], [-1.81189346961485, 50.8086420525353], [-1.80340083464914, 50.8303392083796], [-1.79061492044422, 50.8363141194303], [-1.80247295729644, 50.8429625299587], [-1.80711024689597, 50.8633153672182], [-1.83000872917239, 50.8552737977567], [-1.85353883472863, 50.8634601106413], [-1.84855553218411, 50.8898873570296], [-1.8165419268142, 50.9039481458121], [-1.8106580896691, 50.9272033833848], [-1.84184002606343, 50.931680374307], [-1.87364432144964, 50.9172258897865], [-1.92084101012651, 50.9614073112474], [-1.95546558071481, 50.9782663327052], [-1.95682488695197, 50.9898317323357], [-1.94993597428249, 50.982310587126], [-1.92787590068259, 50.9976972353567], [-1.88674132171074, 50.9995277362902], [-1.87448162937032, 51.0063305730385], [-1.87398355229609, 50.9844410369727], [-1.85338113087344, 51.0046795408065], [-1.83581261899271, 51.009422262898]]]]}}, {"id": "117", "type": "Feature", "properties": {"LAD22CD": "E07000092", "LAD22NM": "Rushmoor"}, "geometry": {"type": "Polygon", "coordinates": [[[-0.731093833410657, 51.2803620913767], [-0.729325694545441, 51.2561119199112], [-0.745540379663864, 51.2304563901334], [-0.776089010502037, 51.2419556695792], [-0.801740042684925, 51.2390387633544], [-0.804749572959298, 51.2450647475977], [-0.80752379242497, 51.2752915839424], [-0.790292025547642, 51.2821964834804], [-0.80239046636336, 51.2927594855531], [-0.797276683917175, 51.3039242949912], [-0.778650808811783, 51.3174860021237], [-0.76290312001552, 51.3187305296545], [-0.744167106040696, 51.3092949290082], [-0.731093833410657, 51.2803620913767]]]}}, {"id": "118", "type": "Feature", "properties": {"LAD22CD": "E07000093", "LAD22NM": "Test Valley"}, "geometry": {"type": "Polygon", "coordinates": [[[-1.498298923396, 51.3293760932154], [-1.42969282350092, 51.3365302852492], [-1.41840912278549, 51.3264777550982], [-1.42865103002015, 51.3003902323683], [-1.41676583937642, 51.2830690043496], [-1.45993987040412, 51.2555622847695], [-1.42871457193085, 51.2344140375455], [-1.42809469496602, 51.2250358012397], [-1.38366598756387, 51.2149002469866], [-1.36886226153206, 51.202406764782], [-1.35817805146872, 51.2120207156577], [-1.34124536154621, 51.2054425336833], [-1.34093898175545, 51.1845790347047], [-1.30882299401137, 51.1947389155389], [-1.33687658286781, 51.159106267339], [-1.34769582582257, 51.1595248845447], [-1.37776443417788, 51.1363310422693], [-1.37022272037128, 51.1291418460635], [-1.4071951432526, 51.1204766293455], [-1.40753527965588, 51.1111298567399], [-1.43141669150899, 51.116785736871], [-1.43613239031016, 51.1123789457065], [-1.43629308129551, 51.0978886385901], [-1.41453469377614, 51.0956920149473], [-1.41164330900062, 51.0697093956295], [-1.41546996769783, 51.0626723007964], [-1.44102482756653, 51.0573504954426], [-1.45647104383905, 51.0409718873114], [-1.44189147422789, 51.0251664121346], [-1.39297466014347, 51.0043613192758], [-1.3964657083957, 50.9685077275087], [-1.37403411160523, 50.9539758078668], [-1.37989189534768, 50.9475180703815], [-1.40613979538219, 50.9561274536544], [-1.42366272212772, 50.9472334974688], [-1.44954581112644, 50.9499113532644], [-1.4770603549891, 50.9286687961772], [-1.47707725233786, 50.9286978749279], [-1.4773224401691, 50.9285474557772], [-1.4796479362937, 50.9345793690235], [-1.47816446264258, 50.9288354330668], [-1.48171292964239, 50.9302996110631], [-1.48508646341312, 50.9327855465421], [-1.48578057673544, 50.9329124093339], [-1.48571269607209, 50.9321518502072], [-1.48410323032816, 50.9304969904568], [-1.50307689686896, 50.936193401317], [-1.50996921166519, 50.9501077952993], [-1.53108447147316, 50.9512366926383], [-1.54453154189991, 50.9692813361334], [-1.58407499578276, 50.9621178582956], [-1.59008277389713, 50.9512635828306], [-1.61975086537986, 50.958566922566], [-1.60292299502569, 50.9785174332085], [-1.61964214748169, 50.982996428717], [-1.62888498210167, 50.9990317656901], [-1.59733922744914, 51.0097526004452], [-1.59939671455144, 51.0237293759632], [-1.63237574994688, 51.0327797089411], [-1.63494006258514, 51.0405607803365], [-1.6277285317731, 51.0780113479755], [-1.63731080993168, 51.092165472254], [-1.62624982084857, 51.11733837822], [-1.66297542061049, 51.1271919942692], [-1.65404416770563, 51.1562825595718], [-1.67236777184947, 51.178543907232], [-1.66883538878813, 51.1907722671746], [-1.69409695143106, 51.204043239813], [-1.68969464697899, 51.2148276707553], [-1.63354082449386, 51.2175159574141], [-1.607421790131, 51.2527704997279], [-1.57763603597239, 51.255631065046], [-1.54515980286727, 51.2450984925635], [-1.53603492234381, 51.2485300396199], [-1.52982022728447, 51.2605141199772], [-1.54051263214595, 51.2608334795592], [-1.54258390871829, 51.2812507359817], [-1.52280740170925, 51.2870580082431], [-1.51951108457163, 51.2959385817098], [-1.53356185391502, 51.3162235803486], [-1.52750728243899, 51.3384659578415], [-1.498298923396, 51.3293760932154]]]}}, {"id": "119", "type": "Feature", "properties": {"LAD22CD": "E07000094", "LAD22NM": "Winchester"}, "geometry": {"type": "Polygon", "coordinates": [[[-1.13178977908392, 51.143580784315], [-1.11211354551843, 51.1365779253411], [-1.09504285543171, 51.1403461368238], [-1.09392528572934, 51.1077683347036], [-1.07207267984385, 51.1070862894534], [-1.10854431201013, 51.0861986632697], [-1.08168287808978, 51.0464263470281], [-1.05374125375232, 51.0471855511355], [-1.07450429960635, 51.0326169292115], [-1.06234063314353, 51.0203291675653], [-1.06946206267262, 50.9937299785494], [-1.06336611333371, 50.9776917377059], [-1.04522980855982, 50.9686164965555], [-1.04618403359377, 50.9546078138212], [-1.03563130267894, 50.9514829652361], [-1.04845560132509, 50.9025163197245], [-1.034115914449, 50.9041626454462], [-1.04913126674986, 50.8914658697717], [-1.03502167657584, 50.8806302351526], [-1.0473811471308, 50.8657496105119], [-1.05461663667125, 50.8674487945788], [-1.05407488835946, 50.8565376061826], [-1.11584760238594, 50.8582717235923], [-1.14324504672592, 50.8584286037879], [-1.15003467270108, 50.8794042852741], [-1.167217639143, 50.8894331626648], [-1.19586354976574, 50.8850387023246], [-1.1980187352382, 50.8759430887844], [-1.2160389663993, 50.8750580378149], [-1.23032669672979, 50.8607703316793], [-1.25524262454376, 50.8731028777484], [-1.26531609716883, 50.8979786345441], [-1.26467421680402, 50.9262749661291], [-1.29255789495551, 50.9486464809823], [-1.25815427373225, 50.9783418927467], [-1.29342815341834, 50.9741453114159], [-1.29057452599741, 50.9828698015574], [-1.32236605694883, 50.9876532980733], [-1.32767805842609, 50.9801200677611], [-1.34663548336063, 50.9813423697948], [-1.34276548676774, 50.9908887768879], [-1.35346769222015, 50.9981586161333], [-1.39297466014347, 51.0043613192758], [-1.44189147422789, 51.0251664121346], [-1.45647104383905, 51.0409718873114], [-1.44102482756653, 51.0573504954426], [-1.41546996769783, 51.0626723007964], [-1.41164330900062, 51.0697093956295], [-1.41453469377614, 51.0956920149473], [-1.43629308129551, 51.0978886385901], [-1.43613239031016, 51.1123789457065], [-1.43141669150899, 51.116785736871], [-1.40753527965588, 51.1111298567399], [-1.4071951432526, 51.1204766293455], [-1.37022272037128, 51.1291418460635], [-1.37776443417788, 51.1363310422693], [-1.34769582582257, 51.1595248845447], [-1.33687658286781, 51.159106267339], [-1.30882299401137, 51.1947389155389], [-1.22821223117263, 51.1905681887399], [-1.20656057825877, 51.1807020089271], [-1.19166275077916, 51.1847196463669], [-1.18557231049611, 51.1639886808465], [-1.21437992877125, 51.1587743862462], [-1.21329929432059, 51.1519472809669], [-1.18444502428867, 51.1443106118826], [-1.17428883824829, 51.133540146428], [-1.13178977908392, 51.143580784315]]]}}, {"id": "120", "type": "Feature", "properties": {"LAD22CD": "E07000095", "LAD22NM": "Broxbourne"}, "geometry": {"type": "Polygon", "coordinates": [[[0.0140290578120465, 51.7643799998415], [0.00116831607272196, 51.7450562061589], [-0.0135105476770619, 51.7422170644999], [-0.0197431177734428, 51.7032159876634], [-0.0119186760120882, 51.6808778146802], [-0.10577913835527, 51.6918756459932], [-0.114083215832648, 51.7208072582848], [-0.0986537301730089, 51.73594646627], [-0.0583093358920348, 51.7347015726834], [-0.0478960603690141, 51.7688129480488], [-0.0216762183587019, 51.7735354562918], [-0.0181333579140994, 51.7805186547753], [0.00557414068484764, 51.7800689421067], [0.0140290578120465, 51.7643799998415]]]}}, {"id": "121", "type": "Feature", "properties": {"LAD22CD": "E07000096", "LAD22NM": "Dacorum"}, "geometry": {"type": "Polygon", "coordinates": [[[-0.40485880669367, 51.8406074632762], [-0.416276005542649, 51.8357605525004], [-0.414111628394077, 51.8190855883725], [-0.42882892053507, 51.8067647441807], [-0.411968410849213, 51.8002788109169], [-0.413368274252625, 51.7911853011361], [-0.440584240768879, 51.7868783599547], [-0.422831590051087, 51.7659896518477], [-0.422080280259691, 51.7408368511604], [-0.45008476825028, 51.7255322132055], [-0.440261353822466, 51.7010139280435], [-0.464105112262946, 51.6953523585456], [-0.515495300031625, 51.7065776710969], [-0.5242727897625, 51.682112655748], [-0.548696117291794, 51.6826712819357], [-0.544017145197112, 51.6968174726995], [-0.563209678177221, 51.7118798635673], [-0.550413609644404, 51.7230428902594], [-0.553645081612158, 51.7340179577892], [-0.57487874585542, 51.7369685250425], [-0.586379726976092, 51.752115950395], [-0.612935985356938, 51.7474272560625], [-0.669663645804401, 51.7661601158171], [-0.690190999010661, 51.7923392108272], [-0.685394264649477, 51.8001859212165], [-0.709295276544129, 51.8205395961038], [-0.724234882170819, 51.8181444133606], [-0.745741307424465, 51.841956693187], [-0.71744693321341, 51.857111743409], [-0.696357328407462, 51.8581344181896], [-0.686767774211115, 51.8492402545108], [-0.695451174124327, 51.8411104921078], [-0.667214196976871, 51.8158103335771], [-0.632939595714382, 51.8199461874726], [-0.581825667306615, 51.8069054436194], [-0.560656237503438, 51.830082630502], [-0.553628614556977, 51.826712674402], [-0.519728847877412, 51.8050953620297], [-0.502282758285977, 51.8154586940914], [-0.511192917001904, 51.8258936103662], [-0.501818268966651, 51.8367948225647], [-0.471195676810699, 51.8454678697177], [-0.47829846763004, 51.8531365025918], [-0.470419996730907, 51.8557101697987], [-0.447524508948031, 51.8476015346548], [-0.421500810100557, 51.8502052260499], [-0.40485880669367, 51.8406074632762]]]}}, {"id": "122", "type": "Feature", "properties": {"LAD22CD": "E07000098", "LAD22NM": "Hertsmere"}, "geometry": {"type": "Polygon", "coordinates": [[[-0.255135647681091, 51.7295373720626], [-0.23897170067197, 51.7061417859005], [-0.219914438243376, 51.7137235893278], [-0.183327090787712, 51.7065215371161], [-0.163118088645696, 51.6998576292954], [-0.163493271938224, 51.6881150805638], [-0.182085377482676, 51.6686040585302], [-0.191066699325158, 51.6638967062225], [-0.203352928676407, 51.6701264989751], [-0.212135030723747, 51.6613535283696], [-0.250582589477333, 51.6560573522745], [-0.257332658018192, 51.6418318488053], [-0.304455276938232, 51.6363500485845], [-0.316672226651474, 51.6405356329504], [-0.362621240927378, 51.6235048820097], [-0.377373414933952, 51.6377333812195], [-0.371634075914503, 51.6434342348192], [-0.386807955643142, 51.663227259712], [-0.368766140427457, 51.6783265660622], [-0.375358258839184, 51.692511940921], [-0.371998945371841, 51.6875908504885], [-0.355324912805136, 51.6905976092115], [-0.354107748949262, 51.6989403319207], [-0.326857420902442, 51.7034832231327], [-0.322332181395496, 51.6934796375874], [-0.300019499980876, 51.6965246094501], [-0.30197598550969, 51.7080667042468], [-0.276953743264448, 51.7212848230394], [-0.28640882786949, 51.721104889618], [-0.284303145823118, 51.7329982876318], [-0.264789593029048, 51.7380187811486], [-0.255135647681091, 51.7295373720626]]]}}, {"id": "123", "type": "Feature", "properties": {"LAD22CD": "E07000099", "LAD22NM": "North Hertfordshire"}, "geometry": {"type": "Polygon", "coordinates": [[[0.0681274189013754, 52.0057887391631], [0.0690610114507331, 51.9840425617869], [0.0350258000081447, 51.9896289952085], [0.00246953571341248, 51.9830535322524], [-0.00303606519827021, 51.9934457735161], [-0.0237338033617035, 51.9971696634496], [-0.0306290457528503, 51.9838140365357], [-0.0482013464453838, 51.9794486448272], [-0.0401897897527637, 51.9677013380773], [-0.0655399976209227, 51.9568453137192], [-0.0746568339442191, 51.971164483687], [-0.107011864409475, 51.9539594485411], [-0.110154378423714, 51.9419011693739], [-0.120164696790194, 51.9421882768528], [-0.119282664615647, 51.9282975693621], [-0.145625877233184, 51.9339893322353], [-0.162186195515956, 51.9203416801756], [-0.184606471302981, 51.9324133792184], [-0.226570006087454, 51.9301135018031], [-0.234371697047689, 51.9052547272262], [-0.204203619966741, 51.880138389396], [-0.191903250872438, 51.8829239401143], [-0.173584538635936, 51.8753306310418], [-0.164494654721495, 51.8618332496891], [-0.172785294956129, 51.8565877880352], [-0.196832241738783, 51.8593801751314], [-0.206690252020016, 51.8542632561934], [-0.198911584833952, 51.844146303642], [-0.21457142009006, 51.8396029592808], [-0.205963250670167, 51.8463994837002], [-0.212925855615528, 51.8513960491995], [-0.225757677608164, 51.8445442340755], [-0.224910367919265, 51.8332340598732], [-0.241623749541185, 51.8352989835266], [-0.247790666490696, 51.8462297704693], [-0.273535467739625, 51.8353646307438], [-0.319397911474891, 51.8366549052531], [-0.339485896124555, 51.8496055501941], [-0.354833888657066, 51.8740145293011], [-0.3498989071936, 51.8787082193461], [-0.377489882291102, 51.8984330964785], [-0.385615555724027, 51.9156803959794], [-0.405607109518841, 51.9324543523464], [-0.391303393359521, 51.9770206444993], [-0.379630061965801, 51.9779575240599], [-0.382989183780684, 51.9518175704233], [-0.374104653314752, 51.9477693266355], [-0.350225341620276, 51.9575781039653], [-0.34926422376437, 51.9711696944434], [-0.367157519155375, 51.9837609716685], [-0.311555453163235, 51.9821099149593], [-0.296089150328657, 52.0021924394519], [-0.282415833818799, 52.0015640162212], [-0.270625718816914, 51.9796220434784], [-0.247983026838786, 51.9850799856718], [-0.244078670645728, 51.9990232893037], [-0.201256006066088, 52.0098246885529], [-0.219493434451981, 52.0367412591483], [-0.194982619305265, 52.0624150813563], [-0.172619414626835, 52.0602099377647], [-0.157331873594096, 52.0805235103049], [-0.147505493490738, 52.069403111962], [-0.155121032648697, 52.0530610998673], [-0.133729866748337, 52.0462328527372], [-0.126567501937775, 52.0209218759846], [-0.0192804872797891, 52.063535584465], [0.00408275078554021, 52.0497927840618], [0.0403063848297938, 52.0533272918014], [0.0681274189013754, 52.0057887391631]]]}}, {"id": "124", "type": "Feature", "properties": {"LAD22CD": "E07000102", "LAD22NM": "Three Rivers"}, "geometry": {"type": "Polygon", "coordinates": [[[-0.375558050923482, 51.6929121239927], [-0.402412529923532, 51.7019427464431], [-0.431447962101275, 51.6823522492028], [-0.42829076712754, 51.6705537706483], [-0.439543240235569, 51.6727502499107], [-0.424447548320378, 51.6549817455278], [-0.431120637619261, 51.6420961244211], [-0.377373414933952, 51.6377333812195], [-0.362621240927378, 51.6235048820097], [-0.404050154365865, 51.6131839959912], [-0.440575301279442, 51.6200732393013], [-0.457130755473738, 51.6122938899877], [-0.496846269376425, 51.6317330365612], [-0.500595886737316, 51.5996898995638], [-0.520594814254746, 51.6018435776503], [-0.539260817248429, 51.6380393912766], [-0.536891506831177, 51.6606244728575], [-0.522777811384923, 51.6583975690829], [-0.520994790005152, 51.6680453786674], [-0.505107856324304, 51.6730768935581], [-0.5242727897625, 51.682112655748], [-0.515495300031625, 51.7065776710969], [-0.464105112262946, 51.6953523585456], [-0.440261353822466, 51.7010139280435], [-0.45008476825028, 51.7255322132055], [-0.422080280259691, 51.7408368511604], [-0.402459618393306, 51.7211591880981], [-0.404990597736752, 51.7125441866818], [-0.380774775272939, 51.7069891506521], [-0.375558050923482, 51.6929121239927]]]}}, {"id": "125", "type": "Feature", "properties": {"LAD22CD": "E07000103", "LAD22NM": "Watford"}, "geometry": {"type": "Polygon", "coordinates": [[[-0.375558050923482, 51.6929121239927], [-0.375358258839184, 51.692511940921], [-0.368766140427457, 51.6783265660622], [-0.386807955643142, 51.663227259712], [-0.371634075914503, 51.6434342348192], [-0.377373414933952, 51.6377333812195], [-0.431120637619261, 51.6420961244211], [-0.424447548320378, 51.6549817455278], [-0.439543240235569, 51.6727502499107], [-0.42829076712754, 51.6705537706483], [-0.431447962101275, 51.6823522492028], [-0.402412529923532, 51.7019427464431], [-0.375558050923482, 51.6929121239927]]]}}, {"id": "126", "type": "Feature", "properties": {"LAD22CD": "E07000105", "LAD22NM": "Ashford"}, "geometry": {"type": "Polygon", "coordinates": [[[0.973278769991517, 51.2685947011505], [0.998201764536517, 51.2513658374805], [0.98617416663555, 51.2358679275338], [1.00539822153655, 51.208486295856], [0.989399693095918, 51.1902330547953], [1.00396996259874, 51.1800529518788], [0.998436761331318, 51.1647410008761], [1.01692318386774, 51.1612010705517], [1.0086223946532, 51.1450030685068], [1.029240945946, 51.1325382915445], [1.01211773153052, 51.1172003453989], [0.995589078392864, 51.1223706646326], [0.979766870247916, 51.1121874046152], [0.985172824272586, 51.0976004397872], [0.967347282829138, 51.0768978717124], [0.968928824862042, 51.0629259367103], [0.944752525498726, 51.0548693803419], [0.93427447051001, 51.0611466889979], [0.903325122841842, 51.0504622124172], [0.894482229066057, 51.0369863698128], [0.870435321076767, 51.0523099570633], [0.869684578193792, 51.0441127913573], [0.853441042433627, 51.043148827547], [0.854809948145074, 51.0317634033708], [0.839094227602643, 51.0313538580487], [0.830872141257871, 51.0493714519338], [0.778956704972181, 50.9894920251371], [0.74061137766967, 51.0006767086619], [0.706770603419155, 50.9936018231459], [0.676955919326293, 51.0032987859205], [0.66135508907831, 51.0177872994686], [0.605390823945922, 51.0120699758106], [0.593500115160646, 51.0418517764693], [0.611717197291198, 51.0635462632039], [0.646674841425981, 51.0832813402071], [0.629378307222744, 51.0914214200521], [0.596623745515782, 51.0902499913247], [0.590368962892355, 51.1113398166163], [0.609024339126952, 51.1178691337198], [0.603696921050306, 51.1317175878435], [0.639475075986475, 51.1412933659131], [0.664551058572249, 51.1713480716875], [0.684947471056805, 51.1786956101603], [0.683746386321078, 51.1911260593224], [0.709781939746128, 51.1996178381394], [0.716901965171267, 51.2111819295769], [0.745477533435852, 51.2093255633331], [0.782455390996816, 51.2393650292707], [0.792657653385252, 51.2380732748901], [0.795118069546067, 51.2285344190026], [0.822169331483995, 51.224347697565], [0.841768099989247, 51.2371016836342], [0.859873527060566, 51.2308377962895], [0.863494171484219, 51.2388721591943], [0.919530184091044, 51.2511026029702], [0.923650865268426, 51.2593934538286], [0.949122169820361, 51.2560341913337], [0.955032298732269, 51.2702458933181], [0.973278769991517, 51.2685947011505]]]}}, {"id": "127", "type": "Feature", "properties": {"LAD22CD": "E07000106", "LAD22NM": "Canterbury"}, "geometry": {"type": "Polygon", "coordinates": [[[1.25009821652181, 51.3293364427624], [1.23229691312367, 51.3323242697512], [1.23417364250961, 51.326126299959], [1.22054559857743, 51.3236972795003], [1.22938354966188, 51.3160663343463], [1.20508439658685, 51.3008095157442], [1.20000073158168, 51.2915732078573], [1.21234589570453, 51.282689091807], [1.19482287294274, 51.2693174151865], [1.19264112646781, 51.2571888530533], [1.21154509870001, 51.2524269032771], [1.1855485461872, 51.2178200303877], [1.19714402958231, 51.219635575567], [1.22219426170819, 51.2073953232439], [1.19457775077979, 51.1841444050031], [1.18083916944454, 51.1904796707328], [1.16344437538277, 51.1842149632153], [1.15362978896215, 51.1909113261569], [1.14763772317109, 51.1771783029243], [1.1160327880216, 51.1878001334685], [1.1181459326375, 51.1963276084636], [1.10897162927767, 51.1869617499947], [1.09119816046696, 51.1890158920846], [1.05825754996227, 51.2050041949687], [1.04957821242098, 51.1849879658497], [1.00396996259874, 51.1800529518788], [0.989399693095918, 51.1902330547953], [1.00539822153655, 51.208486295856], [0.98617416663555, 51.2358679275338], [0.998201764536517, 51.2513658374805], [0.973278769991517, 51.2685947011505], [1.00596759515751, 51.2837830066946], [1.00665878438881, 51.3096369451168], [1.01698534649263, 51.3129349284067], [0.971964542447926, 51.338244158075], [0.95815190449043, 51.3379535197301], [0.950462254259208, 51.3456080537236], [1.00524604268779, 51.3492001482652], [1.03318144219733, 51.3655771759286], [1.1596891505671, 51.3747237751331], [1.2241831202554, 51.379332878425], [1.22483211004496, 51.3793401266833], [1.22927355205124, 51.3651460486215], [1.2128742792341, 51.3660440779695], [1.21383134810831, 51.3567721858328], [1.25009821652181, 51.3293364427624]]]}}, {"id": "128", "type": "Feature", "properties": {"LAD22CD": "E07000107", "LAD22NM": "Dartford"}, "geometry": {"type": "Polygon", "coordinates": [[[0.315243953724765, 51.4649044518962], [0.310685334757213, 51.4530449153959], [0.326328168008005, 51.4428025876881], [0.344623704653886, 51.3934107908627], [0.336678980323618, 51.3865438878369], [0.274894244117015, 51.407457134859], [0.245744537079278, 51.4077123522268], [0.238273221529145, 51.3962996629392], [0.20753155738838, 51.3968442767175], [0.213529272477456, 51.4048494927397], [0.199752283180946, 51.4179762611725], [0.152932433172376, 51.4087084822957], [0.155875040956964, 51.430876583241], [0.164328170821928, 51.4285849613143], [0.172854347046178, 51.4432451868752], [0.203352887998954, 51.4543284771579], [0.221174393866714, 51.4788009625859], [0.274500703638176, 51.4536755902875], [0.301804957401121, 51.4612028464473], [0.315243953724765, 51.4649044518962]]]}}, {"id": "129", "type": "Feature", "properties": {"LAD22CD": "E07000108", "LAD22NM": "Dover"}, "geometry": {"type": "Polygon", "coordinates": [[[1.25009821652181, 51.3293364427624], [1.34530468873694, 51.3079727866563], [1.35846186313189, 51.3120019674693], [1.35789187559494, 51.3114918368691], [1.37136124844997, 51.3139047720516], [1.38082388479721, 51.2902818630666], [1.3946041927284, 51.2558374836774], [1.40492284204005, 51.2237582436906], [1.40537112079003, 51.1747342847677], [1.39537790667435, 51.1564652752699], [1.37676755723596, 51.1408039159305], [1.34287056357159, 51.1310048765592], [1.34290801670652, 51.1302591649636], [1.3427376403994, 51.1302120244471], [1.34333445709614, 51.1217676701165], [1.33847384811342, 51.1274278217455], [1.31650646803134, 51.123044929731], [1.32307258293231, 51.1140851309688], [1.3101136224738, 51.1167899530221], [1.31765480944312, 51.1144877360553], [1.31365510371341, 51.1147847953585], [1.32788715544629, 51.1113628192239], [1.31727164637636, 51.1121976668353], [1.30230314325098, 51.1133731500023], [1.30023762442193, 51.112680140235], [1.29904124026213, 51.1122787104819], [1.22642383372663, 51.0985051272487], [1.22114189838816, 51.0980893889158], [1.22001740637325, 51.0975007493444], [1.20437170139432, 51.0971917698531], [1.19493872028345, 51.1030297836429], [1.19736760936465, 51.1181487223812], [1.17155429372955, 51.1242368879487], [1.211064762566, 51.1514766407317], [1.2076777917894, 51.1568343588373], [1.19065899966904, 51.1540157762685], [1.17073509558702, 51.1631360375853], [1.16099873406119, 51.1583074626652], [1.14373077445535, 51.1657763288577], [1.14763772317109, 51.1771783029243], [1.15362978896215, 51.1909113261569], [1.16344437538277, 51.1842149632153], [1.18083916944454, 51.1904796707328], [1.19457775077979, 51.1841444050031], [1.22219426170819, 51.2073953232439], [1.19714402958231, 51.219635575567], [1.1855485461872, 51.2178200303877], [1.21154509870001, 51.2524269032771], [1.19264112646781, 51.2571888530533], [1.19482287294274, 51.2693174151865], [1.21234589570453, 51.282689091807], [1.20000073158168, 51.2915732078573], [1.20508439658685, 51.3008095157442], [1.22938354966188, 51.3160663343463], [1.22054559857743, 51.3236972795003], [1.23417364250961, 51.326126299959], [1.23229691312367, 51.3323242697512], [1.25009821652181, 51.3293364427624]]]}}, {"id": "130", "type": "Feature", "properties": {"LAD22CD": "E07000109", "LAD22NM": "Gravesham"}, "geometry": {"type": "Polygon", "coordinates": [[[0.457560479333401, 51.4582957169035], [0.487960076101346, 51.4432845747706], [0.489235421459888, 51.415325902756], [0.475140243345384, 51.412947138434], [0.467687121016724, 51.3983013741054], [0.451853402814579, 51.3983210211132], [0.45332222350032, 51.3913787704197], [0.431109487937637, 51.3880330266591], [0.401283124306125, 51.35295476259], [0.37911018517935, 51.3380221133365], [0.380220997724452, 51.3298361606986], [0.341604421171004, 51.3292161562799], [0.336678980323618, 51.3865438878369], [0.344623704653886, 51.3934107908627], [0.326328168008005, 51.4428025876881], [0.310685334757213, 51.4530449153959], [0.315243953724765, 51.4649044518962], [0.315395124473243, 51.4649460802575], [0.32527351028782, 51.450241419189], [0.381992268501976, 51.4435052154531], [0.44025483488637, 51.4474249646865], [0.459295913922694, 51.4555296101861], [0.457560479333401, 51.4582957169035]]]}}, {"id": "131", "type": "Feature", "properties": {"LAD22CD": "E07000110", "LAD22NM": "Maidstone"}, "geometry": {"type": "Polygon", "coordinates": [[[0.601403554174045, 51.3333011048713], [0.604424480576533, 51.3256970914135], [0.613412365120945, 51.3349385953865], [0.63945152562386, 51.3367559809032], [0.664320665241623, 51.3289294107766], [0.673844753621703, 51.2932717637991], [0.713817179163023, 51.2994077132011], [0.743626909034297, 51.2785766318578], [0.760063694713229, 51.2793143802229], [0.749640681161822, 51.2586438057354], [0.761955479504863, 51.2563776481773], [0.776784190248456, 51.2665644474864], [0.790547129696035, 51.2617805286433], [0.792657653385252, 51.2380732748901], [0.782455390996816, 51.2393650292707], [0.745477533435852, 51.2093255633331], [0.716901965171267, 51.2111819295769], [0.709781939746128, 51.1996178381394], [0.683746386321078, 51.1911260593224], [0.684947471056805, 51.1786956101603], [0.664551058572249, 51.1713480716875], [0.639475075986475, 51.1412933659131], [0.632545495143112, 51.1452955476749], [0.640340470520972, 51.1524743523692], [0.617199953781171, 51.1482764458562], [0.601855724183474, 51.1590161945922], [0.593515591115623, 51.1533049790113], [0.575672633903326, 51.1561134273492], [0.579305815924906, 51.1446361596967], [0.559065475686518, 51.1339445383835], [0.561949986617375, 51.1432594090425], [0.533105662658645, 51.1341528523793], [0.496896420340315, 51.1447764513492], [0.469385402392689, 51.1430673013431], [0.467697344081548, 51.1562060840972], [0.44075379663605, 51.1765128766504], [0.41640085648925, 51.1805476489911], [0.38425489504458, 51.1982616938891], [0.400344986655227, 51.1985721626835], [0.408801571866475, 51.2216682870587], [0.378698701343143, 51.2350440777529], [0.409577973411235, 51.2530120902836], [0.431312270677578, 51.2491001063745], [0.432525436617803, 51.2701200746685], [0.477656425071307, 51.2722753362684], [0.499043800752973, 51.2967753485136], [0.49251868074662, 51.3045672709161], [0.511615594575655, 51.3064345404207], [0.525641085381921, 51.3347171670639], [0.544003569633395, 51.3278964123716], [0.563457198962717, 51.3387431250211], [0.601403554174045, 51.3333011048713]]]}}, {"id": "132", "type": "Feature", "properties": {"LAD22CD": "E07000111", "LAD22NM": "Sevenoaks"}, "geometry": {"type": "Polygon", "coordinates": [[[0.336678980323618, 51.3865438878369], [0.341604421171004, 51.3292161562799], [0.306889619562347, 51.3431263493181], [0.304674634521184, 51.3508061928972], [0.285768685729597, 51.3449974473945], [0.284562577168995, 51.3250116648334], [0.265144095725887, 51.3136373458231], [0.258453391993337, 51.2972915719381], [0.263841207261726, 51.2557855909626], [0.247332385013259, 51.2552944078811], [0.247012834512874, 51.2376860917324], [0.230962649545534, 51.2322302752052], [0.223083288904804, 51.2449061405922], [0.2005423369464, 51.2337586440062], [0.212339510298549, 51.2245975552051], [0.201954034831216, 51.2205567114471], [0.207911760237048, 51.2105925029747], [0.25081097256037, 51.2005769021871], [0.226961569974034, 51.1841543220095], [0.190971342203488, 51.1713780142528], [0.212148011011079, 51.1516149342956], [0.180372330923748, 51.1317901553582], [0.160747944274821, 51.1373192644889], [0.133117086399998, 51.1472785195743], [0.0500165286936347, 51.1426500167773], [0.0526003640340758, 51.1806240184208], [0.0335989515635273, 51.2143379727583], [0.0582428302016134, 51.247778326722], [0.0423988836480159, 51.2926788490678], [0.085693083414603, 51.2930842274768], [0.0850292999070586, 51.3160232034922], [0.117903916477628, 51.3296632259524], [0.118456303441167, 51.3441477832474], [0.136958109807481, 51.3441746039777], [0.152057740284581, 51.3696937037907], [0.147741027757767, 51.392801000984], [0.162384148649341, 51.3924903038677], [0.148869409057703, 51.4084291289611], [0.152932433172376, 51.4087084822957], [0.199752283180946, 51.4179762611725], [0.213529272477456, 51.4048494927397], [0.20753155738838, 51.3968442767175], [0.238273221529145, 51.3962996629392], [0.245744537079278, 51.4077123522268], [0.274894244117015, 51.407457134859], [0.336678980323618, 51.3865438878369]]]}}, {"id": "133", "type": "Feature", "properties": {"LAD22CD": "E07000112", "LAD22NM": "Folkestone and Hythe"}, "geometry": {"type": "Polygon", "coordinates": [[[1.14763772317109, 51.1771783029243], [1.14373077445535, 51.1657763288577], [1.16099873406119, 51.1583074626652], [1.17073509558702, 51.1631360375853], [1.19065899966904, 51.1540157762685], [1.2076777917894, 51.1568343588373], [1.211064762566, 51.1514766407317], [1.17155429372955, 51.1242368879487], [1.19736760936465, 51.1181487223812], [1.19493872028345, 51.1030297836429], [1.20437170139432, 51.0971917698531], [1.22001740637325, 51.0975007493444], [1.2150666825356, 51.0949088635838], [1.20588996581413, 51.0910368211643], [1.20585462109395, 51.0900850293447], [1.18550583066265, 51.0794221404809], [1.1947786893677, 51.0759561062063], [1.07576972861806, 51.0631400302901], [1.07002028637749, 51.0603229184594], [1.06044813827741, 51.0591193138043], [0.996748200789708, 51.0245871446972], [0.989925496616533, 51.0128219747534], [0.985934614090111, 51.0092482653219], [0.982065211995359, 50.9992592434603], [0.964430399280059, 50.9687987149762], [0.970986301420131, 50.941615351054], [0.978010638433957, 50.912456463562], [0.97794037200128, 50.9122214439406], [0.85507854473333, 50.923910466736], [0.854954096534626, 50.9239215091658], [0.867891381774926, 50.933262295643], [0.855967970123694, 50.9531286066064], [0.841401377893081, 50.9576088287223], [0.812941746895733, 50.941999575237], [0.784327858018418, 50.9772296872172], [0.777134928696756, 50.9754283500105], [0.778956704972181, 50.9894920251371], [0.830872141257871, 51.0493714519338], [0.839094227602643, 51.0313538580487], [0.854809948145074, 51.0317634033708], [0.853441042433627, 51.043148827547], [0.869684578193792, 51.0441127913573], [0.870435321076767, 51.0523099570633], [0.894482229066057, 51.0369863698128], [0.903325122841842, 51.0504622124172], [0.93427447051001, 51.0611466889979], [0.944752525498726, 51.0548693803419], [0.968928824862042, 51.0629259367103], [0.967347282829138, 51.0768978717124], [0.985172824272586, 51.0976004397872], [0.979766870247916, 51.1121874046152], [0.995589078392864, 51.1223706646326], [1.01211773153052, 51.1172003453989], [1.029240945946, 51.1325382915445], [1.0086223946532, 51.1450030685068], [1.01692318386774, 51.1612010705517], [0.998436761331318, 51.1647410008761], [1.00396996259874, 51.1800529518788], [1.04957821242098, 51.1849879658497], [1.05825754996227, 51.2050041949687], [1.09119816046696, 51.1890158920846], [1.10897162927767, 51.1869617499947], [1.1181459326375, 51.1963276084636], [1.1160327880216, 51.1878001334685], [1.14763772317109, 51.1771783029243]]]}}, {"id": "134", "type": "Feature", "properties": {"LAD22CD": "E07000113", "LAD22NM": "Swale"}, "geometry": {"type": "MultiPolygon", "coordinates": [[[[0.68296919632433, 51.4126452886018], [0.694510265742321, 51.3967639013741], [0.672639175867811, 51.3984055193624], [0.665928519130537, 51.4062823352872], [0.68296919632433, 51.4126452886018]]], [[[0.763713093073722, 51.381956101901], [0.764352676310199, 51.3628684546419], [0.734507968310769, 51.3457130753144], [0.766854373816967, 51.3623194270748], [0.813561773144892, 51.3584870580363], [0.816232505760306, 51.3461814949063], [0.817193491172904, 51.3563534194694], [0.866160998023522, 51.3558517472471], [0.870973641237874, 51.3540427103511], [0.897166985701846, 51.3441910263365], [0.880105910826525, 51.3286681946766], [0.894603232587443, 51.3363386138481], [0.915341144266536, 51.3293776366159], [0.896773053539145, 51.3414380744767], [0.950403269946465, 51.3456041719403], [0.950462254259208, 51.3456080537236], [0.95815190449043, 51.3379535197301], [0.971964542447926, 51.338244158075], [1.01698534649263, 51.3129349284067], [1.00665878438881, 51.3096369451168], [1.00596759515751, 51.2837830066946], [0.973278769991517, 51.2685947011505], [0.955032298732269, 51.2702458933181], [0.949122169820361, 51.2560341913337], [0.923650865268426, 51.2593934538286], [0.919530184091044, 51.2511026029702], [0.863494171484219, 51.2388721591943], [0.859873527060566, 51.2308377962895], [0.841768099989247, 51.2371016836342], [0.822169331483995, 51.224347697565], [0.795118069546067, 51.2285344190026], [0.792657653385252, 51.2380732748901], [0.790547129696035, 51.2617805286433], [0.776784190248456, 51.2665644474864], [0.761955479504863, 51.2563776481773], [0.749640681161822, 51.2586438057354], [0.760063694713229, 51.2793143802229], [0.743626909034297, 51.2785766318578], [0.713817179163023, 51.2994077132011], [0.673844753621703, 51.2932717637991], [0.664320665241623, 51.3289294107766], [0.63945152562386, 51.3367559809032], [0.613412365120945, 51.3349385953865], [0.604424480576533, 51.3256970914135], [0.601403554174045, 51.3333011048713], [0.63490813345762, 51.3663699845452], [0.623292522422213, 51.3692226415195], [0.626121810076958, 51.3788125499944], [0.632369758969761, 51.3889357646207], [0.634544988918393, 51.3890677778504], [0.626949713471949, 51.374746166802], [0.64801143353794, 51.3975551422638], [0.670097242347924, 51.3732924786281], [0.686969208348972, 51.3916612101936], [0.702920420776292, 51.3924383056883], [0.695247180191065, 51.3797911912102], [0.714357167612036, 51.384176689014], [0.69654541068886, 51.4199958723247], [0.727788902221975, 51.4204482266655], [0.716210768230846, 51.4131018767519], [0.726279314204562, 51.3991428797286], [0.763713093073722, 51.381956101901]]], [[[0.678799156331697, 51.4235185785055], [0.687777167499511, 51.4144341998226], [0.660058395634273, 51.4176257833293], [0.678799156331697, 51.4235185785055]]], [[[0.901366781689629, 51.4168258253071], [0.950172658982103, 51.3721321536237], [0.896803923025051, 51.3544681086317], [0.871641256563888, 51.3647206896011], [0.857697887655572, 51.3703977586728], [0.856694825375606, 51.3649258490694], [0.840527961124425, 51.3716465346928], [0.851298781549506, 51.3648336439023], [0.839447284359421, 51.3636451621001], [0.806290734031111, 51.3722891691117], [0.766186879767677, 51.3699695207759], [0.764272588608148, 51.3882605472706], [0.732677779090826, 51.4002771194148], [0.721659394132739, 51.4144254894947], [0.732452873378976, 51.40894626593], [0.746879721796758, 51.4153384730349], [0.73543685714915, 51.4243733383643], [0.749376965657077, 51.4460589082295], [0.780870521850089, 51.4413047962502], [0.791397491005136, 51.4393312566785], [0.823924189780159, 51.4256415561932], [0.875094894442408, 51.4198227571202], [0.901366781689629, 51.4168258253071]]]]}}, {"id": "135", "type": "Feature", "properties": {"LAD22CD": "E07000114", "LAD22NM": "Thanet"}, "geometry": {"type": "Polygon", "coordinates": [[[1.35846186313189, 51.3120019674693], [1.34530468873694, 51.3079727866563], [1.25009821652181, 51.3293364427624], [1.21383134810831, 51.3567721858328], [1.2128742792341, 51.3660440779695], [1.22927355205124, 51.3651460486215], [1.22483211004496, 51.3793401266833], [1.31507378603016, 51.3803130382124], [1.38362995362667, 51.3920245311355], [1.39233733904887, 51.3932223236019], [1.42496071272327, 51.3937782754357], [1.44193716364767, 51.3871670763025], [1.44590384777044, 51.3584420364821], [1.44590904853117, 51.3584043609719], [1.44589998282476, 51.3583905288271], [1.42469149683926, 51.3260072074338], [1.42317847854247, 51.3313761566692], [1.41457013988833, 51.3274916641779], [1.42355426271303, 51.3243385969626], [1.37775484991453, 51.3292604030862], [1.35846186313189, 51.3120019674693]]]}}, {"id": "136", "type": "Feature", "properties": {"LAD22CD": "E07000115", "LAD22NM": "Tonbridge and Malling"}, "geometry": {"type": "Polygon", "coordinates": [[[0.525641085381921, 51.3347171670639], [0.511615594575655, 51.3064345404207], [0.49251868074662, 51.3045672709161], [0.499043800752973, 51.2967753485136], [0.477656425071307, 51.2722753362684], [0.432525436617803, 51.2701200746685], [0.431312270677578, 51.2491001063745], [0.409577973411235, 51.2530120902836], [0.378698701343143, 51.2350440777529], [0.408801571866475, 51.2216682870587], [0.400344986655227, 51.1985721626835], [0.38425489504458, 51.1982616938891], [0.369167737003512, 51.2016169643177], [0.367513512909615, 51.1948719953956], [0.341686773022714, 51.1927890089308], [0.308816562121868, 51.199958995492], [0.277305608479776, 51.1746934858577], [0.226961569974034, 51.1841543220095], [0.25081097256037, 51.2005769021871], [0.207911760237048, 51.2105925029747], [0.201954034831216, 51.2205567114471], [0.212339510298549, 51.2245975552051], [0.2005423369464, 51.2337586440062], [0.223083288904804, 51.2449061405922], [0.230962649545534, 51.2322302752052], [0.247012834512874, 51.2376860917324], [0.247332385013259, 51.2552944078811], [0.263841207261726, 51.2557855909626], [0.258453391993337, 51.2972915719381], [0.265144095725887, 51.3136373458231], [0.284562577168995, 51.3250116648334], [0.285768685729597, 51.3449974473945], [0.304674634521184, 51.3508061928972], [0.306889619562347, 51.3431263493181], [0.341604421171004, 51.3292161562799], [0.380220997724452, 51.3298361606986], [0.37911018517935, 51.3380221133365], [0.401283124306125, 51.35295476259], [0.399919664491311, 51.3444569026071], [0.418594662757666, 51.3479121920606], [0.453485925272683, 51.3406104311936], [0.456233540778611, 51.3687628438094], [0.503027462916296, 51.3547185347565], [0.505841995748758, 51.3429424555663], [0.525641085381921, 51.3347171670639]]]}}, {"id": "137", "type": "Feature", "properties": {"LAD22CD": "E07000116", "LAD22NM": "Tunbridge Wells"}, "geometry": {"type": "Polygon", "coordinates": [[[0.38425489504458, 51.1982616938891], [0.41640085648925, 51.1805476489911], [0.44075379663605, 51.1765128766504], [0.467697344081548, 51.1562060840972], [0.469385402392689, 51.1430673013431], [0.496896420340315, 51.1447764513492], [0.533105662658645, 51.1341528523793], [0.561949986617375, 51.1432594090425], [0.559065475686518, 51.1339445383835], [0.579305815924906, 51.1446361596967], [0.575672633903326, 51.1561134273492], [0.593515591115623, 51.1533049790113], [0.601855724183474, 51.1590161945922], [0.617199953781171, 51.1482764458562], [0.640340470520972, 51.1524743523692], [0.632545495143112, 51.1452955476749], [0.639475075986475, 51.1412933659131], [0.603696921050306, 51.1317175878435], [0.609024339126952, 51.1178691337198], [0.590368962892355, 51.1113398166163], [0.596623745515782, 51.0902499913247], [0.629378307222744, 51.0914214200521], [0.646674841425981, 51.0832813402071], [0.611717197291198, 51.0635462632039], [0.593500115160646, 51.0418517764693], [0.605390823945922, 51.0120699758106], [0.568381149722978, 51.0038146875729], [0.541906625576079, 51.0110064422455], [0.537600379824422, 51.0216735768138], [0.472315360454523, 51.0304415900476], [0.463267138803114, 51.0547870173775], [0.418263393533167, 51.0626292915724], [0.396473803046943, 51.0830961518079], [0.373903542083923, 51.0884647235483], [0.35081999106108, 51.0840683339465], [0.358960077769589, 51.104478561555], [0.334703413315617, 51.1055645704394], [0.325177398042586, 51.1229171225958], [0.273935045062806, 51.1200787066604], [0.275670535951605, 51.1123554347649], [0.24454282489551, 51.1148785462355], [0.226284322804329, 51.1244679125225], [0.171628358019837, 51.1154102543181], [0.151200727639214, 51.1238298622802], [0.160747944274821, 51.1373192644889], [0.180372330923748, 51.1317901553582], [0.212148011011079, 51.1516149342956], [0.190971342203488, 51.1713780142528], [0.226961569974034, 51.1841543220095], [0.277305608479776, 51.1746934858577], [0.308816562121868, 51.199958995492], [0.341686773022714, 51.1927890089308], [0.367513512909615, 51.1948719953956], [0.369167737003512, 51.2016169643177], [0.38425489504458, 51.1982616938891]]]}}, {"id": "138", "type": "Feature", "properties": {"LAD22CD": "E07000117", "LAD22NM": "Burnley"}, "geometry": {"type": "Polygon", "coordinates": [[[-2.11227899052983, 53.8057083891249], [-2.12835851818789, 53.7990313038972], [-2.12481550058915, 53.7880553424965], [-2.13636274882185, 53.7801044595242], [-2.13117443618115, 53.7515444483757], [-2.17329358668748, 53.7230116839111], [-2.23265360476655, 53.7376351679459], [-2.2516913414347, 53.7550441028434], [-2.26859737309129, 53.7422805683425], [-2.29527150262072, 53.7519904931156], [-2.3141091073118, 53.7470387958581], [-2.3423059086941, 53.7948274419965], [-2.31320516595104, 53.8124650365042], [-2.30196466895093, 53.8210791830111], [-2.29469413540422, 53.8084388282383], [-2.26980505748602, 53.8150038875667], [-2.26106949964954, 53.8077672065182], [-2.22396976212194, 53.8178503486948], [-2.20753973869096, 53.8114041496009], [-2.19609501278055, 53.8252766069024], [-2.12862296414996, 53.8197956795088], [-2.11227899052983, 53.8057083891249]]]}}, {"id": "139", "type": "Feature", "properties": {"LAD22CD": "E07000118", "LAD22NM": "Chorley"}, "geometry": {"type": "Polygon", "coordinates": [[[-2.56160160852994, 53.7469013543165], [-2.5397927263795, 53.7021915934265], [-2.5153754062193, 53.6916687936559], [-2.53234403392868, 53.6649022653213], [-2.51132292934796, 53.6269949667172], [-2.56927828124953, 53.5955969482671], [-2.59592575554149, 53.6108149806104], [-2.62590677319225, 53.5936832713985], [-2.63459215891522, 53.6082827625043], [-2.68931258757785, 53.6043028419438], [-2.6994489263829, 53.6142993277877], [-2.69456786884956, 53.6266454240372], [-2.70969016123837, 53.6178091070108], [-2.73616787659759, 53.62368473625], [-2.75873546509264, 53.6146522402775], [-2.78100140595874, 53.6234712225498], [-2.79595255727168, 53.6159616195275], [-2.82147313255668, 53.6626250330516], [-2.82012710674794, 53.6871376997055], [-2.74660221516695, 53.6927075181333], [-2.73003868088358, 53.6862140658286], [-2.73355048868891, 53.6742829583607], [-2.71253955145746, 53.6713341284435], [-2.70820563111979, 53.6815301845217], [-2.65882324539222, 53.6806851078493], [-2.65802847557169, 53.6906950380777], [-2.67759273159526, 53.6936947310445], [-2.67149158270037, 53.7108052013076], [-2.65844863389138, 53.7176959374804], [-2.65192898020426, 53.711963879582], [-2.62975495280547, 53.7172919992996], [-2.61185506598451, 53.7385705882985], [-2.57723740558375, 53.7511458471323], [-2.56160160852994, 53.7469013543165]]]}}, {"id": "140", "type": "Feature", "properties": {"LAD22CD": "E07000119", "LAD22NM": "Fylde"}, "geometry": {"type": "MultiPolygon", "coordinates": [[[[-2.79390048777271, 53.7512956074132], [-2.8038343765369, 53.7491164468606], [-2.79401670525856, 53.7517766486216], [-2.79390048777271, 53.7512956074132]]], [[[-2.97667648335888, 53.8646057300676], [-2.94376826684964, 53.8506809177001], [-2.90432547908246, 53.8648458448533], [-2.87556086386656, 53.8579333643396], [-2.89014618483959, 53.8460389829644], [-2.85758673975096, 53.8426065827248], [-2.8694227846563, 53.8309131143337], [-2.84086959807591, 53.8312779439078], [-2.82599421787706, 53.819987299716], [-2.7805305760358, 53.7879504609861], [-2.79861189097798, 53.7707876545346], [-2.79401912982675, 53.7517866850265], [-2.85554551862048, 53.7383858597419], [-2.85871618152537, 53.7506384192234], [-2.85686181182712, 53.738201074023], [-2.89910614945607, 53.7330675456842], [-2.91098007131313, 53.7325939425627], [-2.93380536789249, 53.731680311776], [-2.95297566456835, 53.7329298286156], [-2.94499805185899, 53.7361522348614], [-2.97640691476651, 53.7340474100667], [-3.03874247266197, 53.7471903744071], [-3.0571063963274, 53.7765235448684], [-3.0571055721908, 53.7765322959602], [-3.03282116843925, 53.7808576442473], [-3.02880130418184, 53.7731167798034], [-2.99647825993957, 53.7745040254686], [-3.00388680512874, 53.7913422868504], [-2.98335722276106, 53.7938034453417], [-2.99500424807209, 53.8184887245035], [-3.01065293005663, 53.8261939007195], [-2.96177766016056, 53.8283465309923], [-2.96556995199783, 53.847311003301], [-2.98192393707347, 53.8581762246674], [-2.97667648335888, 53.8646057300676]]]]}}, {"id": "141", "type": "Feature", "properties": {"LAD22CD": "E07000120", "LAD22NM": "Hyndburn"}, "geometry": {"type": "Polygon", "coordinates": [[[-2.3423059086941, 53.7948274419965], [-2.3141091073118, 53.7470387958581], [-2.32614815671146, 53.7473356131677], [-2.32577142735795, 53.7343535430878], [-2.34418444781331, 53.7224495999405], [-2.41098929578139, 53.7051367415016], [-2.43386860052447, 53.7191816990193], [-2.44006779499927, 53.7494181204385], [-2.45178024416893, 53.7564543600742], [-2.44631709415123, 53.7665897010512], [-2.46580771374763, 53.7808134079364], [-2.39673657734499, 53.8166191916107], [-2.39851193426364, 53.8033344832256], [-2.36995253077879, 53.8015384469294], [-2.36557473387386, 53.793104952461], [-2.35668223770816, 53.7984584865935], [-2.3423059086941, 53.7948274419965]]]}}, {"id": "142", "type": "Feature", "properties": {"LAD22CD": "E07000121", "LAD22NM": "Lancaster"}, "geometry": {"type": "Polygon", "coordinates": [[[-2.46086273483392, 54.2267161360628], [-2.53397895530311, 54.1576927137726], [-2.56050449737639, 54.1530521184271], [-2.56474072528009, 54.1270377051971], [-2.52400965394564, 54.0946224801854], [-2.50952601849528, 54.0954253307687], [-2.46434741774283, 54.0752794330057], [-2.46954984634616, 54.0462122430995], [-2.49225722449595, 54.0400744728344], [-2.50141852766252, 54.0207535098021], [-2.52730971583983, 54.0262454054429], [-2.54710556376612, 54.0140773317266], [-2.57218584595594, 54.0146226995296], [-2.58065330231768, 54.0001181253483], [-2.5575263143622, 53.9749121430016], [-2.6169021304247, 53.9522123374932], [-2.64304254596192, 53.9575883854423], [-2.64821739364283, 53.9489215900485], [-2.68791654101037, 53.9497022142601], [-2.70204885822574, 53.9435564605428], [-2.71565576482026, 53.9802440537051], [-2.73523711666107, 53.974526388805], [-2.74147581990892, 53.9568568458606], [-2.75537475426664, 53.9523312069035], [-2.75786811323113, 53.9631088155819], [-2.79642213630804, 53.9754701260521], [-2.81364522020433, 53.945848903528], [-2.80368814239779, 53.9357544065558], [-2.86436725618549, 53.9180797323255], [-2.88524464946455, 53.9368388562429], [-2.88102272528869, 53.9433451798432], [-2.8802702495969, 53.943490516087], [-2.88063035327658, 53.9439497455215], [-2.87964970831221, 53.9454606411801], [-2.88173785034894, 53.9465908847166], [-2.86409215990748, 53.9533319503351], [-2.88678401888098, 53.9583551243453], [-2.86103551128866, 53.955036697935], [-2.86937633898592, 53.9597479343029], [-2.85724777289296, 53.957606180973], [-2.86187625568654, 53.9646248577274], [-2.83633255172164, 53.9546298344757], [-2.85396325469742, 53.965213569895], [-2.83587079118478, 53.9637463747547], [-2.87194774031199, 53.970310605216], [-2.87923753793334, 53.9791393431248], [-2.85604609108331, 53.9995731814063], [-2.8229701795703, 53.9948597030324], [-2.83276461136824, 53.9985054864671], [-2.83518914404623, 54.0110836290889], [-2.85331147228836, 54.005579352161], [-2.84494047151227, 54.014857802645], [-2.86049227437598, 54.0038672168401], [-2.87098374393434, 54.0144287244699], [-2.86473280578499, 54.0050357451458], [-2.87791602419586, 54.006283746939], [-2.88101480954441, 53.9894728424959], [-2.88732228538449, 54.0017918523398], [-2.88606306361496, 53.9910508064298], [-2.90013212019343, 53.9919798884522], [-2.90402701085848, 54.0221887098353], [-2.91742833503323, 54.0281457090534], [-2.92443097153999, 54.031257076633], [-2.92174930182206, 54.0324591765428], [-2.92146692698351, 54.032585748452], [-2.91241947640711, 54.0337623745692], [-2.91876669371931, 54.0337960277466], [-2.91756464801149, 54.0343347440888], [-2.90627169415, 54.0393945650005], [-2.88237965060747, 54.0724446039225], [-2.8703703035772, 54.0762353045924], [-2.84663256080158, 54.0776379001389], [-2.8194971771231, 54.0888405762586], [-2.81427341689511, 54.0949109377739], [-2.82149624594291, 54.0889703232623], [-2.82660007395096, 54.1004332091276], [-2.78029617241889, 54.1356049709591], [-2.79841004288165, 54.1273924963174], [-2.80205650851171, 54.1433422405468], [-2.8098154637962, 54.1323274564291], [-2.824556369035, 54.1403328385059], [-2.82782532460237, 54.1475546976924], [-2.81059365073664, 54.1550007786652], [-2.82833575687875, 54.1532944293715], [-2.8379104934646, 54.1742247164349], [-2.83791619316485, 54.1742265695563], [-2.83721686204006, 54.1741724007201], [-2.79898153022298, 54.1977407703035], [-2.76823199124557, 54.1859641133149], [-2.7343869846531, 54.1841109651538], [-2.73648911636349, 54.1690268159802], [-2.67987623790917, 54.161134716838], [-2.63996446425009, 54.2020453818876], [-2.62495689056548, 54.1955687289251], [-2.5760776553629, 54.1955951834225], [-2.45958529173133, 54.2395684104832], [-2.46086273483392, 54.2267161360628]]]}}, {"id": "143", "type": "Feature", "properties": {"LAD22CD": "E07000122", "LAD22NM": "Pendle"}, "geometry": {"type": "Polygon", "coordinates": [[[-2.04613032171259, 53.8501412464577], [-2.04692463706631, 53.8295102819506], [-2.06125057169733, 53.8256354819636], [-2.11227899052983, 53.8057083891249], [-2.12862296414996, 53.8197956795088], [-2.19609501278055, 53.8252766069024], [-2.20753973869096, 53.8114041496009], [-2.22396976212194, 53.8178503486948], [-2.26106949964954, 53.8077672065182], [-2.26980505748602, 53.8150038875667], [-2.29469413540422, 53.8084388282383], [-2.30196466895093, 53.8210791830111], [-2.31320516595104, 53.8124650365042], [-2.3171365109043, 53.8278544604912], [-2.30257325913805, 53.8363947619179], [-2.33364465004493, 53.8406309683462], [-2.31792795935388, 53.8469220078489], [-2.31911800423786, 53.8615115380483], [-2.22431654694747, 53.8906161773278], [-2.24584068924005, 53.9332626816138], [-2.18452239163842, 53.9522641300986], [-2.18228142410805, 53.9353902727911], [-2.13222410689956, 53.9265088512197], [-2.11334616135047, 53.9156268544808], [-2.10301894796253, 53.8909412971484], [-2.08144705819635, 53.8756803214603], [-2.08991499194819, 53.8681819729435], [-2.04613032171259, 53.8501412464577]]]}}, {"id": "144", "type": "Feature", "properties": {"LAD22CD": "E07000123", "LAD22NM": "Preston"}, "geometry": {"type": "Polygon", "coordinates": [[[-2.59948777978481, 53.7814710235385], [-2.63385816008948, 53.7823756274252], [-2.62209170010117, 53.7708759441471], [-2.65656846629279, 53.7605582079365], [-2.66591255800608, 53.7485174459671], [-2.67898725759504, 53.7530352300967], [-2.71236460041922, 53.748233454213], [-2.73203696101775, 53.7576424371989], [-2.79390048777271, 53.7512956074132], [-2.79401670525856, 53.7517766486216], [-2.79381896968612, 53.7518302153191], [-2.79401912982675, 53.7517866850265], [-2.79861189097798, 53.7707876545346], [-2.7805305760358, 53.7879504609861], [-2.82599421787706, 53.819987299716], [-2.79786437016184, 53.8245883957185], [-2.80013450280164, 53.8331379020111], [-2.77068881395902, 53.8404204870622], [-2.75926449062936, 53.8263714793363], [-2.73615752450944, 53.8234460371112], [-2.74638557245605, 53.8510299553688], [-2.7098165059967, 53.8536423145304], [-2.68570678543673, 53.8909428983428], [-2.6452312202389, 53.8937579432686], [-2.62538134095007, 53.8802975207155], [-2.62935972940161, 53.8599865796373], [-2.60789806933386, 53.8387724828244], [-2.62471372097947, 53.8155648678697], [-2.59566932422328, 53.7966418879511], [-2.59948777978481, 53.7814710235385]]]}}, {"id": "145", "type": "Feature", "properties": {"LAD22CD": "E07000124", "LAD22NM": "Ribble Valley"}, "geometry": {"type": "Polygon", "coordinates": [[[-2.18452239163842, 53.9522641300986], [-2.24584068924005, 53.9332626816138], [-2.22431654694747, 53.8906161773278], [-2.31911800423786, 53.8615115380483], [-2.31792795935388, 53.8469220078489], [-2.33364465004493, 53.8406309683462], [-2.30257325913805, 53.8363947619179], [-2.3171365109043, 53.8278544604912], [-2.31320516595104, 53.8124650365042], [-2.3423059086941, 53.7948274419965], [-2.35668223770816, 53.7984584865935], [-2.36557473387386, 53.793104952461], [-2.36995253077879, 53.8015384469294], [-2.39851193426364, 53.8033344832256], [-2.39673657734499, 53.8166191916107], [-2.46580771374763, 53.7808134079364], [-2.5512980543086, 53.7563883886878], [-2.56427309571977, 53.762012019687], [-2.54554336628584, 53.7692045889281], [-2.54750548958988, 53.775870978805], [-2.59948777978481, 53.7814710235385], [-2.59566932422328, 53.7966418879511], [-2.62471372097947, 53.8155648678697], [-2.60789806933386, 53.8387724828244], [-2.62935972940161, 53.8599865796373], [-2.62538134095007, 53.8802975207155], [-2.6452312202389, 53.8937579432686], [-2.6251450363017, 53.8946405269089], [-2.61340257292018, 53.9082556569993], [-2.62643718901396, 53.9385635383366], [-2.64821739364283, 53.9489215900485], [-2.64304254596192, 53.9575883854423], [-2.6169021304247, 53.9522123374932], [-2.5575263143622, 53.9749121430016], [-2.58065330231768, 54.0001181253483], [-2.57218584595594, 54.0146226995296], [-2.54710556376612, 54.0140773317266], [-2.52730971583983, 54.0262454054429], [-2.50141852766252, 54.0207535098021], [-2.49225722449595, 54.0400744728344], [-2.46954984634616, 54.0462122430995], [-2.42582648982368, 54.03809491029], [-2.37407297715162, 54.0490890614635], [-2.35732329416741, 54.019117094779], [-2.33956003667455, 54.0094333175981], [-2.35231031317863, 54.0105389058883], [-2.35235757480551, 53.9946737861065], [-2.339923184361, 53.989427713568], [-2.31915123811193, 53.9938420173074], [-2.29431971644119, 53.9744329549656], [-2.23034529433424, 53.9815303435187], [-2.2210627540429, 53.9779275819344], [-2.23201544739717, 53.9712299768724], [-2.2257362558466, 53.9610994519679], [-2.1960183674942, 53.9695758455163], [-2.18452239163842, 53.9522641300986]]]}}, {"id": "146", "type": "Feature", "properties": {"LAD22CD": "E07000125", "LAD22NM": "Rossendale"}, "geometry": {"type": "Polygon", "coordinates": [[[-2.17329358668748, 53.7230116839111], [-2.14632807589891, 53.682231530348], [-2.16135282925978, 53.6413741743419], [-2.18539583608629, 53.6382240900954], [-2.18240718205755, 53.6482576152029], [-2.20522850321208, 53.6543488353298], [-2.21772889810502, 53.6689807379205], [-2.24587898711291, 53.6635194796295], [-2.26986609501716, 53.6461366085906], [-2.25676901436556, 53.620397954751], [-2.27178707180205, 53.6145142314572], [-2.29527277523822, 53.6403952344446], [-2.29898508619306, 53.6667047882744], [-2.31675729362229, 53.6549872250348], [-2.3712361929384, 53.6670806553965], [-2.37442427465371, 53.6872544342486], [-2.39834827805747, 53.6915598628812], [-2.41098929578139, 53.7051367415016], [-2.34418444781331, 53.7224495999405], [-2.32577142735795, 53.7343535430878], [-2.32614815671146, 53.7473356131677], [-2.3141091073118, 53.7470387958581], [-2.29527150262072, 53.7519904931156], [-2.26859737309129, 53.7422805683425], [-2.2516913414347, 53.7550441028434], [-2.23265360476655, 53.7376351679459], [-2.17329358668748, 53.7230116839111]]]}}, {"id": "147", "type": "Feature", "properties": {"LAD22CD": "E07000126", "LAD22NM": "South Ribble"}, "geometry": {"type": "MultiPolygon", "coordinates": [[[[-2.86007524098511, 53.7335700409623], [-2.84774432316085, 53.7264048670187], [-2.8661763903682, 53.7327450412388], [-2.86007524098511, 53.7335700409623]]], [[[-2.5512980543086, 53.7563883886878], [-2.56160160852994, 53.7469013543165], [-2.57723740558375, 53.7511458471323], [-2.61185506598451, 53.7385705882985], [-2.62975495280547, 53.7172919992996], [-2.65192898020426, 53.711963879582], [-2.65844863389138, 53.7176959374804], [-2.67149158270037, 53.7108052013076], [-2.67759273159526, 53.6936947310445], [-2.65802847557169, 53.6906950380777], [-2.65882324539222, 53.6806851078493], [-2.70820563111979, 53.6815301845217], [-2.71253955145746, 53.6713341284435], [-2.73355048868891, 53.6742829583607], [-2.73003868088358, 53.6862140658286], [-2.74660221516695, 53.6927075181333], [-2.82012710674794, 53.6871376997055], [-2.83313321919376, 53.6955139978336], [-2.82398181894109, 53.7028535017084], [-2.83012776761373, 53.7161618725612], [-2.82766381050689, 53.714728618455], [-2.82699425281792, 53.7143391193361], [-2.82831050384487, 53.7155263796493], [-2.83185268124519, 53.7198954064318], [-2.8324237637153, 53.7211313473031], [-2.83302185885443, 53.7213372801832], [-2.83546013208471, 53.7243438951222], [-2.82119432472963, 53.7303343938563], [-2.83609940243751, 53.7247874064572], [-2.84282630160563, 53.7315590973804], [-2.83595981411729, 53.7369506861641], [-2.8449776459918, 53.7337242231253], [-2.84466909306176, 53.7301118314567], [-2.85538755133208, 53.7351288035924], [-2.81029727421126, 53.7473646279974], [-2.8038343765369, 53.7491164468606], [-2.79390048777271, 53.7512956074132], [-2.73203696101775, 53.7576424371989], [-2.71236460041922, 53.748233454213], [-2.67898725759504, 53.7530352300967], [-2.66591255800608, 53.7485174459671], [-2.65656846629279, 53.7605582079365], [-2.62209170010117, 53.7708759441471], [-2.63385816008948, 53.7823756274252], [-2.59948777978481, 53.7814710235385], [-2.54750548958988, 53.775870978805], [-2.54554336628584, 53.7692045889281], [-2.56427309571977, 53.762012019687], [-2.5512980543086, 53.7563883886878]]]]}}, {"id": "148", "type": "Feature", "properties": {"LAD22CD": "E07000127", "LAD22NM": "West Lancashire"}, "geometry": {"type": "MultiPolygon", "coordinates": [[[[-2.8324237637153, 53.7211313473031], [-2.83185268124519, 53.7198954064318], [-2.83302185885443, 53.7213372801832], [-2.8324237637153, 53.7211313473031]]], [[[-2.83012776761373, 53.7161618725612], [-2.82398181894109, 53.7028535017084], [-2.83313321919376, 53.6955139978336], [-2.82012710674794, 53.6871376997055], [-2.82147313255668, 53.6626250330516], [-2.79595255727168, 53.6159616195275], [-2.78100140595874, 53.6234712225498], [-2.75873546509264, 53.6146522402775], [-2.73616787659759, 53.62368473625], [-2.70969016123837, 53.6178091070108], [-2.69456786884956, 53.6266454240372], [-2.6994489263829, 53.6142993277877], [-2.68931258757785, 53.6043028419438], [-2.69334691735714, 53.5894340860896], [-2.71922182910363, 53.5761114904479], [-2.70481914779262, 53.5591921853052], [-2.71792555495459, 53.5272111636733], [-2.73052451043225, 53.5205976080495], [-2.76887248679445, 53.5135714641736], [-2.78247648840079, 53.531430197881], [-2.81674018026807, 53.5121744967699], [-2.82496446470994, 53.4852092183666], [-2.84442114863858, 53.4841303894131], [-2.8498364247934, 53.4931391728108], [-2.86515490038089, 53.4920871492598], [-2.88798948091431, 53.5038316529092], [-2.88171626852993, 53.5205438932213], [-2.92300940751067, 53.5252200425158], [-2.94789315360006, 53.5443538478543], [-2.97761401698476, 53.5459230779441], [-2.96296435439051, 53.5237058596021], [-2.97582621873825, 53.515287937911], [-3.04669858190109, 53.5429583288114], [-3.04038847552938, 53.565272120384], [-3.02261999765623, 53.5695979068693], [-3.02070918258232, 53.5836752117772], [-3.03598468713882, 53.5872219476173], [-3.02882214969535, 53.6023199753557], [-2.99788936527924, 53.6266670880998], [-2.98182313089385, 53.6222051359481], [-2.9672591070023, 53.6313286187843], [-2.94014344409029, 53.6586105188298], [-2.94678566949808, 53.6880175654031], [-2.95045032085472, 53.6916969879953], [-2.95047123033527, 53.6917183780021], [-2.95415634922314, 53.69541718898], [-2.95413802198366, 53.6954208168694], [-2.95520361599551, 53.6964919175471], [-2.9554457431862, 53.6967267378405], [-2.9562279760033, 53.6975003227457], [-2.93709841824804, 53.6950963234581], [-2.95112233540029, 53.6997678416948], [-2.93668038869624, 53.7019120124816], [-2.95496765519585, 53.7040292033279], [-2.94379682703275, 53.708144415792], [-2.93183958041707, 53.7000091638314], [-2.92617841556414, 53.7046613402068], [-2.94815308683206, 53.711543574945], [-2.93828425373907, 53.7249193846029], [-2.91426891678604, 53.7109080027603], [-2.929326426259, 53.7242027134397], [-2.91512151087959, 53.7261142755702], [-2.91085259886381, 53.7266934752001], [-2.8661763903682, 53.7327450412388], [-2.84774432316085, 53.7264048670187], [-2.83141678838355, 53.7169116204728], [-2.83012776761373, 53.7161618725612]]]]}}, {"id": "149", "type": "Feature", "properties": {"LAD22CD": "E07000128", "LAD22NM": "Wyre"}, "geometry": {"type": "MultiPolygon", "coordinates": [[[[-2.87964970831221, 53.9454606411801], [-2.88063035327658, 53.9439497455215], [-2.88247933234625, 53.9463075169779], [-2.88173785034894, 53.9465908847166], [-2.87964970831221, 53.9454606411801]]], [[[-2.71565576482026, 53.9802440537051], [-2.70204885822574, 53.9435564605428], [-2.68791654101037, 53.9497022142601], [-2.64821739364283, 53.9489215900485], [-2.62643718901396, 53.9385635383366], [-2.61340257292018, 53.9082556569993], [-2.6251450363017, 53.8946405269089], [-2.6452312202389, 53.8937579432686], [-2.68570678543673, 53.8909428983428], [-2.7098165059967, 53.8536423145304], [-2.74638557245605, 53.8510299553688], [-2.73615752450944, 53.8234460371112], [-2.75926449062936, 53.8263714793363], [-2.77068881395902, 53.8404204870622], [-2.80013450280164, 53.8331379020111], [-2.79786437016184, 53.8245883957185], [-2.82599421787706, 53.819987299716], [-2.84086959807591, 53.8312779439078], [-2.8694227846563, 53.8309131143337], [-2.85758673975096, 53.8426065827248], [-2.89014618483959, 53.8460389829644], [-2.87556086386656, 53.8579333643396], [-2.90432547908246, 53.8648458448533], [-2.94376826684964, 53.8506809177001], [-2.97667648335888, 53.8646057300676], [-2.98192393707347, 53.8581762246674], [-2.96556995199783, 53.847311003301], [-2.96177766016056, 53.8283465309923], [-3.01065293005663, 53.8261939007195], [-3.01975135328489, 53.8685977697262], [-3.04785649093629, 53.8744367499704], [-3.04773507657087, 53.8757189847014], [-3.04978339034913, 53.9199965179408], [-3.00847770038889, 53.9289442994187], [-3.00945606329603, 53.9007432366474], [-2.99957204258185, 53.9285976513915], [-2.92499795483546, 53.9499741071275], [-2.91565501046398, 53.9474863946346], [-2.91067969592712, 53.9461612117382], [-2.91561810073159, 53.9457964673621], [-2.93009524140352, 53.9447259904013], [-2.9155115582386, 53.9409261312031], [-2.90615672313096, 53.9384873735287], [-2.88102272528869, 53.9433451798432], [-2.88524464946455, 53.9368388562429], [-2.86436725618549, 53.9180797323255], [-2.80368814239779, 53.9357544065558], [-2.81364522020433, 53.945848903528], [-2.79642213630804, 53.9754701260521], [-2.75786811323113, 53.9631088155819], [-2.75537475426664, 53.9523312069035], [-2.74147581990892, 53.9568568458606], [-2.73523711666107, 53.974526388805], [-2.71565576482026, 53.9802440537051]]]]}}, {"id": "150", "type": "Feature", "properties": {"LAD22CD": "E07000129", "LAD22NM": "Blaby"}, "geometry": {"type": "Polygon", "coordinates": [[[-1.18528923933493, 52.6606440961908], [-1.19065594938898, 52.6403938594434], [-1.20725216803536, 52.6425879716146], [-1.215980784602, 52.6345335562772], [-1.16555888656328, 52.6130814445452], [-1.17422436304014, 52.5929263417255], [-1.15789024255452, 52.5908219889961], [-1.16094169838228, 52.5825305499133], [-1.14949577431606, 52.5810241157686], [-1.14361854307226, 52.5880254265962], [-1.13017927927289, 52.5622475555247], [-1.12359691157834, 52.5689129030943], [-1.09579039640856, 52.5655528273632], [-1.082893928931, 52.5565792045763], [-1.05939219116329, 52.5589300744617], [-1.07588893949918, 52.5388659328312], [-1.1212567474307, 52.5451865582445], [-1.18427532257135, 52.5274989936526], [-1.20213280196255, 52.52743990629], [-1.23184050477181, 52.5553789147062], [-1.30594754120562, 52.4933952805605], [-1.32508812135485, 52.5010423245412], [-1.31796578872976, 52.515116938007], [-1.33484699507845, 52.5330249868053], [-1.3348867845199, 52.5601931857153], [-1.32370941374702, 52.5677939073301], [-1.30202258537581, 52.561388676947], [-1.27291557526986, 52.5659721383332], [-1.26996749967124, 52.5747966038336], [-1.29680102789667, 52.579817043609], [-1.29837199355684, 52.5858738986606], [-1.27458365029556, 52.6009840896559], [-1.27447930785219, 52.61617014944], [-1.25741322565196, 52.6162532744945], [-1.2618766662228, 52.6282116921208], [-1.24075770156081, 52.6336169175882], [-1.26180193363386, 52.6370662720675], [-1.23219782033718, 52.6407474315098], [-1.19968163037784, 52.6644018183087], [-1.18528923933493, 52.6606440961908]]]}}, {"id": "151", "type": "Feature", "properties": {"LAD22CD": "E07000130", "LAD22NM": "Charnwood"}, "geometry": {"type": "Polygon", "coordinates": [[[-1.03628929191991, 52.8158772842477], [-1.04590754651688, 52.7660275017232], [-1.03038195561504, 52.756186308948], [-1.01991102008189, 52.7269800871778], [-1.0010507906414, 52.7236619238947], [-1.01559253375669, 52.710824217107], [-1.00797633679774, 52.6963927465919], [-0.948924212290192, 52.6803811514559], [-0.960167239463435, 52.6731065234814], [-0.9802833788725, 52.6818534437987], [-1.01367915585654, 52.6550807837127], [-1.04861278988328, 52.6549959563935], [-1.0750788495323, 52.6696256375045], [-1.11881182169027, 52.673186318861], [-1.12922467843509, 52.6653897823953], [-1.14326236102496, 52.6871571580807], [-1.15725203286727, 52.6915230260726], [-1.17806557535302, 52.6780349832527], [-1.18528923933493, 52.6606440961908], [-1.19968163037784, 52.6644018183087], [-1.21214007902656, 52.6744460604548], [-1.22694892877729, 52.6700043330694], [-1.24433108910874, 52.6844642667319], [-1.25901057672952, 52.6820720150459], [-1.28089948242999, 52.6918160106702], [-1.28271338931419, 52.7146423181832], [-1.24714069691699, 52.7363689781094], [-1.25111733360693, 52.740872929335], [-1.26686507015886, 52.7474509862867], [-1.28748662488214, 52.7339722758797], [-1.30475412987616, 52.7484645875578], [-1.33237870782939, 52.7530181589659], [-1.33479158393321, 52.7631001906093], [-1.31896100445018, 52.7853885668593], [-1.27866961983227, 52.7831767188637], [-1.27644940198985, 52.8003283598141], [-1.26192675778543, 52.8104533294567], [-1.2258860486895, 52.7916775636682], [-1.19772936216661, 52.7894115471348], [-1.16327577042398, 52.8065222287069], [-1.13089307263852, 52.8058269116307], [-1.11694190790358, 52.8195772072277], [-1.07443530143318, 52.8247266344066], [-1.07173821252654, 52.8140112117332], [-1.03628929191991, 52.8158772842477]]]}}, {"id": "152", "type": "Feature", "properties": {"LAD22CD": "E07000131", "LAD22NM": "Harborough"}, "geometry": {"type": "Polygon", "coordinates": [[[-0.808693242414139, 52.6461260660919], [-0.805824670618499, 52.6206878783449], [-0.820950352829114, 52.596454861719], [-0.792435455444373, 52.5976141699617], [-0.765264216008954, 52.5824701798371], [-0.759893743806875, 52.5649060343668], [-0.738864421751923, 52.5488833379763], [-0.742206489930266, 52.5394859770229], [-0.713658337963826, 52.524963968358], [-0.757215564663111, 52.5109492213207], [-0.774866784894676, 52.5182763361657], [-0.820121757601639, 52.5155410008461], [-0.868699498890148, 52.5270028931444], [-0.883443190675843, 52.5139701581084], [-0.882125559613792, 52.4931658050431], [-0.898047834720489, 52.4869184507176], [-0.882395514787867, 52.4712828444433], [-0.9012806064268, 52.4597558601064], [-0.942191918774036, 52.4677725225308], [-0.951908262509529, 52.4774239308037], [-1.00069265209655, 52.4709404177629], [-1.04451053126691, 52.4457480943696], [-1.03427367925882, 52.4362852730348], [-1.04998493314387, 52.422208448854], [-1.08438179273988, 52.4362981479721], [-1.12926952385576, 52.4161034521555], [-1.14935295147126, 52.3970406268669], [-1.18399208837492, 52.392171077156], [-1.20161328230779, 52.3967317959132], [-1.30594754120562, 52.4933952805605], [-1.23184050477181, 52.5553789147062], [-1.20213280196255, 52.52743990629], [-1.18427532257135, 52.5274989936526], [-1.1212567474307, 52.5451865582445], [-1.07588893949918, 52.5388659328312], [-1.05939219116329, 52.5589300744617], [-1.082893928931, 52.5565792045763], [-1.07535444593118, 52.5747348750704], [-1.04135762765073, 52.5980096721263], [-1.06247912689757, 52.604247152256], [-1.07048970747673, 52.6180668313852], [-1.04696224710518, 52.6346200812552], [-1.04861278988328, 52.6549959563935], [-1.01367915585654, 52.6550807837127], [-0.9802833788725, 52.6818534437987], [-0.960167239463435, 52.6731065234814], [-0.948924212290192, 52.6803811514559], [-0.91604962363473, 52.6711407165331], [-0.911926083902222, 52.6771722657213], [-0.893363051690192, 52.6736712787193], [-0.85554558234634, 52.6849737895908], [-0.858744686220831, 52.673763056959], [-0.833981489993561, 52.6727049822025], [-0.829548904939887, 52.6587532050366], [-0.809528311230395, 52.6576117229614], [-0.822271716083747, 52.6472543320311], [-0.808693242414139, 52.6461260660919]]]}}, {"id": "153", "type": "Feature", "properties": {"LAD22CD": "E07000132", "LAD22NM": "Hinckley and Bosworth"}, "geometry": {"type": "Polygon", "coordinates": [[[-1.19968163037784, 52.6644018183087], [-1.23219782033718, 52.6407474315098], [-1.26180193363386, 52.6370662720675], [-1.24075770156081, 52.6336169175882], [-1.2618766662228, 52.6282116921208], [-1.25741322565196, 52.6162532744945], [-1.27447930785219, 52.61617014944], [-1.27458365029556, 52.6009840896559], [-1.29837199355684, 52.5858738986606], [-1.29680102789667, 52.579817043609], [-1.26996749967124, 52.5747966038336], [-1.27291557526986, 52.5659721383332], [-1.30202258537581, 52.561388676947], [-1.32370941374702, 52.5677939073301], [-1.3348867845199, 52.5601931857153], [-1.33484699507845, 52.5330249868053], [-1.31796578872976, 52.515116938007], [-1.32508812135485, 52.5010423245412], [-1.41734425186395, 52.5344553070612], [-1.45999402369308, 52.5515899273182], [-1.52286777646333, 52.5706005994426], [-1.5271552279268, 52.5827378316751], [-1.56075676843526, 52.5961562428648], [-1.55445434227788, 52.6147614151268], [-1.57135417978669, 52.6352716299301], [-1.54451698666015, 52.6446078764288], [-1.55177141577137, 52.6674551064611], [-1.53682479949854, 52.6657355358379], [-1.50236096263458, 52.6776333014224], [-1.49401432483004, 52.6690478684993], [-1.47701880711561, 52.6777149871754], [-1.44574243138415, 52.6639580217486], [-1.42420339065323, 52.6840025303067], [-1.40191582367444, 52.6720798155365], [-1.36058734327607, 52.6764761097375], [-1.34260044712441, 52.6902023961063], [-1.35109636116169, 52.6941570606767], [-1.28271338931419, 52.7146423181832], [-1.28089948242999, 52.6918160106702], [-1.25901057672952, 52.6820720150459], [-1.24433108910874, 52.6844642667319], [-1.22694892877729, 52.6700043330694], [-1.21214007902656, 52.6744460604548], [-1.19968163037784, 52.6644018183087]]]}}, {"id": "154", "type": "Feature", "properties": {"LAD22CD": "E07000133", "LAD22NM": "Melton"}, "geometry": {"type": "Polygon", "coordinates": [[[-0.664101453534753, 52.756710460936], [-0.751697884509706, 52.7367121861722], [-0.776484384415236, 52.7439341917561], [-0.813435226931193, 52.7291297328888], [-0.821752779818314, 52.7156783293608], [-0.786044854215378, 52.6947410500205], [-0.782041592366397, 52.669481438542], [-0.808693242414139, 52.6461260660919], [-0.822271716083747, 52.6472543320311], [-0.809528311230395, 52.6576117229614], [-0.829548904939887, 52.6587532050366], [-0.833981489993561, 52.6727049822025], [-0.858744686220831, 52.673763056959], [-0.85554558234634, 52.6849737895908], [-0.893363051690192, 52.6736712787193], [-0.911926083902222, 52.6771722657213], [-0.91604962363473, 52.6711407165331], [-0.948924212290192, 52.6803811514559], [-1.00797633679774, 52.6963927465919], [-1.01559253375669, 52.710824217107], [-1.0010507906414, 52.7236619238947], [-1.01991102008189, 52.7269800871778], [-1.03038195561504, 52.756186308948], [-1.04590754651688, 52.7660275017232], [-1.03628929191991, 52.8158772842477], [-1.02193315697324, 52.8220518883665], [-0.982709019320862, 52.8206748653118], [-0.977074582062935, 52.8407376633052], [-0.959503896903261, 52.8437817311886], [-0.928121482481403, 52.8660833095459], [-0.940573916542046, 52.8768561313973], [-0.916924921846032, 52.8789315831176], [-0.85763357391753, 52.9056423200794], [-0.862893425264728, 52.9131138452548], [-0.824360730976672, 52.9417896098345], [-0.833908629870818, 52.9458805032832], [-0.820021885123097, 52.9604644294128], [-0.812850938336058, 52.9574642126954], [-0.796150034418614, 52.9767315027749], [-0.778278647253454, 52.97692337951], [-0.778437336497995, 52.959313820404], [-0.754950088765391, 52.9495561932311], [-0.776859443622395, 52.9048089050897], [-0.758468269907546, 52.9004900497834], [-0.766592056271416, 52.8867983634491], [-0.742722542356135, 52.8831571783624], [-0.682248172878789, 52.8121646787143], [-0.664101453534753, 52.756710460936]]]}}, {"id": "155", "type": "Feature", "properties": {"LAD22CD": "E07000134", "LAD22NM": "North West Leicestershire"}, "geometry": {"type": "Polygon", "coordinates": [[[-1.26192675778543, 52.8104533294567], [-1.27644940198985, 52.8003283598141], [-1.27866961983227, 52.7831767188637], [-1.31896100445018, 52.7853885668593], [-1.33479158393321, 52.7631001906093], [-1.33237870782939, 52.7530181589659], [-1.30475412987616, 52.7484645875578], [-1.28748662488214, 52.7339722758797], [-1.26686507015886, 52.7474509862867], [-1.25111733360693, 52.740872929335], [-1.24714069691699, 52.7363689781094], [-1.28271338931419, 52.7146423181832], [-1.35109636116169, 52.6941570606767], [-1.34260044712441, 52.6902023961063], [-1.36058734327607, 52.6764761097375], [-1.40191582367444, 52.6720798155365], [-1.42420339065323, 52.6840025303067], [-1.44574243138415, 52.6639580217486], [-1.47701880711561, 52.6777149871754], [-1.49401432483004, 52.6690478684993], [-1.50236096263458, 52.6776333014224], [-1.53682479949854, 52.6657355358379], [-1.55177141577137, 52.6674551064611], [-1.5896451852037, 52.6872608081784], [-1.59754104512465, 52.7004217669502], [-1.55004125316774, 52.7203170201837], [-1.54463882315567, 52.7316904486267], [-1.56249262187869, 52.7505868369794], [-1.55278704447237, 52.7633329520744], [-1.50498045308681, 52.7676086627082], [-1.49398372303295, 52.7590473716688], [-1.46844530449911, 52.7668773517672], [-1.45588204268026, 52.7770946625567], [-1.46277863628329, 52.7868634599001], [-1.44239105491808, 52.7929832761166], [-1.44356155232193, 52.8027441687288], [-1.41770445879577, 52.8016155011951], [-1.38793618388406, 52.8330976564398], [-1.39432284230238, 52.8367728726194], [-1.36121066727871, 52.8551856719244], [-1.35117273951364, 52.8532894543622], [-1.34486272111745, 52.8675328855881], [-1.3253324940069, 52.8659817429093], [-1.31930687515051, 52.8728694279118], [-1.26788907937114, 52.8733686514596], [-1.27436347501172, 52.8361295182939], [-1.26192675778543, 52.8104533294567]]]}}, {"id": "156", "type": "Feature", "properties": {"LAD22CD": "E07000135", "LAD22NM": "Oadby and Wigston"}, "geometry": {"type": "Polygon", "coordinates": [[[-1.082893928931, 52.5565792045763], [-1.09579039640856, 52.5655528273632], [-1.12359691157834, 52.5689129030943], [-1.13017927927289, 52.5622475555247], [-1.14361854307226, 52.5880254265962], [-1.12017085196089, 52.5975440768737], [-1.10365075505458, 52.595911794444], [-1.09661352028508, 52.616491381756], [-1.07048970747673, 52.6180668313852], [-1.06247912689757, 52.604247152256], [-1.04135762765073, 52.5980096721263], [-1.07535444593118, 52.5747348750704], [-1.082893928931, 52.5565792045763]]]}}, {"id": "157", "type": "Feature", "properties": {"LAD22CD": "E07000136", "LAD22NM": "Boston"}, "geometry": {"type": "Polygon", "coordinates": [[[0.199585324099437, 53.0326447026165], [0.151425047758128, 53.0081071320017], [0.0819162555065529, 52.9412798220667], [0.0797585453535131, 52.9392013441645], [0.0723074637235936, 52.9320220309797], [0.0783789397687592, 52.932032937925], [0.0531814932183861, 52.9161811154959], [0.0383793820083871, 52.9058688981132], [0.0381197831686075, 52.9051792648053], [0.027124639557576, 52.8984938210467], [-0.0403485265769237, 52.8684505747377], [-0.0847935037941669, 52.8645464531661], [-0.118583461895069, 52.8823801573412], [-0.142651723736895, 52.8849077420228], [-0.156586336630267, 52.9120947672282], [-0.246705114012854, 52.9288324752047], [-0.189890522849971, 52.9964096722477], [-0.224945274435561, 53.0299994289058], [-0.210939057909469, 53.0699415032939], [-0.19611968531666, 53.0695566904891], [-0.115892775599215, 53.010644669309], [-0.00706054386389006, 53.00112044826], [0.0452294407842013, 53.0300673009941], [0.0362024911018429, 53.0694968108323], [0.087487540747824, 53.0716451924788], [0.137083225442511, 53.0866918705947], [0.149710041647828, 53.0573847222227], [0.192893788567814, 53.0376816383511], [0.199585324099437, 53.0326447026165]]]}}, {"id": "158", "type": "Feature", "properties": {"LAD22CD": "E07000137", "LAD22NM": "East Lindsey"}, "geometry": {"type": "Polygon", "coordinates": [[[0.199585324099437, 53.0326447026165], [0.192893788567814, 53.0376816383511], [0.149710041647828, 53.0573847222227], [0.137083225442511, 53.0866918705947], [0.087487540747824, 53.0716451924788], [0.0362024911018429, 53.0694968108323], [0.0452294407842013, 53.0300673009941], [-0.00706054386389006, 53.00112044826], [-0.115892775599215, 53.010644669309], [-0.19611968531666, 53.0695566904891], [-0.196596582518654, 53.0834379367843], [-0.219318516789125, 53.0962508430363], [-0.226236727333366, 53.1249003296754], [-0.289650494644498, 53.1793657728158], [-0.302263333382541, 53.2104251273063], [-0.276004810707717, 53.2341841042528], [-0.280242815548857, 53.2497647932729], [-0.30043373851358, 53.2620883777684], [-0.289817639897854, 53.2639890915465], [-0.300825348202662, 53.2639737593862], [-0.301895659311535, 53.2753404851243], [-0.316443359257324, 53.2794716479515], [-0.317460783443738, 53.2982512595202], [-0.295572290080823, 53.3029820964671], [-0.310260818097815, 53.3200026493188], [-0.293312645836236, 53.3344768002127], [-0.275517873649116, 53.3218268981914], [-0.255251658026981, 53.3300402123996], [-0.255899017714339, 53.3441420189408], [-0.204871144805472, 53.3718864370462], [-0.229394388933294, 53.3980579625373], [-0.206023397059548, 53.4084350035913], [-0.214467738175562, 53.4286375001857], [-0.180523848023102, 53.4407022488562], [-0.131879272038797, 53.4359393973431], [-0.120343715760136, 53.4335649233719], [-0.0822093450711557, 53.4511510063818], [-0.10782063241139, 53.4698627577246], [-0.0898037355375292, 53.4776824153005], [-0.0954884503108306, 53.4859889965573], [-0.0752620038904992, 53.4893357399272], [-0.0650454106098383, 53.5187396577703], [-0.0147992888545281, 53.5153685728982], [0.015357143585453, 53.5281192425045], [0.0176321787622001, 53.5254945037549], [0.0335151632718601, 53.5221441135103], [0.0205627591001263, 53.5184029350289], [0.0353211870879786, 53.5191807832157], [0.036920843518465, 53.5105095102703], [0.0360506269937293, 53.5216864094768], [0.0406982824205343, 53.5079741633779], [0.0444252157090361, 53.5142352436025], [0.0610893460666, 53.512373308132], [0.0268254714690165, 53.5297075705465], [0.0765574144517849, 53.513173386589], [0.0867144039573348, 53.5156628353315], [0.0844941024960737, 53.499431097319], [0.0907336824378426, 53.4919116726897], [0.101288391976022, 53.4945705290704], [0.100800187538196, 53.4846392959177], [0.108409103901062, 53.4844468552741], [0.115104154046365, 53.4842771253588], [0.108620379622796, 53.4887082368999], [0.103865542357906, 53.491956962255], [0.108669409852001, 53.4896975205884], [0.121294177169869, 53.4837575586306], [0.108698149414543, 53.4902773854351], [0.102879150609792, 53.4932882406547], [0.108887081582344, 53.4940888169618], [0.112879630545523, 53.4946206524473], [0.109371718165889, 53.5038638013091], [0.108894205897031, 53.5051217087889], [0.109426473979885, 53.5049679297956], [0.129307310551929, 53.4992216135899], [0.134575660153346, 53.4849188904056], [0.143210086871728, 53.4854186429343], [0.138647967656849, 53.4948981153961], [0.14670157873539, 53.4929351731485], [0.166167939214643, 53.4770987904862], [0.17363292641706, 53.4710219351424], [0.165327314429521, 53.4738142430231], [0.179382144359134, 53.4434414948841], [0.190483007558852, 53.4382965356059], [0.175425306266687, 53.436992609047], [0.191214073255705, 53.437427100403], [0.211050013199773, 53.4173962769271], [0.189482788016447, 53.4173260114833], [0.213084786958964, 53.4166096932645], [0.212519722545717, 53.4160681497477], [0.212144840361191, 53.4160877016781], [0.206382924850026, 53.4101857070746], [0.212232953907791, 53.4157933100615], [0.214375603613943, 53.4086334445589], [0.214157638630118, 53.4159967854498], [0.23139876951704, 53.4024007949384], [0.260508164263254, 53.3592650897364], [0.274451481687203, 53.3322285592378], [0.321807712127053, 53.2664691644371], [0.355613002033039, 53.1920703875955], [0.34938034708227, 53.1140030975909], [0.349234252655536, 53.1121680937899], [0.337989197869103, 53.1017805106042], [0.337605952200263, 53.1014263798277], [0.334087823123141, 53.0867342125618], [0.334949187234994, 53.0943998313161], [0.319193343319515, 53.0917423829998], [0.318864473382667, 53.0910713569981], [0.299240759473107, 53.0907296033659], [0.315671925180615, 53.088739209231], [0.288436246155754, 53.0757361191893], [0.281788474293144, 53.0801043299036], [0.287476037263319, 53.0748854558599], [0.257194075523941, 53.0637750500138], [0.268903711100709, 53.0631657513681], [0.258239648719621, 53.0564513065349], [0.248824995771355, 53.0521942995796], [0.242867852092857, 53.0571768601319], [0.248588097239177, 53.0518830276379], [0.236045432937542, 53.0530536477468], [0.244553084425172, 53.0486200688486], [0.199587103225464, 53.0326456083714], [0.199585324099437, 53.0326447026165]]]}}, {"id": "159", "type": "Feature", "properties": {"LAD22CD": "E07000138", "LAD22NM": "Lincoln"}, "geometry": {"type": "Polygon", "coordinates": [[[-0.495118460732746, 53.2252591456533], [-0.530239206605408, 53.2174997509783], [-0.539576379967853, 53.2039529656868], [-0.548839773642386, 53.2058631837536], [-0.552843479414256, 53.1863260710722], [-0.564428804572543, 53.1870028967686], [-0.61973537369394, 53.2080564674487], [-0.615666393157136, 53.2219109041685], [-0.570727190024195, 53.2296117844263], [-0.595111924372057, 53.2451701910172], [-0.514294506100039, 53.253980601246], [-0.496012166981052, 53.2471907558153], [-0.495118460732746, 53.2252591456533]]]}}, {"id": "160", "type": "Feature", "properties": {"LAD22CD": "E07000139", "LAD22NM": "North Kesteven"}, "geometry": {"type": "Polygon", "coordinates": [[[-0.595111924372057, 53.2451701910172], [-0.570727190024195, 53.2296117844263], [-0.615666393157136, 53.2219109041685], [-0.61973537369394, 53.2080564674487], [-0.564428804572543, 53.1870028967686], [-0.552843479414256, 53.1863260710722], [-0.548839773642386, 53.2058631837536], [-0.539576379967853, 53.2039529656868], [-0.530239206605408, 53.2174997509783], [-0.495118460732746, 53.2252591456533], [-0.381867563043633, 53.2319581075016], [-0.352433077343622, 53.227921164222], [-0.319404342476346, 53.1849482942825], [-0.289650494644498, 53.1793657728158], [-0.226236727333366, 53.1249003296754], [-0.219318516789125, 53.0962508430363], [-0.196596582518654, 53.0834379367843], [-0.19611968531666, 53.0695566904891], [-0.210939057909469, 53.0699415032939], [-0.224945274435561, 53.0299994289058], [-0.189890522849971, 52.9964096722477], [-0.246705114012854, 52.9288324752047], [-0.256495923366334, 52.9058834991008], [-0.322830151658847, 52.9175299527246], [-0.357893459219591, 52.9156507475207], [-0.365824278779673, 52.8979311045499], [-0.437340926166954, 52.8869959783769], [-0.445331962470594, 52.9005719637418], [-0.46975593282411, 52.9011884024851], [-0.489207639307169, 52.9134700045954], [-0.493975083029989, 52.9207380209547], [-0.479487583437033, 52.9314244774152], [-0.494153071278651, 52.9538474772594], [-0.510006490558085, 52.9475734580903], [-0.517845823098921, 52.9602881733246], [-0.55409911111268, 52.9544308879631], [-0.543156523819534, 52.9717425142686], [-0.526173082705633, 52.9693872217783], [-0.522814221396275, 53.0496419669518], [-0.584939309954588, 53.0456766665542], [-0.689888640988675, 53.0597627334977], [-0.705929513963481, 53.0520029630404], [-0.716203841365838, 53.0590587016488], [-0.713466500275659, 53.0660465540168], [-0.695132072842781, 53.0662902240033], [-0.729617825692047, 53.0979020211063], [-0.716755387970816, 53.1161847968106], [-0.732407362918311, 53.1278015877576], [-0.715375394751415, 53.136882863606], [-0.718160267478104, 53.1772877899828], [-0.764018606606756, 53.182575432889], [-0.730569016450559, 53.2107564502185], [-0.714752926702038, 53.207607769642], [-0.697616436379696, 53.2202372907865], [-0.675872140728609, 53.2176443564103], [-0.666577004989044, 53.2397024965169], [-0.648463664459573, 53.2434134811074], [-0.648376866548705, 53.2531678280879], [-0.622480856346262, 53.2581302454031], [-0.595111924372057, 53.2451701910172]]]}}, {"id": "161", "type": "Feature", "properties": {"LAD22CD": "E07000140", "LAD22NM": "South Holland"}, "geometry": {"type": "Polygon", "coordinates": [[[0.027124639557576, 52.8984938210467], [0.0380752444150802, 52.9050609460793], [0.0374215637733987, 52.9033243088796], [0.0408309524834159, 52.9065867619452], [0.0685508565176829, 52.9187349195823], [0.069157797580135, 52.908215533813], [0.0563762601847459, 52.9033926270039], [0.0733777427185805, 52.906084841956], [0.0769905204523366, 52.8980744354282], [0.0798194631651481, 52.8975354709472], [0.145014386349435, 52.8850924735135], [0.136016531757814, 52.8745208753676], [0.150286836905936, 52.8823932995595], [0.176331510149807, 52.874116224234], [0.214268020679957, 52.8289513668578], [0.197208479704059, 52.8297494016297], [0.215079923686474, 52.8284803929697], [0.214918253239018, 52.8228492730673], [0.204372826472305, 52.7815677995402], [0.216813149561601, 52.8208834007087], [0.245249322896739, 52.8221806026798], [0.265742386926046, 52.8139068491191], [0.245084460578009, 52.7845238068033], [0.272208555754368, 52.7728063615101], [0.186323197484379, 52.7353486313374], [0.171626068420179, 52.7380317024757], [0.132975309366633, 52.7393044772068], [0.0890164630047332, 52.7236308013072], [0.0636266193206916, 52.7273915095045], [0.0441494759872833, 52.7143823496307], [0.0485664016375671, 52.6814016602111], [0.0215003524278174, 52.6648872884646], [-0.0312706832650579, 52.6615327439854], [-0.0637138143765743, 52.6752330946213], [-0.087752503198597, 52.6667860926836], [-0.102195958212229, 52.6722061953853], [-0.14106199482318, 52.6515074247825], [-0.180020104975691, 52.6605611585471], [-0.192867813968712, 52.652438511053], [-0.212501332962663, 52.6666794930237], [-0.26718009653159, 52.6990861545799], [-0.306679523463898, 52.743436447567], [-0.260668749033295, 52.7710178126179], [-0.276331834129263, 52.8612042113157], [-0.270887806844602, 52.8721079104194], [-0.257030341655612, 52.8671871201336], [-0.269519411161286, 52.8769572051748], [-0.256495923366334, 52.9058834991008], [-0.246705114012854, 52.9288324752047], [-0.156586336630267, 52.9120947672282], [-0.142651723736895, 52.8849077420228], [-0.118583461895069, 52.8823801573412], [-0.0847935037941669, 52.8645464531661], [-0.0403485265769237, 52.8684505747377], [0.027124639557576, 52.8984938210467]]]}}, {"id": "162", "type": "Feature", "properties": {"LAD22CD": "E07000141", "LAD22NM": "South Kesteven"}, "geometry": {"type": "Polygon", "coordinates": [[[-0.256495923366334, 52.9058834991008], [-0.269519411161286, 52.8769572051748], [-0.257030341655612, 52.8671871201336], [-0.270887806844602, 52.8721079104194], [-0.276331834129263, 52.8612042113157], [-0.260668749033295, 52.7710178126179], [-0.306679523463898, 52.743436447567], [-0.26718009653159, 52.6990861545799], [-0.212501332962663, 52.6666794930237], [-0.260753908799236, 52.6514179778757], [-0.289240338532188, 52.6702761885072], [-0.335037147761973, 52.6748659736262], [-0.35022233897229, 52.6616146845684], [-0.405681264519019, 52.6480460971361], [-0.452694588690005, 52.6542776648339], [-0.494773452953128, 52.6403140726876], [-0.495025802128916, 52.6402363852471], [-0.523586001633851, 52.6652337202479], [-0.50667432122478, 52.6595259212941], [-0.456191200774775, 52.6703934333934], [-0.434054536211506, 52.6837050717487], [-0.430443229209799, 52.7054219474813], [-0.49453090710973, 52.7096532797771], [-0.542433641184147, 52.7232814494385], [-0.539974276076003, 52.7384017547715], [-0.572636470370485, 52.7531090381208], [-0.6054438425778, 52.7504929444177], [-0.610288468749071, 52.759821379638], [-0.664101453534753, 52.756710460936], [-0.682248172878789, 52.8121646787143], [-0.742722542356135, 52.8831571783624], [-0.766592056271416, 52.8867983634491], [-0.758468269907546, 52.9004900497834], [-0.776859443622395, 52.9048089050897], [-0.754950088765391, 52.9495561932311], [-0.778437336497995, 52.959313820404], [-0.778278647253454, 52.97692337951], [-0.80408612641495, 53.0125054042472], [-0.795824908778034, 53.0105980780874], [-0.788413809258192, 53.0258533556871], [-0.760826457019771, 53.0294103391587], [-0.749554900937766, 53.0551098447195], [-0.716203841365838, 53.0590587016488], [-0.705929513963481, 53.0520029630404], [-0.689888640988675, 53.0597627334977], [-0.584939309954588, 53.0456766665542], [-0.522814221396275, 53.0496419669518], [-0.526173082705633, 52.9693872217783], [-0.543156523819534, 52.9717425142686], [-0.55409911111268, 52.9544308879631], [-0.517845823098921, 52.9602881733246], [-0.510006490558085, 52.9475734580903], [-0.494153071278651, 52.9538474772594], [-0.479487583437033, 52.9314244774152], [-0.493975083029989, 52.9207380209547], [-0.489207639307169, 52.9134700045954], [-0.46975593282411, 52.9011884024851], [-0.445331962470594, 52.9005719637418], [-0.437340926166954, 52.8869959783769], [-0.365824278779673, 52.8979311045499], [-0.357893459219591, 52.9156507475207], [-0.322830151658847, 52.9175299527246], [-0.256495923366334, 52.9058834991008]]]}}, {"id": "163", "type": "Feature", "properties": {"LAD22CD": "E07000142", "LAD22NM": "West Lindsey"}, "geometry": {"type": "Polygon", "coordinates": [[[-0.29211512919743, 53.6132674312187], [-0.24847604907361, 53.5936636925887], [-0.251395553409818, 53.584653076988], [-0.234668675193634, 53.586250419398], [-0.222558901329779, 53.5680169282635], [-0.195185374970214, 53.5716193575954], [-0.189340889945024, 53.5659225885263], [-0.219879989463282, 53.5326100488044], [-0.210589579218055, 53.5317064650029], [-0.204086448790055, 53.5117673428116], [-0.210604976147154, 53.4862884751414], [-0.188565229273785, 53.4845380584939], [-0.181804717740498, 53.4686494122524], [-0.153680016923717, 53.4656777580012], [-0.149227746736442, 53.4466996653901], [-0.131879272038797, 53.4359393973431], [-0.180523848023102, 53.4407022488562], [-0.214467738175562, 53.4286375001857], [-0.206023397059548, 53.4084350035913], [-0.229394388933294, 53.3980579625373], [-0.204871144805472, 53.3718864370462], [-0.255899017714339, 53.3441420189408], [-0.255251658026981, 53.3300402123996], [-0.275517873649116, 53.3218268981914], [-0.293312645836236, 53.3344768002127], [-0.310260818097815, 53.3200026493188], [-0.295572290080823, 53.3029820964671], [-0.317460783443738, 53.2982512595202], [-0.316443359257324, 53.2794716479515], [-0.301895659311535, 53.2753404851243], [-0.300825348202662, 53.2639737593862], [-0.289817639897854, 53.2639890915465], [-0.30043373851358, 53.2620883777684], [-0.280242815548857, 53.2497647932729], [-0.276004810707717, 53.2341841042528], [-0.302263333382541, 53.2104251273063], [-0.289650494644498, 53.1793657728158], [-0.319404342476346, 53.1849482942825], [-0.352433077343622, 53.227921164222], [-0.381867563043633, 53.2319581075016], [-0.495118460732746, 53.2252591456533], [-0.496012166981052, 53.2471907558153], [-0.514294506100039, 53.253980601246], [-0.595111924372057, 53.2451701910172], [-0.622480856346262, 53.2581302454031], [-0.648376866548705, 53.2531678280879], [-0.648463664459573, 53.2434134811074], [-0.666577004989044, 53.2397024965169], [-0.688027280325921, 53.2583912407031], [-0.734150803388177, 53.2540040459026], [-0.73508333879074, 53.2438739831484], [-0.77707445272525, 53.2469081695812], [-0.764279778594267, 53.2727392389111], [-0.778125134023722, 53.2838542983806], [-0.763502149436118, 53.2994375870592], [-0.7509672806112, 53.2936023704112], [-0.747138182399111, 53.3043331964575], [-0.749955286880473, 53.324218319306], [-0.766473605946302, 53.3301074983394], [-0.75861635902076, 53.3538375874827], [-0.774459228767948, 53.3644324688258], [-0.791132345567737, 53.3635515399955], [-0.775235921241154, 53.3777587756085], [-0.790442566301084, 53.3858538485282], [-0.77713967926781, 53.3969143896921], [-0.788624379569326, 53.4152612769651], [-0.818092247122536, 53.4269787990146], [-0.820515392196552, 53.4407478802065], [-0.797483349537156, 53.4550644469113], [-0.784364875033277, 53.4633795465991], [-0.784388777567045, 53.4766692157187], [-0.771568244935175, 53.4792015606648], [-0.768109606084077, 53.4989256083412], [-0.752113860480161, 53.500530608656], [-0.739591684118626, 53.5199359490779], [-0.624491104429227, 53.5128392148578], [-0.629752674978015, 53.4582189924615], [-0.551791237347267, 53.4595200188781], [-0.471749465254693, 53.4748729017697], [-0.486630004727343, 53.4804701677829], [-0.488383657821996, 53.5048602245041], [-0.405074524830151, 53.5176169033637], [-0.408145080459695, 53.5321088685983], [-0.430664749921137, 53.5463371564568], [-0.50125785289296, 53.5374615766105], [-0.490919376490564, 53.5458744545144], [-0.467018371437879, 53.5489606923849], [-0.429001046046789, 53.5745247151217], [-0.41696297298743, 53.5632146898956], [-0.335938821094677, 53.5586265922375], [-0.300743140941247, 53.5952836309763], [-0.308555246775199, 53.6143287578592], [-0.29211512919743, 53.6132674312187]]]}}, {"id": "164", "type": "Feature", "properties": {"LAD22CD": "E07000143", "LAD22NM": "Breckland"}, "geometry": {"type": "Polygon", "coordinates": [[[0.993595563736057, 52.798360130469], [1.00024100685239, 52.7657853254176], [1.04477167586478, 52.7690433619161], [1.05109033212312, 52.7504129841557], [1.08024376204267, 52.7409573877092], [1.08855324374822, 52.7231945138689], [1.10520292235781, 52.7146933545914], [1.08424744080033, 52.7025432124078], [1.10832230213001, 52.6825228094119], [1.09769532453148, 52.6497571881857], [1.0789850585888, 52.6487396114135], [1.07464965721593, 52.6381682669594], [1.05443160319313, 52.6633292123355], [1.04309623570674, 52.646511506676], [1.02355341005236, 52.6397518949431], [1.01886566194489, 52.6157456113418], [1.03690078392437, 52.6157979371521], [1.03948553904799, 52.5881729211356], [0.963777554477301, 52.5946439830528], [0.953711887586994, 52.5849422144167], [0.962188162284998, 52.5811771724996], [0.947028051906419, 52.575832526637], [0.973508910176613, 52.5547936543748], [1.03378942157567, 52.5374722652502], [1.06139961589719, 52.5371837183005], [1.09528850619334, 52.5183222367236], [1.07895302299997, 52.5070094399482], [1.09464888459413, 52.4602774017586], [1.0731496208433, 52.4547552402787], [1.05713609835948, 52.4200913916736], [1.04279915998169, 52.4256535017812], [1.0212675472306, 52.4163789356085], [1.03410180611481, 52.4157766123154], [1.02141653334724, 52.4059715001546], [1.02995703023961, 52.3787354707697], [0.967471013014227, 52.3701127866583], [0.930232140374662, 52.388838223642], [0.866872972281114, 52.3903459075399], [0.840930010077761, 52.4007964602404], [0.808172226111564, 52.3895244619185], [0.765966099968042, 52.3903574978612], [0.747404613361451, 52.3831865529757], [0.737589057243696, 52.3951383208205], [0.690769162292105, 52.3975309961829], [0.668498405684804, 52.4089744007281], [0.718652932708369, 52.4497079722705], [0.68397338808772, 52.4531649536221], [0.66632259090494, 52.4625083462197], [0.641832795782061, 52.4509649991787], [0.582501080763578, 52.4518613705246], [0.613366574939682, 52.5316344036079], [0.579834025686101, 52.5595721712369], [0.536615894431817, 52.5658042898853], [0.530523497608883, 52.5760931986972], [0.564176066562852, 52.5964662134376], [0.578507877662727, 52.6535150892683], [0.562176977907956, 52.6552955715408], [0.564736336268216, 52.6715897634956], [0.55098193693527, 52.6805208584252], [0.61198953416129, 52.699970969644], [0.626018539049057, 52.7018137082571], [0.647748882789367, 52.6906779890292], [0.653757916232628, 52.7040643586161], [0.687779367606846, 52.6979346659612], [0.711029187941861, 52.7090061524916], [0.718227293937456, 52.7217939448202], [0.70112740422226, 52.7361914269572], [0.668133232960425, 52.7405569663694], [0.688725333662393, 52.751971709214], [0.690084629016891, 52.7700345965671], [0.707938541626203, 52.788471945511], [0.795830918139486, 52.769097124227], [0.839443297458997, 52.8111265219668], [0.86541919288883, 52.8074282067164], [0.890788931203673, 52.7907168333923], [0.917646446440741, 52.8033124052332], [0.938442435926573, 52.7879726822227], [0.936844100618029, 52.7955805705964], [0.967662626261251, 52.807737707054], [0.993595563736057, 52.798360130469]]]}}, {"id": "165", "type": "Feature", "properties": {"LAD22CD": "E07000144", "LAD22NM": "Broadland"}, "geometry": {"type": "Polygon", "coordinates": [[[1.25108259963859, 52.8205222605915], [1.25458861952036, 52.8134471764758], [1.27412542426518, 52.8188199731139], [1.28888250409315, 52.8046676641846], [1.30819930813922, 52.8068095895211], [1.31479230064, 52.7796957884046], [1.35700623176759, 52.7462705926445], [1.38765966727958, 52.7400074167535], [1.39733110439214, 52.7291060076058], [1.40590063608155, 52.7325142870333], [1.40244393720517, 52.715700432497], [1.42398606367433, 52.7034577923183], [1.41857385003315, 52.6919002989685], [1.43444560409194, 52.6895749935132], [1.44142812632381, 52.7014505023144], [1.46095728669355, 52.7056645840165], [1.47396531692767, 52.6893075045196], [1.48811009934787, 52.6932827099841], [1.49489152830311, 52.6871726764172], [1.51194427776104, 52.6900347158583], [1.51224512812449, 52.6816350411437], [1.51893553370235, 52.6869651989442], [1.54921374413448, 52.6815417842342], [1.56808055257896, 52.6378511139666], [1.59048361434122, 52.6382288002893], [1.60532952996843, 52.6240242906802], [1.64420867038343, 52.6304052137436], [1.67717455293514, 52.6140190806809], [1.64197672919657, 52.604227673581], [1.63101020653619, 52.5925017498981], [1.64681231110017, 52.5890922700778], [1.62301933546576, 52.5742308000171], [1.60752521123045, 52.5740325673089], [1.59180555646641, 52.5580432541314], [1.54058399920127, 52.5555931595448], [1.52240618300701, 52.5627089283031], [1.51843751737937, 52.5758310449798], [1.4977934646546, 52.5713191714991], [1.48467878322701, 52.587781656636], [1.45365881170404, 52.594369166188], [1.43409454646316, 52.6197416210779], [1.41477665767869, 52.6209885371393], [1.40033108259077, 52.61199945106], [1.38907415349396, 52.6049906903857], [1.387548034358, 52.6040402405875], [1.36933178521193, 52.6241138858038], [1.36177884698382, 52.6239555402396], [1.32816700108361, 52.6232450576443], [1.3252853193424, 52.6231837202796], [1.34057280356587, 52.6497037896318], [1.3229765785634, 52.6450242247629], [1.29260098356352, 52.65492794957], [1.30018441402634, 52.6768559668829], [1.29233000873307, 52.6849351236194], [1.28294526256745, 52.6773351609882], [1.26285930653953, 52.6774055351358], [1.28426219966871, 52.6576427497524], [1.24850807288233, 52.647743163614], [1.23418840299529, 52.668075733109], [1.21827531582857, 52.6728080192608], [1.20509756188853, 52.6600213701701], [1.19074158464773, 52.6785425474329], [1.17376479207634, 52.6651667993078], [1.14729632159643, 52.6713663264046], [1.13524482492509, 52.6428594948174], [1.09769532453148, 52.6497571881857], [1.10832230213001, 52.6825228094119], [1.08424744080033, 52.7025432124078], [1.10520292235781, 52.7146933545914], [1.08855324374822, 52.7231945138689], [1.08024376204267, 52.7409573877092], [1.05109033212312, 52.7504129841557], [1.04477167586478, 52.7690433619161], [1.00024100685239, 52.7657853254176], [0.993595563736057, 52.798360130469], [1.02228022825475, 52.8000309471855], [1.03526283921457, 52.8118272928564], [1.0879021025879, 52.815846617301], [1.10178892592779, 52.829343655469], [1.14960114849772, 52.812104996268], [1.14527048180662, 52.8239074701461], [1.15645453665868, 52.8217003129147], [1.17259684212461, 52.8306138134714], [1.19338825216963, 52.8153177407955], [1.21438805158281, 52.8297135929567], [1.25108259963859, 52.8205222605915]]]}}, {"id": "166", "type": "Feature", "properties": {"LAD22CD": "E07000145", "LAD22NM": "Great Yarmouth"}, "geometry": {"type": "Polygon", "coordinates": [[[1.7402347174938, 52.532086642135], [1.72600396630919, 52.530642210805], [1.70200760958483, 52.5446606889162], [1.66771403660963, 52.5502446806417], [1.62858219413556, 52.5260180537284], [1.60582469300421, 52.5448706696815], [1.64856480110717, 52.5762597632047], [1.64681231110017, 52.5890922700778], [1.63101020653619, 52.5925017498981], [1.64197672919657, 52.604227673581], [1.67717455293514, 52.6140190806809], [1.64420867038343, 52.6304052137436], [1.60532952996843, 52.6240242906802], [1.59048361434122, 52.6382288002893], [1.56808055257896, 52.6378511139666], [1.54921374413448, 52.6815417842342], [1.55066076175355, 52.6993647597735], [1.61931306231951, 52.7175860722469], [1.63929336434014, 52.7343197582868], [1.67486942618361, 52.7425752926801], [1.69756589320841, 52.7235362802918], [1.69945542099937, 52.7198940801058], [1.73696573101333, 52.6474630643088], [1.74355917215289, 52.5742791179601], [1.74002099017134, 52.574228385339], [1.74005459885466, 52.5675766401717], [1.73314975594608, 52.5565691572312], [1.74023225496099, 52.5325703570471], [1.7402347174938, 52.532086642135]]]}}, {"id": "167", "type": "Feature", "properties": {"LAD22CD": "E07000146", "LAD22NM": "King's Lynn and West Norfolk"}, "geometry": {"type": "MultiPolygon", "coordinates": [[[[0.781702722483496, 52.9783681756972], [0.789872474531785, 52.8998508773454], [0.816990319700058, 52.9000673387631], [0.821569075850233, 52.8928574204099], [0.806896433224581, 52.8794380756437], [0.794871833323118, 52.8835102951114], [0.790969959741264, 52.859883141154], [0.727774001373804, 52.8553386830594], [0.725084114481119, 52.8428734372567], [0.756336655100949, 52.8164392102802], [0.707938541626203, 52.788471945511], [0.690084629016891, 52.7700345965671], [0.688725333662393, 52.751971709214], [0.668133232960425, 52.7405569663694], [0.70112740422226, 52.7361914269572], [0.718227293937456, 52.7217939448202], [0.711029187941861, 52.7090061524916], [0.687779367606846, 52.6979346659612], [0.653757916232628, 52.7040643586161], [0.647748882789367, 52.6906779890292], [0.626018539049057, 52.7018137082571], [0.61198953416129, 52.699970969644], [0.55098193693527, 52.6805208584252], [0.564736336268216, 52.6715897634956], [0.562176977907956, 52.6552955715408], [0.578507877662727, 52.6535150892683], [0.564176066562852, 52.5964662134376], [0.530523497608883, 52.5760931986972], [0.536615894431817, 52.5658042898853], [0.579834025686101, 52.5595721712369], [0.613366574939682, 52.5316344036079], [0.582501080763578, 52.4518613705246], [0.554704781403604, 52.4560251879721], [0.52366248098813, 52.4481795781055], [0.445538699626893, 52.4473717805671], [0.429344099524506, 52.4364266700427], [0.428529094955595, 52.4546526146309], [0.380706411169306, 52.4795394587225], [0.367062169051718, 52.5011737855372], [0.309360655162502, 52.5136222736722], [0.256476359467244, 52.5077142918304], [0.246040899012424, 52.4998913009411], [0.236319141863767, 52.5072905693362], [0.206123341125585, 52.5196351215419], [0.230591211600485, 52.5279099439945], [0.205847372735243, 52.5338508152413], [0.213145009972898, 52.5381717006166], [0.203871743966295, 52.5454050574981], [0.214625645028992, 52.549106661398], [0.205139877280549, 52.5479008832994], [0.204708359463945, 52.5546561656616], [0.217238460682305, 52.5605940019842], [0.205631532529288, 52.5655691362133], [0.218411900456042, 52.5725991314084], [0.191597447569428, 52.598960635534], [0.219300091055415, 52.6218124223759], [0.16992534130976, 52.6504354938339], [0.18384177886579, 52.6556620737875], [0.184716621631441, 52.6778946663696], [0.153570700388405, 52.6822231833906], [0.171626068420179, 52.7380317024757], [0.186323197484379, 52.7353486313374], [0.272208555754368, 52.7728063615101], [0.245084460578009, 52.7845238068033], [0.265742386926046, 52.8139068491191], [0.267446588460357, 52.8132184983809], [0.285057668137962, 52.8118263203045], [0.278395877626789, 52.8161148328737], [0.287556056725675, 52.8192343912636], [0.290376778901075, 52.813126825116], [0.315488910328415, 52.8188364806431], [0.344591126191338, 52.8142684295104], [0.334354789357874, 52.8102022470232], [0.345887042886284, 52.813598595303], [0.338930305129746, 52.8076485112689], [0.352091102081896, 52.8093603173592], [0.345327245104745, 52.8032968992617], [0.35382719525255, 52.8063124684799], [0.362445909182256, 52.7966615210538], [0.370922078202803, 52.7826687917931], [0.38853539112662, 52.7535630100236], [0.392270008869379, 52.747386522086], [0.389333262077628, 52.7535469312624], [0.374646612709678, 52.784329355939], [0.381462777970733, 52.7887595602234], [0.374153487645857, 52.7852940916572], [0.371289074166856, 52.7894180015519], [0.362774256349891, 52.8016719578582], [0.370302904371419, 52.8023638687585], [0.358254502339108, 52.8077623427706], [0.372476429848191, 52.8112315517815], [0.381210291419371, 52.8133609098932], [0.372569027054518, 52.8129316952256], [0.357554030835117, 52.8121843791636], [0.372988293555394, 52.8206304318267], [0.402614434250857, 52.8368276634646], [0.411648261401804, 52.8325557473558], [0.405081459543423, 52.8376932067566], [0.433003256027465, 52.8530996757149], [0.444560012817238, 52.8534376109184], [0.449586327331554, 52.8424175010636], [0.444878314154611, 52.8728586101876], [0.480282591568989, 52.9315149029533], [0.490249606384367, 52.9479963906688], [0.541634963466823, 52.9751711069278], [0.569348921137171, 52.9753006674231], [0.561638149776694, 52.9719065696807], [0.576264084204169, 52.9640222278096], [0.58638144312343, 52.9728996148812], [0.586989169784313, 52.9659495294257], [0.592218843670143, 52.970961389718], [0.590079582611497, 52.9646779304102], [0.603482404366741, 52.9657921050902], [0.587927232268307, 52.9770705055609], [0.617747119151516, 52.9727300148537], [0.613925703581596, 52.9660093895254], [0.626238652624348, 52.9673915088488], [0.622776745171226, 52.9737869394845], [0.671583284579629, 52.9775154938964], [0.668845953813996, 52.9700585844216], [0.638619456060705, 52.9708681338762], [0.643469471553407, 52.9662187407374], [0.678875889784711, 52.9673162596726], [0.684717255782904, 52.9674963077783], [0.700069965460583, 52.9735275662484], [0.680041208341459, 52.9694792772137], [0.69379881960157, 52.978983278718], [0.715512467545669, 52.9718471662464], [0.748045016244384, 52.9748024583807], [0.750537193979065, 52.9725798680352], [0.746302711245387, 52.9661849823927], [0.747599712749606, 52.9726003415778], [0.731746143493666, 52.9727095840603], [0.731603855220474, 52.961139843901], [0.757834038669975, 52.969380843832], [0.753634533817098, 52.975088183066], [0.764476660287398, 52.976593712039], [0.75058726427889, 52.9767437523815], [0.781524040264648, 52.9783976921664], [0.781702722483496, 52.9783681756972]]], [[[0.695431176239618, 52.9869161110841], [0.75100375951988, 52.9781731447079], [0.721725241249031, 52.9824910799091], [0.716592290742357, 52.9773571205732], [0.718928305496478, 52.9827700138808], [0.711043461567866, 52.9786968809804], [0.703495826588303, 52.9837648896913], [0.700925367100904, 52.9791711626033], [0.703373068550493, 52.9852209304048], [0.697611846999556, 52.9806712994043], [0.690356200190578, 52.9869941686722], [0.696512564907587, 52.9808830161582], [0.685417788474288, 52.9832275209772], [0.682107708381526, 52.9774117889823], [0.685885539553471, 52.9867370506931], [0.680070904313345, 52.9866407005841], [0.658053979870343, 52.9862733491537], [0.680117030030948, 52.9873866949632], [0.686500602859035, 52.9877080662438], [0.695431176239618, 52.9869161110841]]]]}}, {"id": "168", "type": "Feature", "properties": {"LAD22CD": "E07000147", "LAD22NM": "North Norfolk"}, "geometry": {"type": "MultiPolygon", "coordinates": [[[[0.912456339387194, 52.963996740283], [0.89168039512801, 52.9619050986592], [0.902493773786581, 52.9659933585891], [0.912456339387194, 52.963996740283]]], [[[0.905252761919378, 52.9680578345621], [0.879713220351256, 52.9591031123286], [0.886610216489021, 52.9625761306659], [0.875650893504332, 52.9673048728164], [0.886149431184195, 52.9640630876053], [0.894187439816898, 52.9707774140243], [0.905252761919378, 52.9680578345621]]], [[[0.878113972196959, 52.9758624686241], [0.88372450704003, 52.9650367782005], [0.866719494553699, 52.9761157965254], [0.872053130086781, 52.9691358973434], [0.867868964021734, 52.9734268275889], [0.854815886035976, 52.9667493521165], [0.866597863393481, 52.9786807735577], [0.878113972196959, 52.9758624686241]]], [[[1.00685571148234, 52.9743043522984], [1.01022065239187, 52.9735181286445], [1.12422372963958, 52.9513225120045], [1.27229224638306, 52.9358695120027], [1.30104676687413, 52.9328458143432], [1.36009696601796, 52.9098801842807], [1.43213817182829, 52.8817894026792], [1.56011740342889, 52.8154068594305], [1.58646071859618, 52.8017009236176], [1.67486942618361, 52.7425752926801], [1.63929336434014, 52.7343197582868], [1.61931306231951, 52.7175860722469], [1.55066076175355, 52.6993647597735], [1.54921374413448, 52.6815417842342], [1.51893553370235, 52.6869651989442], [1.51224512812449, 52.6816350411437], [1.51194427776104, 52.6900347158583], [1.49489152830311, 52.6871726764172], [1.48811009934787, 52.6932827099841], [1.47396531692767, 52.6893075045196], [1.46095728669355, 52.7056645840165], [1.44142812632381, 52.7014505023144], [1.43444560409194, 52.6895749935132], [1.41857385003315, 52.6919002989685], [1.42398606367433, 52.7034577923183], [1.40244393720517, 52.715700432497], [1.40590063608155, 52.7325142870333], [1.39733110439214, 52.7291060076058], [1.38765966727958, 52.7400074167535], [1.35700623176759, 52.7462705926445], [1.31479230064, 52.7796957884046], [1.30819930813922, 52.8068095895211], [1.28888250409315, 52.8046676641846], [1.27412542426518, 52.8188199731139], [1.25458861952036, 52.8134471764758], [1.25108259963859, 52.8205222605915], [1.21438805158281, 52.8297135929567], [1.19338825216963, 52.8153177407955], [1.17259684212461, 52.8306138134714], [1.15645453665868, 52.8217003129147], [1.14527048180662, 52.8239074701461], [1.14960114849772, 52.812104996268], [1.10178892592779, 52.829343655469], [1.0879021025879, 52.815846617301], [1.03526283921457, 52.8118272928564], [1.02228022825475, 52.8000309471855], [0.993595563736057, 52.798360130469], [0.967662626261251, 52.807737707054], [0.936844100618029, 52.7955805705964], [0.938442435926573, 52.7879726822227], [0.917646446440741, 52.8033124052332], [0.890788931203673, 52.7907168333923], [0.86541919288883, 52.8074282067164], [0.839443297458997, 52.8111265219668], [0.795830918139486, 52.769097124227], [0.707938541626203, 52.788471945511], [0.756336655100949, 52.8164392102802], [0.725084114481119, 52.8428734372567], [0.727774001373804, 52.8553386830594], [0.790969959741264, 52.859883141154], [0.794871833323118, 52.8835102951114], [0.806896433224581, 52.8794380756437], [0.821569075850233, 52.8928574204099], [0.816990319700058, 52.9000673387631], [0.789872474531785, 52.8998508773454], [0.781702722483496, 52.9783681756972], [0.812507990778506, 52.9732749163076], [0.845365088686037, 52.9776552573056], [0.851017636963859, 52.9577771612328], [0.869617836613959, 52.9547881507663], [0.905442767433955, 52.9624367508906], [0.909320847485536, 52.9568772396867], [0.91063711682205, 52.9633215401135], [0.916903077952297, 52.962456347187], [0.914622551657334, 52.9636649189961], [0.920983799050499, 52.9661906036701], [0.936507921272435, 52.9576696194423], [0.976453044378328, 52.9628272156253], [0.983985947821146, 52.9637981718988], [1.01450755993171, 52.962999667153], [1.01060170679714, 52.9550193280407], [1.0305275258189, 52.9666083967421], [1.00294765087697, 52.9738912312843], [0.977077850478483, 52.9719123737569], [0.969859306983983, 52.9713592009635], [0.95800609056073, 52.969305267068], [0.974973352016767, 52.9803539889175], [0.977623821862181, 52.979851451625], [1.00685571148234, 52.9743043522984]]]]}}, {"id": "169", "type": "Feature", "properties": {"LAD22CD": "E07000148", "LAD22NM": "Norwich"}, "geometry": {"type": "Polygon", "coordinates": [[[1.32816700108361, 52.6232450576443], [1.28640210465433, 52.5961777532063], [1.25791299047834, 52.5980896766823], [1.24354551879901, 52.6171352058383], [1.23145286532477, 52.6181044658508], [1.23056516202285, 52.6309266337314], [1.21295431519191, 52.627164526929], [1.20389047148497, 52.644703803805], [1.23545363042815, 52.6409334501171], [1.24850807288233, 52.647743163614], [1.28426219966871, 52.6576427497524], [1.26285930653953, 52.6774055351358], [1.28294526256745, 52.6773351609882], [1.29233000873307, 52.6849351236194], [1.30018441402634, 52.6768559668829], [1.29260098356352, 52.65492794957], [1.3229765785634, 52.6450242247629], [1.34057280356587, 52.6497037896318], [1.3252853193424, 52.6231837202796], [1.32816700108361, 52.6232450576443]]]}}, {"id": "170", "type": "Feature", "properties": {"LAD22CD": "E07000149", "LAD22NM": "South Norfolk"}, "geometry": {"type": "Polygon", "coordinates": [[[1.19074158464773, 52.6785425474329], [1.20509756188853, 52.6600213701701], [1.21827531582857, 52.6728080192608], [1.23418840299529, 52.668075733109], [1.24850807288233, 52.647743163614], [1.23545363042815, 52.6409334501171], [1.20389047148497, 52.644703803805], [1.21295431519191, 52.627164526929], [1.23056516202285, 52.6309266337314], [1.23145286532477, 52.6181044658508], [1.24354551879901, 52.6171352058383], [1.25791299047834, 52.5980896766823], [1.28640210465433, 52.5961777532063], [1.32816700108361, 52.6232450576443], [1.36177884698382, 52.6239555402396], [1.36933178521193, 52.6241138858038], [1.387548034358, 52.6040402405875], [1.38907415349396, 52.6049906903857], [1.40033108259077, 52.61199945106], [1.41477665767869, 52.6209885371393], [1.43409454646316, 52.6197416210779], [1.45365881170404, 52.594369166188], [1.48467878322701, 52.587781656636], [1.4977934646546, 52.5713191714991], [1.51843751737937, 52.5758310449798], [1.52240618300701, 52.5627089283031], [1.54058399920127, 52.5555931595448], [1.59180555646641, 52.5580432541314], [1.60752521123045, 52.5740325673089], [1.62301933546576, 52.5742308000171], [1.64681231110017, 52.5890922700778], [1.64856480110717, 52.5762597632047], [1.60582469300421, 52.5448706696815], [1.62858219413556, 52.5260180537284], [1.65427974170962, 52.5014166495002], [1.67208067706344, 52.5038667142681], [1.6824718572743, 52.4950505688784], [1.65882710408097, 52.4684044748324], [1.64654874610189, 52.4720031493637], [1.63454251516346, 52.4629545134124], [1.61850457866027, 52.4632774828035], [1.58618952013244, 52.4786934308108], [1.56802007943695, 52.4746308730977], [1.5578231460997, 52.4576964856642], [1.52973012916731, 52.4683473365544], [1.50802174571599, 52.4617522835664], [1.48074305837944, 52.4718923988074], [1.44616961756398, 52.4560079198093], [1.42014985219332, 52.4710466444201], [1.41101790623206, 52.4615967765915], [1.43326842093664, 52.4559597435333], [1.43259225016739, 52.4453419219624], [1.40791389338578, 52.4444093171351], [1.36365762338152, 52.4274785172394], [1.34710101168893, 52.4044110222302], [1.31630320168472, 52.3873912310738], [1.28623475061443, 52.3906896612778], [1.25999663283469, 52.3710993802039], [1.21386742646296, 52.3553904430284], [1.06818590337788, 52.3785211468662], [1.02995703023961, 52.3787354707697], [1.02141653334724, 52.4059715001546], [1.03410180611481, 52.4157766123154], [1.0212675472306, 52.4163789356085], [1.04279915998169, 52.4256535017812], [1.05713609835948, 52.4200913916736], [1.0731496208433, 52.4547552402787], [1.09464888459413, 52.4602774017586], [1.07895302299997, 52.5070094399482], [1.09528850619334, 52.5183222367236], [1.06139961589719, 52.5371837183005], [1.03378942157567, 52.5374722652502], [0.973508910176613, 52.5547936543748], [0.947028051906419, 52.575832526637], [0.962188162284998, 52.5811771724996], [0.953711887586994, 52.5849422144167], [0.963777554477301, 52.5946439830528], [1.03948553904799, 52.5881729211356], [1.03690078392437, 52.6157979371521], [1.01886566194489, 52.6157456113418], [1.02355341005236, 52.6397518949431], [1.04309623570674, 52.646511506676], [1.05443160319313, 52.6633292123355], [1.07464965721593, 52.6381682669594], [1.0789850585888, 52.6487396114135], [1.09769532453148, 52.6497571881857], [1.13524482492509, 52.6428594948174], [1.14729632159643, 52.6713663264046], [1.17376479207634, 52.6651667993078], [1.19074158464773, 52.6785425474329]]]}}, {"id": "171", "type": "Feature", "properties": {"LAD22CD": "E07000163", "LAD22NM": "Craven"}, "geometry": {"type": "Polygon", "coordinates": [[[-2.00450785291312, 54.1728844397467], [-1.9925440145867, 54.1552799668731], [-1.97249237173413, 54.1580847618612], [-1.96358689157498, 54.1521301667745], [-1.94894818017681, 54.1258308163033], [-1.90561626244359, 54.1224732108453], [-1.84059412422617, 54.0705805799309], [-1.85372526410978, 54.0531223597939], [-1.87352584460094, 54.0460428008897], [-1.87243948170929, 54.0356735763959], [-1.8534697850134, 54.0287738280893], [-1.84804568155993, 54.0136706167383], [-1.83491337865126, 54.0135292774657], [-1.81673301854612, 53.9781393219124], [-1.8788823617008, 53.9542744327723], [-1.88363206868723, 53.9631653206383], [-1.89376788534251, 53.9552609060568], [-1.96618060011997, 53.9515581085872], [-1.96307646765848, 53.9334042141564], [-1.97686723160789, 53.9264177673808], [-1.95256707298634, 53.9035332799352], [-1.97941943031718, 53.9011319984765], [-1.98235931588698, 53.8688615962268], [-2.02175085543423, 53.8715375090729], [-2.04613032171259, 53.8501412464577], [-2.08991499194819, 53.8681819729435], [-2.08144705819635, 53.8756803214603], [-2.10301894796253, 53.8909412971484], [-2.11334616135047, 53.9156268544808], [-2.13222410689956, 53.9265088512197], [-2.18228142410805, 53.9353902727911], [-2.18452239163842, 53.9522641300986], [-2.1960183674942, 53.9695758455163], [-2.2257362558466, 53.9610994519679], [-2.23201544739717, 53.9712299768724], [-2.2210627540429, 53.9779275819344], [-2.23034529433424, 53.9815303435187], [-2.29431971644119, 53.9744329549656], [-2.31915123811193, 53.9938420173074], [-2.339923184361, 53.989427713568], [-2.35235757480551, 53.9946737861065], [-2.35231031317863, 54.0105389058883], [-2.33956003667455, 54.0094333175981], [-2.35732329416741, 54.019117094779], [-2.37407297715162, 54.0490890614635], [-2.42582648982368, 54.03809491029], [-2.46954984634616, 54.0462122430995], [-2.46434741774283, 54.0752794330057], [-2.50952601849528, 54.0954253307687], [-2.52400965394564, 54.0946224801854], [-2.56474072528009, 54.1270377051971], [-2.56050449737639, 54.1530521184271], [-2.53397895530311, 54.1576927137726], [-2.46086273483392, 54.2267161360628], [-2.40563193679838, 54.2249151689987], [-2.39677965225249, 54.239381080598], [-2.37302060410132, 54.2400989043776], [-2.36231711509247, 54.2497526297027], [-2.33765745303457, 54.2375990714247], [-2.31909631949867, 54.2571558310793], [-2.30510675597374, 54.2493435715375], [-2.29276017073247, 54.2526223581365], [-2.28331953780234, 54.2385609838623], [-2.22921680420902, 54.2521788040335], [-2.19779778522024, 54.2473785542999], [-2.1719449060949, 54.2284775529659], [-2.15160199854563, 54.235590366265], [-2.14047166607275, 54.2252946709185], [-2.10003071279382, 54.2319657629654], [-2.06087161165384, 54.2103247431824], [-2.04578487952539, 54.1818803803839], [-2.00450785291312, 54.1728844397467]]]}}, {"id": "172", "type": "Feature", "properties": {"LAD22CD": "E07000164", "LAD22NM": "Hambleton"}, "geometry": {"type": "Polygon", "coordinates": [[[-1.14619694918505, 54.5028216123635], [-1.11838000658732, 54.4981985705854], [-1.0945238497457, 54.5067598362799], [-1.0368514550928, 54.4940440605226], [-1.01645372492097, 54.4766430949295], [-0.983516462133161, 54.4788774155976], [-0.972092111987041, 54.4608464524094], [-1.03394053804369, 54.4589899001038], [-1.04838965534317, 54.4521464464546], [-1.05938059463134, 54.4125783024861], [-1.0818668401264, 54.4049680629404], [-1.07041150536548, 54.3957398297203], [-1.07883993059086, 54.3882061031386], [-1.06625796641637, 54.3626467286544], [-1.07816315606028, 54.3602475159063], [-1.09903370271352, 54.3291918082553], [-1.12223241847068, 54.331183534879], [-1.12179405520044, 54.3452379798707], [-1.15754770803845, 54.3492691339541], [-1.17219309476598, 54.3818707819032], [-1.20874208826019, 54.3737827620181], [-1.23848132545557, 54.3759503062438], [-1.26600420015434, 54.3450684480792], [-1.2465803653365, 54.3315802063724], [-1.2480809102253, 54.3091526619944], [-1.21974783508629, 54.2865744453313], [-1.20545596400365, 54.2513185516557], [-1.21507408523294, 54.2415603094733], [-1.20838417786056, 54.2363754725796], [-1.19701809371186, 54.2410951551542], [-1.19988661144019, 54.2129657332567], [-1.18934192954866, 54.2002684614723], [-1.16859528454546, 54.2024816310492], [-1.12590714324593, 54.1804960248135], [-1.09911098258366, 54.1852908270345], [-1.08064108926054, 54.1720733842581], [-1.08874009935966, 54.1629336061187], [-1.01307118278587, 54.1346201792677], [-1.01625773382534, 54.107923692345], [-1.04377938518135, 54.1074874192194], [-1.0394653201961, 54.0983843792992], [-1.06015916164813, 54.0853445378592], [-1.03909597148069, 54.0757087283108], [-1.05971219675545, 54.0566069476114], [-1.05873382513449, 54.0478451039287], [-1.08940781055503, 54.0480145581272], [-1.12016986628926, 54.029025228461], [-1.14079656188959, 54.0298588147557], [-1.14909066483636, 54.0029473807412], [-1.13699822638128, 53.9910826227764], [-1.15191246934286, 53.9891781234417], [-1.17550999290166, 54.0021966083669], [-1.20677968853384, 54.0162058059283], [-1.21843438648639, 54.0144350429073], [-1.22439447432354, 54.0346475539598], [-1.27726790736262, 54.0350907047659], [-1.28732682548412, 54.0615376480051], [-1.31043674794103, 54.0807394574321], [-1.33803371369868, 54.0819001186585], [-1.34724171774007, 54.0991526297483], [-1.32775546733474, 54.1017237549585], [-1.34074018516744, 54.107724633542], [-1.33252268957585, 54.1484061559095], [-1.39405570037452, 54.1814669531692], [-1.43217683774666, 54.1860777290431], [-1.44262518518518, 54.2160346392497], [-1.47477649440379, 54.2062081366024], [-1.48462779578293, 54.2203104236524], [-1.49509812226036, 54.2033011692476], [-1.5530469850391, 54.1910938143938], [-1.58346492505303, 54.2047005532973], [-1.59829220351096, 54.2006409358742], [-1.58888325062985, 54.1967672364201], [-1.59513042286275, 54.1903606253663], [-1.6230751971839, 54.1858964279803], [-1.64064474548733, 54.1926769337527], [-1.62461390130532, 54.2099411115242], [-1.62538642609714, 54.2303283672928], [-1.6468050765956, 54.2368539171054], [-1.63637092911218, 54.2394642774526], [-1.64862784789508, 54.2502125040252], [-1.67510043987375, 54.2470817673164], [-1.68446906515044, 54.2616012473657], [-1.70526086993587, 54.2855427056271], [-1.67582262279748, 54.2851599656134], [-1.65106086357379, 54.294366783221], [-1.6376521179176, 54.3214381341122], [-1.64318663621627, 54.3434812346352], [-1.60861807364545, 54.3508399859489], [-1.61523381276842, 54.3570668531126], [-1.60622360969749, 54.3637790784807], [-1.58432252751143, 54.3644113682601], [-1.56091288889605, 54.4008209001078], [-1.57461356628086, 54.4185052282302], [-1.54404716033468, 54.4242211592408], [-1.54615778699897, 54.4445343896301], [-1.51485180204156, 54.4521507403966], [-1.48275677657654, 54.4478630531491], [-1.48633952774104, 54.4533891273852], [-1.47205221947318, 54.4555996013609], [-1.45615000928909, 54.452449254975], [-1.46279137012721, 54.4613922624054], [-1.45341385016248, 54.4660154353839], [-1.46379873425492, 54.4735508533552], [-1.45919258759602, 54.4942680219315], [-1.47455794258184, 54.5007110845137], [-1.45850783644379, 54.5039188897358], [-1.43490529222604, 54.4874931719167], [-1.43211777207151, 54.4794545660635], [-1.4127863622095, 54.4771953992089], [-1.4070888004288, 54.4935296390409], [-1.39505004776972, 54.4856799730286], [-1.38101055095849, 54.4940289315591], [-1.37256157635986, 54.4723074618139], [-1.36441713758622, 54.4659524096737], [-1.34491503450455, 54.4724080092533], [-1.3436289617262, 54.4641554130233], [-1.30033745632526, 54.4758498843291], [-1.2809785134623, 54.4904431183241], [-1.25740307371, 54.4873218300283], [-1.25667466779605, 54.5011079136759], [-1.2348659056463, 54.5103160454452], [-1.14619694918505, 54.5028216123635]]]}}, {"id": "173", "type": "Feature", "properties": {"LAD22CD": "E07000165", "LAD22NM": "Harrogate"}, "geometry": {"type": "Polygon", "coordinates": [[[-1.17550999290166, 54.0021966083669], [-1.19193543440137, 54.0005194131129], [-1.18210315303178, 53.9853452650908], [-1.21651948406111, 53.9855904686402], [-1.22370550897198, 53.9748292112224], [-1.1956382252846, 53.9223801336735], [-1.22178832779044, 53.9250437096712], [-1.23527816376711, 53.9350089142217], [-1.26967182927781, 53.9349656580905], [-1.26079779218353, 53.9198710946353], [-1.27027010331694, 53.9169754850008], [-1.27353757235751, 53.8935952914541], [-1.28849291958495, 53.9043291333913], [-1.31372276302542, 53.9047021732238], [-1.30058786897724, 53.9074856419048], [-1.29720353407231, 53.9216820282659], [-1.30730970961428, 53.9214943608407], [-1.29418007558142, 53.92706422306], [-1.30899203821525, 53.9240979121676], [-1.30696183943773, 53.9344240754619], [-1.34471178616765, 53.9395016380663], [-1.34040516519185, 53.9458881880291], [-1.39718249968378, 53.9425351723531], [-1.40670956648195, 53.927849708617], [-1.43260133613277, 53.9272366053921], [-1.43299734465415, 53.9108051834652], [-1.46271453073852, 53.9060152575881], [-1.49878116161895, 53.9153069395781], [-1.54879322245249, 53.9109138390916], [-1.55184394518572, 53.9029404093386], [-1.58362508033644, 53.9092938714238], [-1.58748702273655, 53.9012478438027], [-1.59999326213106, 53.9097763415128], [-1.6205370027283, 53.9033949628561], [-1.65167333078899, 53.9056634267775], [-1.65508298511049, 53.9124842989602], [-1.68462724326052, 53.9105880911715], [-1.70708308020122, 53.9191312559919], [-1.71795853789499, 53.9085427041814], [-1.72721624906541, 53.9101971483664], [-1.74562604180612, 53.9230037629874], [-1.77597854946963, 53.9214883686093], [-1.80508916329937, 53.9390226691492], [-1.84768927934353, 53.9407727583562], [-1.83619999295911, 53.9314203881017], [-1.86012561391112, 53.9326575876214], [-1.8788823617008, 53.9542744327723], [-1.81673301854612, 53.9781393219124], [-1.83491337865126, 54.0135292774657], [-1.84804568155993, 54.0136706167383], [-1.8534697850134, 54.0287738280893], [-1.87243948170929, 54.0356735763959], [-1.87352584460094, 54.0460428008897], [-1.85372526410978, 54.0531223597939], [-1.84059412422617, 54.0705805799309], [-1.90561626244359, 54.1224732108453], [-1.94894818017681, 54.1258308163033], [-1.96358689157498, 54.1521301667745], [-1.97249237173413, 54.1580847618612], [-1.9925440145867, 54.1552799668731], [-2.00450785291312, 54.1728844397467], [-1.96992361524143, 54.1913325291989], [-1.88644848968671, 54.2100114856756], [-1.87944557848316, 54.2202770827276], [-1.82806531469834, 54.231639393989], [-1.81630354356147, 54.2406982355869], [-1.82333272922554, 54.2474867656166], [-1.75596308880438, 54.2393636421036], [-1.73712246883609, 54.2542355108575], [-1.68446906515044, 54.2616012473657], [-1.67510043987375, 54.2470817673164], [-1.64862784789508, 54.2502125040252], [-1.63637092911218, 54.2394642774526], [-1.6468050765956, 54.2368539171054], [-1.62538642609714, 54.2303283672928], [-1.62461390130532, 54.2099411115242], [-1.64064474548733, 54.1926769337527], [-1.6230751971839, 54.1858964279803], [-1.59513042286275, 54.1903606253663], [-1.58888325062985, 54.1967672364201], [-1.59829220351096, 54.2006409358742], [-1.58346492505303, 54.2047005532973], [-1.5530469850391, 54.1910938143938], [-1.49509812226036, 54.2033011692476], [-1.48462779578293, 54.2203104236524], [-1.47477649440379, 54.2062081366024], [-1.44262518518518, 54.2160346392497], [-1.43217683774666, 54.1860777290431], [-1.39405570037452, 54.1814669531692], [-1.33252268957585, 54.1484061559095], [-1.34074018516744, 54.107724633542], [-1.32775546733474, 54.1017237549585], [-1.34724171774007, 54.0991526297483], [-1.33803371369868, 54.0819001186585], [-1.31043674794103, 54.0807394574321], [-1.28732682548412, 54.0615376480051], [-1.27726790736262, 54.0350907047659], [-1.22439447432354, 54.0346475539598], [-1.21843438648639, 54.0144350429073], [-1.20677968853384, 54.0162058059283], [-1.17550999290166, 54.0021966083669]]]}}, {"id": "174", "type": "Feature", "properties": {"LAD22CD": "E07000166", "LAD22NM": "Richmondshire"}, "geometry": {"type": "Polygon", "coordinates": [[[-1.69692636355207, 54.5360064297071], [-1.65793716561516, 54.5345889230914], [-1.65467519937522, 54.5246500970582], [-1.63377378148266, 54.5253643798481], [-1.63332908642646, 54.5141114032718], [-1.61148472706396, 54.5200007878436], [-1.60263741568541, 54.5105816522225], [-1.58106853741621, 54.512845659506], [-1.5918807025688, 54.5043008614548], [-1.57921485380735, 54.5051876853776], [-1.58298032825201, 54.4971007337083], [-1.55519520906131, 54.484978191684], [-1.54567271781715, 54.4712384767644], [-1.51983281095693, 54.4710470168278], [-1.52883695102378, 54.4848137386155], [-1.51413191899894, 54.4837750921411], [-1.51134080604103, 54.4750122616584], [-1.49177548206257, 54.4862004926085], [-1.49905229173469, 54.4756782312322], [-1.47537275452127, 54.4738451788965], [-1.47205221947318, 54.4555996013609], [-1.48633952774104, 54.4533891273852], [-1.48275677657654, 54.4478630531491], [-1.51485180204156, 54.4521507403966], [-1.54615778699897, 54.4445343896301], [-1.54404716033468, 54.4242211592408], [-1.57461356628086, 54.4185052282302], [-1.56091288889605, 54.4008209001078], [-1.58432252751143, 54.3644113682601], [-1.60622360969749, 54.3637790784807], [-1.61523381276842, 54.3570668531126], [-1.60861807364545, 54.3508399859489], [-1.64318663621627, 54.3434812346352], [-1.6376521179176, 54.3214381341122], [-1.65106086357379, 54.294366783221], [-1.67582262279748, 54.2851599656134], [-1.70526086993587, 54.2855427056271], [-1.68446906515044, 54.2616012473657], [-1.73712246883609, 54.2542355108575], [-1.75596308880438, 54.2393636421036], [-1.82333272922554, 54.2474867656166], [-1.81630354356147, 54.2406982355869], [-1.82806531469834, 54.231639393989], [-1.87944557848316, 54.2202770827276], [-1.88644848968671, 54.2100114856756], [-1.96992361524143, 54.1913325291989], [-2.00450785291312, 54.1728844397467], [-2.04578487952539, 54.1818803803839], [-2.06087161165384, 54.2103247431824], [-2.10003071279382, 54.2319657629654], [-2.14047166607275, 54.2252946709185], [-2.15160199854563, 54.235590366265], [-2.1719449060949, 54.2284775529659], [-2.19779778522024, 54.2473785542999], [-2.22921680420902, 54.2521788040335], [-2.28331953780234, 54.2385609838623], [-2.29276017073247, 54.2526223581365], [-2.30510675597374, 54.2493435715375], [-2.31909631949867, 54.2571558310793], [-2.32452246431824, 54.3031836229855], [-2.30984140863991, 54.3243149783909], [-2.36771223910638, 54.3560706152439], [-2.34464790841351, 54.3596285107861], [-2.31704255658246, 54.3763105185636], [-2.2974404079712, 54.3768987653342], [-2.29178388191327, 54.3909045153945], [-2.30550673679387, 54.3971200662175], [-2.30814588994671, 54.4197937724531], [-2.29286520125281, 54.4393074918431], [-2.24953922329874, 54.4519434362394], [-2.18931554536681, 54.4489784740485], [-2.17750847989225, 54.4616256756333], [-2.17021302340634, 54.4581987855746], [-2.11659617374357, 54.4622634788675], [-2.04319843418637, 54.4835994484301], [-2.04472952149334, 54.4751862741994], [-1.99676437249469, 54.4669034492372], [-1.97005959181258, 54.4515215419127], [-1.94254323627035, 54.4533953549934], [-1.85912998438283, 54.4818579033168], [-1.85780051144888, 54.5035397952873], [-1.83943329269054, 54.5084372364891], [-1.79297648414091, 54.4844924296004], [-1.77613231485782, 54.5067285050585], [-1.77969652861129, 54.5318729948094], [-1.73309136190533, 54.5277364132303], [-1.7213108898176, 54.5423017252838], [-1.69692636355207, 54.5360064297071]]]}}, {"id": "175", "type": "Feature", "properties": {"LAD22CD": "E07000167", "LAD22NM": "Ryedale"}, "geometry": {"type": "Polygon", "coordinates": [[[-0.44142292417925, 54.2157613102054], [-0.440176059296043, 54.2135198741145], [-0.418250115583672, 54.1740634171995], [-0.433168631458221, 54.1640727154203], [-0.427093852639448, 54.1374425618928], [-0.458539666811106, 54.1259736092488], [-0.454351131499513, 54.1167625123579], [-0.465942458016893, 54.1076329777782], [-0.524616943026361, 54.0854748039826], [-0.563137247607814, 54.0939995264476], [-0.615523445115742, 54.0704937097045], [-0.660316933915928, 54.0631000537815], [-0.644653954650704, 54.0551130976901], [-0.659484342246755, 54.0371698266984], [-0.687039074332374, 54.0307676605558], [-0.68350162911553, 54.0088018537222], [-0.730489261578151, 54.0127008358487], [-0.734257303331504, 54.0302587746812], [-0.799191011163153, 54.0190548395313], [-0.800704633922219, 54.0241186193512], [-0.878419396623246, 54.0172009231456], [-0.893902669681898, 53.999535080715], [-0.925294992911636, 53.9915183749039], [-0.9948365230849, 53.983064171689], [-0.971919430860755, 53.9967101665702], [-0.975368566936891, 54.0047324462085], [-0.984703334085532, 54.0025503630241], [-0.966872483838607, 54.022966599374], [-1.00208473428272, 54.05526306804], [-1.01437741453304, 54.0493218162912], [-1.05971219675545, 54.0566069476114], [-1.03909597148069, 54.0757087283108], [-1.06015916164813, 54.0853445378592], [-1.0394653201961, 54.0983843792992], [-1.04377938518135, 54.1074874192194], [-1.01625773382534, 54.107923692345], [-1.01307118278587, 54.1346201792677], [-1.08874009935966, 54.1629336061187], [-1.08064108926054, 54.1720733842581], [-1.09911098258366, 54.1852908270345], [-1.12590714324593, 54.1804960248135], [-1.16859528454546, 54.2024816310492], [-1.18934192954866, 54.2002684614723], [-1.19988661144019, 54.2129657332567], [-1.19701809371186, 54.2410951551542], [-1.20838417786056, 54.2363754725796], [-1.21507408523294, 54.2415603094733], [-1.20545596400365, 54.2513185516557], [-1.21974783508629, 54.2865744453313], [-1.2480809102253, 54.3091526619944], [-1.2465803653365, 54.3315802063724], [-1.26600420015434, 54.3450684480792], [-1.23848132545557, 54.3759503062438], [-1.20874208826019, 54.3737827620181], [-1.17219309476598, 54.3818707819032], [-1.15754770803845, 54.3492691339541], [-1.12179405520044, 54.3452379798707], [-1.12223241847068, 54.331183534879], [-1.09903370271352, 54.3291918082553], [-1.07816315606028, 54.3602475159063], [-1.06625796641637, 54.3626467286544], [-1.07883993059086, 54.3882061031386], [-1.07041150536548, 54.3957398297203], [-1.0818668401264, 54.4049680629404], [-1.05938059463134, 54.4125783024861], [-1.02687295853114, 54.4153443284802], [-0.987840341466928, 54.3959542453691], [-0.950442837451209, 54.4088577326149], [-0.823709573703765, 54.3825273207486], [-0.794240096917529, 54.3543298147213], [-0.753224860722525, 54.3685946867953], [-0.732987617526033, 54.3552686044328], [-0.711353494813348, 54.3571451561216], [-0.687137819017323, 54.3731387897309], [-0.669510088866889, 54.3743615287807], [-0.66128221504661, 54.366527646101], [-0.632615612312574, 54.3759521231263], [-0.622034046198487, 54.3444121283514], [-0.567325545270912, 54.3113926413993], [-0.605340264346509, 54.2972028045236], [-0.613094230915024, 54.2696995901385], [-0.598031818681252, 54.2349132299745], [-0.618202337357109, 54.2049563030944], [-0.586271454926624, 54.1986238954816], [-0.56641812376854, 54.2023880594817], [-0.550410818093488, 54.1925763963677], [-0.537789389690473, 54.2004189153241], [-0.530356340267966, 54.1993157524923], [-0.527394792592189, 54.1988760758414], [-0.520018139234505, 54.1977661937823], [-0.476377122675252, 54.2077664973138], [-0.449027509824569, 54.2140230939378], [-0.44142292417925, 54.2157613102054]]]}}, {"id": "176", "type": "Feature", "properties": {"LAD22CD": "E07000168", "LAD22NM": "Scarborough"}, "geometry": {"type": "Polygon", "coordinates": [[[-0.764776936442302, 54.5482499883018], [-0.743495645446768, 54.5281982698092], [-0.735493261638811, 54.5299859153643], [-0.71276877732198, 54.533014068981], [-0.699120602087245, 54.5270584401505], [-0.692782844332321, 54.5206925000807], [-0.683472315932026, 54.5202260074897], [-0.682059034739363, 54.5196087227392], [-0.670416084425388, 54.5007706785618], [-0.627001976076208, 54.4958232025615], [-0.609623934496545, 54.4932676809193], [-0.573523820057073, 54.4812848841292], [-0.551096226349301, 54.4673383340935], [-0.526403060214284, 54.4501406397327], [-0.52740582240276, 54.439179569774], [-0.532719092710363, 54.4334461445216], [-0.528639108909448, 54.425691534487], [-0.528715067851505, 54.4248604949354], [-0.527928757998375, 54.4243410988488], [-0.524202393839579, 54.41725547738], [-0.51178559888683, 54.4136737498849], [-0.503741190339727, 54.4083551737752], [-0.497689998330275, 54.4096054630605], [-0.490976421873198, 54.4076669348768], [-0.463607051390559, 54.3890325355122], [-0.461667198973488, 54.3859699904622], [-0.461490892254704, 54.3856916216354], [-0.432691541513805, 54.340166838913], [-0.417081352345487, 54.3314440001116], [-0.407436469873212, 54.2934615354145], [-0.384767305901954, 54.288224624963], [-0.384878099216037, 54.2880652360156], [-0.396691450227985, 54.2745273220732], [-0.368720227987309, 54.2484565836294], [-0.366138029867442, 54.2476599943274], [-0.365826894634149, 54.2473646162836], [-0.354894554126835, 54.2441904634965], [-0.265490680966476, 54.2165440171536], [-0.266569193927152, 54.2161436060143], [-0.275168670690803, 54.2167773752695], [-0.277986869822054, 54.2119035512333], [-0.28382256446133, 54.2097356349102], [-0.282278468825178, 54.204478955391], [-0.283107538486434, 54.203044260466], [-0.2811705341814, 54.2007063334746], [-0.276889815207312, 54.1861241509612], [-0.268968608305845, 54.1812161888427], [-0.262082971521212, 54.176948498321], [-0.245193486151483, 54.1664751235378], [-0.213108937490025, 54.1578531392891], [-0.212663155909109, 54.1577332582031], [-0.22974662180302, 54.1324403558], [-0.265419797803465, 54.1405585100405], [-0.30423263074648, 54.1362622557834], [-0.323841934250232, 54.1502969345498], [-0.346397161515299, 54.1468729425246], [-0.37492744814463, 54.1541131538012], [-0.390747238234669, 54.1765207062365], [-0.418250115583672, 54.1740634171995], [-0.440176059296043, 54.2135198741145], [-0.44142292417925, 54.2157613102054], [-0.449027509824569, 54.2140230939378], [-0.476377122675252, 54.2077664973138], [-0.520018139234505, 54.1977661937823], [-0.527394792592189, 54.1988760758414], [-0.530356340267966, 54.1993157524923], [-0.537789389690473, 54.2004189153241], [-0.550410818093488, 54.1925763963677], [-0.56641812376854, 54.2023880594817], [-0.586271454926624, 54.1986238954816], [-0.618202337357109, 54.2049563030944], [-0.598031818681252, 54.2349132299745], [-0.613094230915024, 54.2696995901385], [-0.605340264346509, 54.2972028045236], [-0.567325545270912, 54.3113926413993], [-0.622034046198487, 54.3444121283514], [-0.632615612312574, 54.3759521231263], [-0.66128221504661, 54.366527646101], [-0.669510088866889, 54.3743615287807], [-0.687137819017323, 54.3731387897309], [-0.711353494813348, 54.3571451561216], [-0.732987617526033, 54.3552686044328], [-0.753224860722525, 54.3685946867953], [-0.794240096917529, 54.3543298147213], [-0.823709573703765, 54.3825273207486], [-0.950442837451209, 54.4088577326149], [-0.987840341466928, 54.3959542453691], [-1.02687295853114, 54.4153443284802], [-1.05938059463134, 54.4125783024861], [-1.04838965534317, 54.4521464464546], [-1.03394053804369, 54.4589899001038], [-0.972092111987041, 54.4608464524094], [-0.983516462133161, 54.4788774155976], [-1.01645372492097, 54.4766430949295], [-1.0368514550928, 54.4940440605226], [-1.00340105305077, 54.5030121002798], [-0.952951598811726, 54.4880355490013], [-0.880825023321814, 54.4970468612461], [-0.848530740694743, 54.4879729376572], [-0.848647297024731, 54.5300038297076], [-0.826984924910033, 54.5485751001643], [-0.80041918962436, 54.5510109262824], [-0.791803877582092, 54.5583130613819], [-0.784593493458103, 54.5579300457925], [-0.766824300671492, 54.5501778444522], [-0.764776936442302, 54.5482499883018]]]}}, {"id": "177", "type": "Feature", "properties": {"LAD22CD": "E07000169", "LAD22NM": "Selby"}, "geometry": {"type": "Polygon", "coordinates": [[[-1.1956382252846, 53.9223801336735], [-1.10510306568287, 53.8757328930524], [-1.09119989516817, 53.8858156069858], [-1.06495957481049, 53.8745857914306], [-1.00820490058898, 53.8899953340569], [-0.992832844574211, 53.8752106640707], [-0.944071677500396, 53.888121672512], [-0.923517752139632, 53.8807664519424], [-0.948227089673736, 53.8616095670861], [-0.940610986349814, 53.8235184672165], [-0.920106077429086, 53.8160929938847], [-0.934499012722836, 53.801777189949], [-0.9282535548479, 53.7655984452703], [-0.973605993671107, 53.7498769108358], [-0.960737358021142, 53.7360162959346], [-0.910951228887268, 53.7326702588199], [-0.90373907840941, 53.7183593948181], [-0.957714760664253, 53.7148354865322], [-0.962649915494684, 53.7007959045694], [-0.980486427392623, 53.7050396072447], [-0.980327831289457, 53.6969422764227], [-1.03892593442347, 53.6938822988663], [-1.06165845001237, 53.7067658870138], [-1.07493415369549, 53.7039963160448], [-1.08104575027151, 53.6846146790267], [-1.10335931463428, 53.6694993150062], [-1.04866263627315, 53.6560574799883], [-1.06607212816008, 53.6488912746875], [-1.12174363004979, 53.6467186421691], [-1.1354072030232, 53.632728679272], [-1.15229786876077, 53.6427766599575], [-1.19031348882413, 53.6359169283835], [-1.20982718259376, 53.6431641296687], [-1.21746850825603, 53.6242243268899], [-1.23284427243353, 53.6211122464196], [-1.25547556487338, 53.6454182650975], [-1.2444169836956, 53.6924295623026], [-1.19901535684986, 53.6948883427854], [-1.19881814854623, 53.7007329060597], [-1.21981187384993, 53.7144190177334], [-1.22654062265956, 53.7098831299786], [-1.2295729261433, 53.7149054470182], [-1.2687022564653, 53.7149803707965], [-1.30204330436809, 53.7417246404076], [-1.31535677889255, 53.7436807014006], [-1.31223876959692, 53.7558885052162], [-1.29494201036989, 53.7554628317844], [-1.29038607046352, 53.7631944604615], [-1.3138104637926, 53.7815557510231], [-1.31487208408644, 53.8095574148486], [-1.30362345902206, 53.8165359902506], [-1.33609674496188, 53.8335897533881], [-1.32655713555967, 53.840423430327], [-1.3529698771545, 53.8567507520096], [-1.31260283640384, 53.8653170016186], [-1.32227096512126, 53.9004571903277], [-1.31372276302542, 53.9047021732238], [-1.28849291958495, 53.9043291333913], [-1.27353757235751, 53.8935952914541], [-1.27027010331694, 53.9169754850008], [-1.26079779218353, 53.9198710946353], [-1.26967182927781, 53.9349656580905], [-1.23527816376711, 53.9350089142217], [-1.22178832779044, 53.9250437096712], [-1.1956382252846, 53.9223801336735]]]}}, {"id": "178", "type": "Feature", "properties": {"LAD22CD": "E07000170", "LAD22NM": "Ashfield"}, "geometry": {"type": "Polygon", "coordinates": [[[-1.25993009829984, 53.1644809106531], [-1.25532439346219, 53.1546158019483], [-1.24098319291805, 53.1530960471872], [-1.23991758113468, 53.1395866227267], [-1.17789116216515, 53.1148104411525], [-1.16425148277133, 53.1032693686635], [-1.22586958413942, 53.0814987308061], [-1.23128870787785, 53.0620648987529], [-1.21742440913161, 53.0490292471594], [-1.18205544415117, 53.0484050626716], [-1.1827461829988, 53.01856914589], [-1.20988267810726, 53.0181426638433], [-1.22514776798074, 53.0080958021553], [-1.22906420446731, 53.0227439746174], [-1.25343361975741, 53.0397926900493], [-1.28482567275839, 53.0482272928874], [-1.30352544996191, 53.0418840565674], [-1.33586846310334, 53.0529658466922], [-1.34442765908781, 53.0655425436049], [-1.33163547679324, 53.0809878876668], [-1.30288896584389, 53.0881985921266], [-1.30925140895617, 53.0967701742604], [-1.30061890454589, 53.1020493750728], [-1.3217802282925, 53.1306503063911], [-1.32344684110941, 53.1623424531774], [-1.30071178856708, 53.1642145389807], [-1.29596178794204, 53.1712248619122], [-1.25993009829984, 53.1644809106531]]]}}, {"id": "179", "type": "Feature", "properties": {"LAD22CD": "E07000171", "LAD22NM": "Bassetlaw"}, "geometry": {"type": "Polygon", "coordinates": [[[-0.797483349537156, 53.4550644469113], [-0.820515392196552, 53.4407478802065], [-0.818092247122536, 53.4269787990146], [-0.788624379569326, 53.4152612769651], [-0.77713967926781, 53.3969143896921], [-0.790442566301084, 53.3858538485282], [-0.775235921241154, 53.3777587756085], [-0.791132345567737, 53.3635515399955], [-0.774459228767948, 53.3644324688258], [-0.75861635902076, 53.3538375874827], [-0.766473605946302, 53.3301074983394], [-0.749955286880473, 53.324218319306], [-0.747138182399111, 53.3043331964575], [-0.7509672806112, 53.2936023704112], [-0.763502149436118, 53.2994375870592], [-0.778125134023722, 53.2838542983806], [-0.764279778594267, 53.2727392389111], [-0.77707445272525, 53.2469081695812], [-0.780363092510896, 53.1963979236758], [-0.787292538562419, 53.2045654574049], [-0.821570910330909, 53.2013504363431], [-0.839819523742066, 53.2189203278969], [-0.857838669762247, 53.2122066505459], [-0.894248026633959, 53.2236714797239], [-0.948919729878981, 53.2141191641516], [-0.94726263076158, 53.225830103792], [-0.967542265148865, 53.2353336118408], [-1.00701071190992, 53.2363175178303], [-1.02763231143685, 53.2610348651001], [-1.10329585420785, 53.2356073423104], [-1.12380734716512, 53.2246448342204], [-1.20942448225347, 53.2176967645087], [-1.20199681749734, 53.2355553187409], [-1.21302650313245, 53.247672496561], [-1.20245028564644, 53.2612195426046], [-1.17468978885802, 53.2651647087048], [-1.18154150249029, 53.2700320636288], [-1.1664875414478, 53.277655368261], [-1.1801170205129, 53.2871347459353], [-1.17662736690992, 53.305131654038], [-1.19974106069052, 53.3114394544059], [-1.13871810210376, 53.3413828117799], [-1.14100746087464, 53.3467476780075], [-1.15684339220656, 53.344969500268], [-1.16261328765896, 53.356843862023], [-1.13853968203233, 53.3559075142163], [-1.14603291441165, 53.3690411457852], [-1.13053708984926, 53.3755712195116], [-1.13460768887929, 53.3900315644246], [-1.11557938044441, 53.3971857499007], [-1.11604100602787, 53.4073493537968], [-1.08043943279743, 53.4268678599403], [-1.0309498187762, 53.4309795264014], [-1.03051529485536, 53.4251953103943], [-1.01434673955409, 53.4262954965662], [-0.995669798894032, 53.4369266843309], [-0.985978085087804, 53.471673371995], [-0.953259205587141, 53.4844235292892], [-0.935564625288195, 53.5025165293909], [-0.9004706270826, 53.4751558672792], [-0.920246794246959, 53.4655076505704], [-0.916249020723134, 53.4602956897155], [-0.871919281432214, 53.4663108039549], [-0.797483349537156, 53.4550644469113]]]}}, {"id": "180", "type": "Feature", "properties": {"LAD22CD": "E07000172", "LAD22NM": "Broxtowe"}, "geometry": {"type": "Polygon", "coordinates": [[[-1.22514776798074, 53.0080958021553], [-1.21910727681773, 52.9914992580779], [-1.20335222289226, 52.9875294856986], [-1.22617837809272, 52.9811421831213], [-1.24683864344809, 52.9845431945876], [-1.23197884944612, 52.9676427065689], [-1.24689074252863, 52.9531957032849], [-1.1823012510609, 52.9173362705305], [-1.1990092076238, 52.9094788675439], [-1.21089944638808, 52.912152759478], [-1.21391985222849, 52.9044147876099], [-1.22049251357766, 52.8955638432422], [-1.23970599304057, 52.8922892374961], [-1.24621503961712, 52.9029859174845], [-1.2818010329585, 52.9102932684363], [-1.2810311195325, 52.9491583375537], [-1.29250116524851, 52.95557367756], [-1.28774933165725, 52.9696624541577], [-1.30744372494867, 53.0036547888145], [-1.33198491998771, 53.0311504132691], [-1.33586846310334, 53.0529658466922], [-1.30352544996191, 53.0418840565674], [-1.28482567275839, 53.0482272928874], [-1.25343361975741, 53.0397926900493], [-1.22906420446731, 53.0227439746174], [-1.22514776798074, 53.0080958021553]]]}}, {"id": "181", "type": "Feature", "properties": {"LAD22CD": "E07000173", "LAD22NM": "Gedling"}, "geometry": {"type": "Polygon", "coordinates": [[[-1.00708600519626, 52.9854570877984], [-1.01655318774462, 52.9802435323896], [-1.03756338889654, 52.9835840326693], [-1.04146199109571, 52.9513031782439], [-1.07333773695502, 52.9558908416841], [-1.08611507246246, 52.9485698839615], [-1.12010685417214, 52.9678253942361], [-1.12278627374494, 52.9834669491086], [-1.14248865969578, 52.9862884053635], [-1.13825471637456, 52.9948435788441], [-1.15365597377739, 52.9971852178717], [-1.14351267958868, 53.0065011444905], [-1.1827461829988, 53.01856914589], [-1.18205544415117, 53.0484050626716], [-1.21742440913161, 53.0490292471594], [-1.23128870787785, 53.0620648987529], [-1.22586958413942, 53.0814987308061], [-1.16425148277133, 53.1032693686635], [-1.13928710703244, 53.0996450286007], [-1.14014786135167, 53.0923519179963], [-1.12064330180414, 53.0867493873343], [-1.13039044601313, 53.0736085943854], [-1.08859824108072, 53.0775747223374], [-1.09343130623312, 53.0673531607007], [-1.08066428208619, 53.0524706838391], [-1.02972993483392, 53.024255950206], [-1.05244887613804, 53.0105136029236], [-1.03408695923177, 53.0048787505458], [-1.038117956046, 52.9956299046437], [-1.00708600519626, 52.9854570877984]]]}}, {"id": "182", "type": "Feature", "properties": {"LAD22CD": "E07000174", "LAD22NM": "Mansfield"}, "geometry": {"type": "Polygon", "coordinates": [[[-1.17789116216515, 53.1148104411525], [-1.23991758113468, 53.1395866227267], [-1.24098319291805, 53.1530960471872], [-1.25532439346219, 53.1546158019483], [-1.25993009829984, 53.1644809106531], [-1.24044959727148, 53.178647941862], [-1.19693616205072, 53.1848179040421], [-1.20942448225347, 53.2176967645087], [-1.12380734716512, 53.2246448342204], [-1.10329585420785, 53.2356073423104], [-1.09476360068258, 53.2286140887751], [-1.11122683351695, 53.1989261925677], [-1.15302086212712, 53.1751374522516], [-1.11105637906414, 53.1534275287742], [-1.13014131655365, 53.1416180270334], [-1.12021727234224, 53.1190809038545], [-1.14712327303786, 53.1219553860463], [-1.17789116216515, 53.1148104411525]]]}}, {"id": "183", "type": "Feature", "properties": {"LAD22CD": "E07000175", "LAD22NM": "Newark and Sherwood"}, "geometry": {"type": "Polygon", "coordinates": [[[-0.666577004989044, 53.2397024965169], [-0.675872140728609, 53.2176443564103], [-0.697616436379696, 53.2202372907865], [-0.714752926702038, 53.207607769642], [-0.730569016450559, 53.2107564502185], [-0.764018606606756, 53.182575432889], [-0.718160267478104, 53.1772877899828], [-0.715375394751415, 53.136882863606], [-0.732407362918311, 53.1278015877576], [-0.716755387970816, 53.1161847968106], [-0.729617825692047, 53.0979020211063], [-0.695132072842781, 53.0662902240033], [-0.713466500275659, 53.0660465540168], [-0.716203841365838, 53.0590587016488], [-0.749554900937766, 53.0551098447195], [-0.760826457019771, 53.0294103391587], [-0.788413809258192, 53.0258533556871], [-0.795824908778034, 53.0105980780874], [-0.80408612641495, 53.0125054042472], [-0.778278647253454, 52.97692337951], [-0.796150034418614, 52.9767315027749], [-0.812850938336058, 52.9574642126954], [-0.820021885123097, 52.9604644294128], [-0.836071500009117, 52.9679213738065], [-0.815158220785605, 52.9856613505293], [-0.822916664810415, 53.000985976254], [-0.86455298548022, 53.0113444806934], [-0.879779846883795, 53.0063528895912], [-0.91012044940713, 53.0359284297717], [-0.975962166195505, 52.9863262614526], [-1.00708600519626, 52.9854570877984], [-1.038117956046, 52.9956299046437], [-1.03408695923177, 53.0048787505458], [-1.05244887613804, 53.0105136029236], [-1.02972993483392, 53.024255950206], [-1.08066428208619, 53.0524706838391], [-1.09343130623312, 53.0673531607007], [-1.08859824108072, 53.0775747223374], [-1.13039044601313, 53.0736085943854], [-1.12064330180414, 53.0867493873343], [-1.14014786135167, 53.0923519179963], [-1.13928710703244, 53.0996450286007], [-1.16425148277133, 53.1032693686635], [-1.17789116216515, 53.1148104411525], [-1.14712327303786, 53.1219553860463], [-1.12021727234224, 53.1190809038545], [-1.13014131655365, 53.1416180270334], [-1.11105637906414, 53.1534275287742], [-1.15302086212712, 53.1751374522516], [-1.11122683351695, 53.1989261925677], [-1.09476360068258, 53.2286140887751], [-1.10329585420785, 53.2356073423104], [-1.02763231143685, 53.2610348651001], [-1.00701071190992, 53.2363175178303], [-0.967542265148865, 53.2353336118408], [-0.94726263076158, 53.225830103792], [-0.948919729878981, 53.2141191641516], [-0.894248026633959, 53.2236714797239], [-0.857838669762247, 53.2122066505459], [-0.839819523742066, 53.2189203278969], [-0.821570910330909, 53.2013504363431], [-0.787292538562419, 53.2045654574049], [-0.780363092510896, 53.1963979236758], [-0.77707445272525, 53.2469081695812], [-0.73508333879074, 53.2438739831484], [-0.734150803388177, 53.2540040459026], [-0.688027280325921, 53.2583912407031], [-0.666577004989044, 53.2397024965169]]]}}, {"id": "184", "type": "Feature", "properties": {"LAD22CD": "E07000176", "LAD22NM": "Rushcliffe"}, "geometry": {"type": "Polygon", "coordinates": [[[-0.820021885123097, 52.9604644294128], [-0.833908629870818, 52.9458805032832], [-0.824360730976672, 52.9417896098345], [-0.862893425264728, 52.9131138452548], [-0.85763357391753, 52.9056423200794], [-0.916924921846032, 52.8789315831176], [-0.940573916542046, 52.8768561313973], [-0.928121482481403, 52.8660833095459], [-0.959503896903261, 52.8437817311886], [-0.977074582062935, 52.8407376633052], [-0.982709019320862, 52.8206748653118], [-1.02193315697324, 52.8220518883665], [-1.03628929191991, 52.8158772842477], [-1.07173821252654, 52.8140112117332], [-1.07443530143318, 52.8247266344066], [-1.11694190790358, 52.8195772072277], [-1.13089307263852, 52.8058269116307], [-1.16327577042398, 52.8065222287069], [-1.19772936216661, 52.7894115471348], [-1.2258860486895, 52.7916775636682], [-1.26192675778543, 52.8104533294567], [-1.27436347501172, 52.8361295182939], [-1.26788907937114, 52.8733686514596], [-1.24005549011668, 52.8801088572395], [-1.23970599304057, 52.8922892374961], [-1.22049251357766, 52.8955638432422], [-1.21391985222849, 52.9044147876099], [-1.17642563311706, 52.8890677038219], [-1.15860361808389, 52.9000621139604], [-1.15228878148246, 52.9370264523314], [-1.14188338396034, 52.9319895309035], [-1.13176001590183, 52.9428159257364], [-1.0996766978426, 52.9419751354145], [-1.08611507246246, 52.9485698839615], [-1.07333773695502, 52.9558908416841], [-1.04146199109571, 52.9513031782439], [-1.03756338889654, 52.9835840326693], [-1.01655318774462, 52.9802435323896], [-1.00708600519626, 52.9854570877984], [-0.975962166195505, 52.9863262614526], [-0.91012044940713, 53.0359284297717], [-0.879779846883795, 53.0063528895912], [-0.86455298548022, 53.0113444806934], [-0.822916664810415, 53.000985976254], [-0.815158220785605, 52.9856613505293], [-0.836071500009117, 52.9679213738065], [-0.820021885123097, 52.9604644294128]]]}}, {"id": "185", "type": "Feature", "properties": {"LAD22CD": "E07000177", "LAD22NM": "Cherwell"}, "geometry": {"type": "Polygon", "coordinates": [[[-1.11808639729751, 52.015426172085], [-1.05312118626513, 52.0024529965756], [-1.09516668657217, 51.9574323430641], [-1.07895146640041, 51.9433664355141], [-1.05461629259457, 51.9479588124095], [-1.0866733468149, 51.9226458788993], [-1.07935639023285, 51.9172219822449], [-1.09351899137334, 51.8939368967027], [-1.06897524962351, 51.8872626698247], [-1.07760518877841, 51.876730766172], [-1.0646424320269, 51.8686971833462], [-1.06197784920729, 51.8441266357268], [-1.0471229362899, 51.8398136635254], [-1.07844944295484, 51.8292545769782], [-1.12159886352224, 51.8453420987276], [-1.14067612335695, 51.8346897793604], [-1.11009656481819, 51.8173050363525], [-1.12488968962276, 51.8075112142446], [-1.12354117099906, 51.7941812934693], [-1.12681833186115, 51.7995025010055], [-1.15407614008041, 51.7966337638041], [-1.16741030149783, 51.8137775288111], [-1.1873168621068, 51.8121356431289], [-1.1945190849172, 51.7969943973653], [-1.24196364597874, 51.809995834108], [-1.25270442593651, 51.7864991531116], [-1.25809430677354, 51.793510545404], [-1.28364459230596, 51.7962695881101], [-1.3028200145808, 51.7809650253817], [-1.30498622633723, 51.7898010345648], [-1.32234287012786, 51.7878396561035], [-1.33834131829048, 51.8199522812362], [-1.32669493699096, 51.8266162070273], [-1.34200086859349, 51.8301814278012], [-1.33917530058564, 51.8561728951774], [-1.33399446573874, 51.8624789496846], [-1.29674534670812, 51.8610999190669], [-1.30211341142281, 51.8691160663026], [-1.28625255166708, 51.874838306894], [-1.29799206239821, 51.8883930432814], [-1.29133318851888, 51.8966808426208], [-1.30369055755698, 51.9026123785015], [-1.29891894233659, 51.9131558163255], [-1.33995155587948, 51.9349007546276], [-1.33246526558143, 51.9421494292283], [-1.36185805954152, 51.9483750320843], [-1.36139623053788, 51.9685367691785], [-1.37731865869742, 51.9796369123785], [-1.40186767483595, 51.979870255467], [-1.40965214114723, 51.9727077076961], [-1.43737183445808, 51.9891925734778], [-1.45407737299139, 51.9796705536453], [-1.49366830577976, 51.974898785987], [-1.52282569381325, 51.9968433232583], [-1.48780444309778, 52.0939574330421], [-1.47730164801721, 52.1013509449693], [-1.44718785165916, 52.0976250329561], [-1.45345845225059, 52.1130088171451], [-1.42585527139589, 52.1182494968197], [-1.38539981246728, 52.0941455730689], [-1.35776965526573, 52.101310424564], [-1.37084214071868, 52.1175341834914], [-1.39330253064253, 52.1189629049398], [-1.36614709694777, 52.136075238415], [-1.34870940656972, 52.1351376009654], [-1.3318971346503, 52.168485056197], [-1.2480850615427, 52.0971607919138], [-1.32116486414435, 52.0870189284444], [-1.31815993117564, 52.0799212576787], [-1.29750881413832, 52.0780566948102], [-1.31292004347286, 52.0514526634399], [-1.27816401885651, 52.0142726693672], [-1.28339696573283, 51.9795473067363], [-1.24161223468245, 51.9862933638439], [-1.19625975033443, 51.9774314432067], [-1.16382348465592, 51.993412226747], [-1.13432869833779, 51.997296387881], [-1.11808639729751, 52.015426172085]]]}}, {"id": "186", "type": "Feature", "properties": {"LAD22CD": "E07000178", "LAD22NM": "Oxford"}, "geometry": {"type": "Polygon", "coordinates": [[[-1.25270442593651, 51.7864991531116], [-1.22081529286482, 51.7722583988805], [-1.18020789289045, 51.7658652833379], [-1.19438454639127, 51.7566635061015], [-1.1939880439724, 51.736529927586], [-1.1757938083229, 51.7334765953091], [-1.19031280782343, 51.7270457254817], [-1.18958644135103, 51.7145615010862], [-1.22228414164303, 51.7109850357034], [-1.24130957964358, 51.7251596978921], [-1.29073760877581, 51.7507150391397], [-1.3028200145808, 51.7809650253817], [-1.28364459230596, 51.7962695881101], [-1.25809430677354, 51.793510545404], [-1.25270442593651, 51.7864991531116]]]}}, {"id": "187", "type": "Feature", "properties": {"LAD22CD": "E07000179", "LAD22NM": "South Oxfordshire"}, "geometry": {"type": "Polygon", "coordinates": [[[-1.12354117099906, 51.7941812934693], [-1.10636133376123, 51.781630502706], [-1.08323928312899, 51.7805175968097], [-1.08085173738086, 51.756553657355], [-1.04547146097639, 51.7445992127829], [-1.03043536180328, 51.7449285729707], [-1.02978259318824, 51.7578890168578], [-0.98631786027973, 51.7520582911413], [-0.97979648625965, 51.7607054549317], [-0.954184160832786, 51.7578580626545], [-0.924115298282358, 51.7477150779008], [-0.888377397705651, 51.719226660985], [-0.894772980132941, 51.6925222890904], [-0.879895887122356, 51.6808648769757], [-0.897896373360577, 51.6764007553867], [-0.877706762468148, 51.6683850758408], [-0.9177290186767, 51.6724004078012], [-0.932212883219972, 51.6648684666832], [-0.927251214485182, 51.6514436207499], [-0.950725842013544, 51.6507411973348], [-0.934586126755807, 51.6366985714793], [-0.950029511752735, 51.6289071647048], [-0.938644424025197, 51.617786881244], [-0.943092319329677, 51.6049421076086], [-0.916933649244239, 51.5996475026708], [-0.94147123230418, 51.5855069546108], [-0.93842713855053, 51.5711555383331], [-0.901680596010387, 51.5561657738043], [-0.896882190115767, 51.5448630133878], [-0.900134311968213, 51.5366613900098], [-0.878512270321433, 51.5234856398144], [-0.870304673324217, 51.5035928881502], [-0.893850446902064, 51.496642617907], [-0.921698113854484, 51.4679314572446], [-0.949167813983683, 51.4595133240547], [-0.955183900010933, 51.4653338428556], [-0.941136941423418, 51.4749776518845], [-0.957481198497003, 51.4930778037967], [-0.998398933904973, 51.4843048210687], [-1.0135636993656, 51.4662920189119], [-1.03655747902791, 51.4752267537986], [-1.05134983656427, 51.4918599385978], [-1.0878821588534, 51.4857544151913], [-1.10217985266957, 51.4896735713327], [-1.1130174680504, 51.5094886961382], [-1.14205314180795, 51.5161954403677], [-1.14037476539537, 51.5429113017947], [-1.20465030082425, 51.5283945154373], [-1.20464416143085, 51.537603894896], [-1.22679203559485, 51.5351584620885], [-1.20387167686045, 51.5921362506322], [-1.23006158168828, 51.5803267001726], [-1.26928645199502, 51.5845720580304], [-1.29022497489805, 51.5778972221941], [-1.2650627542983, 51.6037527455444], [-1.2732700469337, 51.6116354970477], [-1.26538459228854, 51.6188894500276], [-1.24306670442577, 51.6225174114359], [-1.21905544821979, 51.6418692144828], [-1.26308105278683, 51.6500929250291], [-1.28052218271166, 51.6430248442564], [-1.28946797949619, 51.6469132285708], [-1.27811228417182, 51.6686584685411], [-1.25003569003515, 51.6665927811393], [-1.22677391256224, 51.6761051653263], [-1.22210353104435, 51.6883116255462], [-1.24130957964358, 51.7251596978921], [-1.22228414164303, 51.7109850357034], [-1.18958644135103, 51.7145615010862], [-1.19031280782343, 51.7270457254817], [-1.1757938083229, 51.7334765953091], [-1.1939880439724, 51.736529927586], [-1.19438454639127, 51.7566635061015], [-1.18020789289045, 51.7658652833379], [-1.22081529286482, 51.7722583988805], [-1.25270442593651, 51.7864991531116], [-1.24196364597874, 51.809995834108], [-1.1945190849172, 51.7969943973653], [-1.1873168621068, 51.8121356431289], [-1.16741030149783, 51.8137775288111], [-1.15407614008041, 51.7966337638041], [-1.12681833186115, 51.7995025010055], [-1.12354117099906, 51.7941812934693]]]}}, {"id": "188", "type": "Feature", "properties": {"LAD22CD": "E07000180", "LAD22NM": "Vale of White Horse"}, "geometry": {"type": "Polygon", "coordinates": [[[-1.3028200145808, 51.7809650253817], [-1.29073760877581, 51.7507150391397], [-1.24130957964358, 51.7251596978921], [-1.22210353104435, 51.6883116255462], [-1.22677391256224, 51.6761051653263], [-1.25003569003515, 51.6665927811393], [-1.27811228417182, 51.6686584685411], [-1.28946797949619, 51.6469132285708], [-1.28052218271166, 51.6430248442564], [-1.26308105278683, 51.6500929250291], [-1.21905544821979, 51.6418692144828], [-1.24306670442577, 51.6225174114359], [-1.26538459228854, 51.6188894500276], [-1.2732700469337, 51.6116354970477], [-1.2650627542983, 51.6037527455444], [-1.29022497489805, 51.5778972221941], [-1.26928645199502, 51.5845720580304], [-1.23006158168828, 51.5803267001726], [-1.20387167686045, 51.5921362506322], [-1.22679203559485, 51.5351584620885], [-1.26065559107578, 51.5377899051538], [-1.3287207966799, 51.5637124135033], [-1.34240310935362, 51.543686280692], [-1.3673210476583, 51.5524667176092], [-1.38377881234937, 51.5404262109553], [-1.4048577107684, 51.5472352184892], [-1.42276866886813, 51.5357649276512], [-1.42659119274702, 51.5455988598669], [-1.44783186160006, 51.5364265429324], [-1.46442254094774, 51.5385166987317], [-1.47074436480117, 51.5286068389578], [-1.51293889355992, 51.5507598098694], [-1.53095864819817, 51.5460694666429], [-1.55500099625547, 51.5533704629675], [-1.58118687450076, 51.5369949629826], [-1.58470801107569, 51.5249121192573], [-1.60281227577577, 51.5182950573493], [-1.64769133240668, 51.5719518965806], [-1.65504455154451, 51.576506273878], [-1.6765398170414, 51.5694390418873], [-1.69111065938545, 51.583523727724], [-1.69061673406566, 51.6054499290187], [-1.66700965139022, 51.6162644740119], [-1.67373615894307, 51.6228498665634], [-1.65995432000758, 51.6349908726268], [-1.69193809184422, 51.6521645874729], [-1.70018909588819, 51.6707416649703], [-1.68305860763384, 51.6901103608739], [-1.66845860139018, 51.6804375698815], [-1.64825374342062, 51.6840870667632], [-1.6060445725769, 51.6922559630325], [-1.59856301284033, 51.6879094324822], [-1.5756449815067, 51.7000887081066], [-1.54518762589617, 51.7032393324392], [-1.48986639733624, 51.6940163752854], [-1.47903856716974, 51.7038495613709], [-1.46455653590803, 51.6996296312283], [-1.45900923427453, 51.7133043203131], [-1.39191993739824, 51.7062959256464], [-1.36871464191471, 51.7237374922592], [-1.36378477917518, 51.7721067733093], [-1.32234287012786, 51.7878396561035], [-1.30498622633723, 51.7898010345648], [-1.3028200145808, 51.7809650253817]]]}}, {"id": "189", "type": "Feature", "properties": {"LAD22CD": "E07000181", "LAD22NM": "West Oxfordshire"}, "geometry": {"type": "Polygon", "coordinates": [[[-1.32234287012786, 51.7878396561035], [-1.36378477917518, 51.7721067733093], [-1.36871464191471, 51.7237374922592], [-1.39191993739824, 51.7062959256464], [-1.45900923427453, 51.7133043203131], [-1.46455653590803, 51.6996296312283], [-1.47903856716974, 51.7038495613709], [-1.48986639733624, 51.6940163752854], [-1.54518762589617, 51.7032393324392], [-1.5756449815067, 51.7000887081066], [-1.59856301284033, 51.6879094324822], [-1.6060445725769, 51.6922559630325], [-1.64825374342062, 51.6840870667632], [-1.68800012551327, 51.7120447484807], [-1.69587065656067, 51.7235374534648], [-1.6870208353919, 51.7398840237491], [-1.70070464063817, 51.7705842309133], [-1.71948863302901, 51.783211828608], [-1.68193160633868, 51.8039930873526], [-1.68646159226861, 51.834455791808], [-1.67638499897572, 51.8503096863382], [-1.68686790516724, 51.865499769979], [-1.66711188278055, 51.8770000586035], [-1.6586519744456, 51.8965511935467], [-1.63305061648252, 51.8992254674722], [-1.64552984349675, 51.9222942568441], [-1.61518893058729, 51.9376816298851], [-1.63249065036283, 51.9556514588347], [-1.66252911046192, 51.96400494758], [-1.66575430454863, 51.9874888219864], [-1.61234247849955, 51.9554034171782], [-1.5916338243768, 51.9704499714443], [-1.60030155963125, 51.9769415562367], [-1.56353907898642, 51.977040370489], [-1.5496712341503, 51.9808596590458], [-1.55722360987893, 51.9916576656612], [-1.52282569381325, 51.9968433232583], [-1.49366830577976, 51.974898785987], [-1.45407737299139, 51.9796705536453], [-1.43737183445808, 51.9891925734778], [-1.40965214114723, 51.9727077076961], [-1.40186767483595, 51.979870255467], [-1.37731865869742, 51.9796369123785], [-1.36139623053788, 51.9685367691785], [-1.36185805954152, 51.9483750320843], [-1.33246526558143, 51.9421494292283], [-1.33995155587948, 51.9349007546276], [-1.29891894233659, 51.9131558163255], [-1.30369055755698, 51.9026123785015], [-1.29133318851888, 51.8966808426208], [-1.29799206239821, 51.8883930432814], [-1.28625255166708, 51.874838306894], [-1.30211341142281, 51.8691160663026], [-1.29674534670812, 51.8610999190669], [-1.33399446573874, 51.8624789496846], [-1.33917530058564, 51.8561728951774], [-1.34200086859349, 51.8301814278012], [-1.32669493699096, 51.8266162070273], [-1.33834131829048, 51.8199522812362], [-1.32234287012786, 51.7878396561035]]]}}, {"id": "190", "type": "Feature", "properties": {"LAD22CD": "E07000187", "LAD22NM": "Mendip"}, "geometry": {"type": "Polygon", "coordinates": [[[-2.34630465392582, 51.1305106831692], [-2.37145981973678, 51.143454968744], [-2.42815471338175, 51.1432879078884], [-2.45383823044291, 51.1227940996204], [-2.48207517632137, 51.1192882257724], [-2.52170038043465, 51.1011878165177], [-2.57924037409132, 51.0887802752845], [-2.59809903127378, 51.0984066493159], [-2.60116016397759, 51.0889797232979], [-2.58604814987652, 51.0844624281618], [-2.60130397286277, 51.0846492312258], [-2.59801232749777, 51.0702813102847], [-2.63262922815893, 51.0632800127714], [-2.6425267050066, 51.0826410632108], [-2.63439853665875, 51.0882346227599], [-2.64823302154246, 51.10207041119], [-2.66395932116685, 51.0992673667418], [-2.67451443363008, 51.0834254921236], [-2.69734322242412, 51.0762298315097], [-2.70815392022398, 51.0802076837303], [-2.70585261180625, 51.0720341925312], [-2.71546901568862, 51.0777198778508], [-2.70741301995361, 51.0916322765627], [-2.73444645141491, 51.106747027839], [-2.74712663962081, 51.0953363845558], [-2.81987348345156, 51.1079327961481], [-2.8243130826543, 51.1203658370092], [-2.78611276833126, 51.1124295348261], [-2.79678577652829, 51.1282070577344], [-2.78601360784454, 51.1529502484578], [-2.8426879403719, 51.1729411627784], [-2.83795038460323, 51.1905181810128], [-2.80704410749744, 51.1797531442578], [-2.79383714700528, 51.2043421537654], [-2.74594412013278, 51.2062723700598], [-2.75153803413529, 51.2241922509941], [-2.77974272784283, 51.2299037770818], [-2.77804018201904, 51.24691116225], [-2.73869027895124, 51.2664481677935], [-2.72719977102616, 51.2612174736657], [-2.70989301683794, 51.2701080882861], [-2.72059061035749, 51.2755881563012], [-2.71496868307739, 51.281743472751], [-2.73298809572883, 51.2822165293199], [-2.7327874259504, 51.3041161526438], [-2.76563111314178, 51.3090305213135], [-2.76464422735267, 51.3225771747279], [-2.69487895435338, 51.3180942915247], [-2.63869834280671, 51.2948229161123], [-2.62749343307615, 51.2828708205356], [-2.55782420176251, 51.3026613960108], [-2.49722110687873, 51.2908409039615], [-2.50635614425412, 51.2789907798003], [-2.47800109139509, 51.273096744002], [-2.47379245297825, 51.2779866230509], [-2.45172260312224, 51.2742514031922], [-2.40091745014227, 51.3048002330501], [-2.38718077281427, 51.2946434487968], [-2.28909082429693, 51.3252720485445], [-2.27309487103777, 51.3228790460251], [-2.27195450640093, 51.3142540539339], [-2.28506752624869, 51.3094571530531], [-2.28068002440096, 51.2934629278997], [-2.26525311710259, 51.2962199832276], [-2.25349723752292, 51.2898347409545], [-2.24534123488723, 51.2538761371033], [-2.29836953216503, 51.1754368546501], [-2.34630465392582, 51.1305106831692]]]}}, {"id": "191", "type": "Feature", "properties": {"LAD22CD": "E07000188", "LAD22NM": "Sedgemoor"}, "geometry": {"type": "Polygon", "coordinates": [[[-3.00013840924515, 51.3221293449622], [-2.99011400394716, 51.3165446229993], [-2.98987343636891, 51.3162833288551], [-2.98664958724306, 51.3127813826489], [-2.98695466470382, 51.3114589516252], [-2.99316268851688, 51.3010110831057], [-2.98810382352796, 51.3064770100914], [-2.9898200343769, 51.2990347778219], [-2.97261926639963, 51.2957124823566], [-2.9620389423923, 51.3047909942121], [-2.93687950389505, 51.3030788529746], [-2.89710380982307, 51.2906145791208], [-2.88491962485819, 51.3066645554571], [-2.87714603016825, 51.3000626729192], [-2.81023646544598, 51.3014243120215], [-2.81867321270989, 51.3263654540974], [-2.76464422735267, 51.3225771747279], [-2.76563111314178, 51.3090305213135], [-2.7327874259504, 51.3041161526438], [-2.73298809572883, 51.2822165293199], [-2.71496868307739, 51.281743472751], [-2.72059061035749, 51.2755881563012], [-2.70989301683794, 51.2701080882861], [-2.72719977102616, 51.2612174736657], [-2.73869027895124, 51.2664481677935], [-2.77804018201904, 51.24691116225], [-2.77974272784283, 51.2299037770818], [-2.75153803413529, 51.2241922509941], [-2.74594412013278, 51.2062723700598], [-2.79383714700528, 51.2043421537654], [-2.80704410749744, 51.1797531442578], [-2.83795038460323, 51.1905181810128], [-2.8426879403719, 51.1729411627784], [-2.78601360784454, 51.1529502484578], [-2.79678577652829, 51.1282070577344], [-2.78611276833126, 51.1124295348261], [-2.8243130826543, 51.1203658370092], [-2.81987348345156, 51.1079327961481], [-2.84994511660274, 51.1031754124953], [-2.8572947463802, 51.077947173323], [-2.87743437805983, 51.0812812602501], [-2.88819348190725, 51.0690987345502], [-2.91219463131707, 51.0851604879324], [-2.92526494541254, 51.0851296269639], [-2.94875187798559, 51.0735083388594], [-2.9268261376994, 51.061527388483], [-2.95778256621146, 51.0474313340406], [-2.98215298987896, 51.0408213808061], [-2.99745001167967, 51.0537839942771], [-3.01623868184149, 51.0547904899744], [-3.03121167578629, 51.0479143250849], [-3.02468005939822, 51.0598434298032], [-3.04645211777561, 51.065559695932], [-3.13796372744007, 51.0721953201407], [-3.15995127196073, 51.0908599860853], [-3.14085841378554, 51.0995149578792], [-3.14216605091385, 51.1092788364183], [-3.16842542237631, 51.1043066356713], [-3.2158842048091, 51.1295568674665], [-3.20546776739122, 51.1428055649624], [-3.1786789242225, 51.1467053541067], [-3.15753971540479, 51.1636695027777], [-3.11373026277158, 51.1699107753641], [-3.11623303401686, 51.1760539215496], [-3.08546811010617, 51.1960786600143], [-3.06747358653228, 51.1944599551074], [-3.05165538736957, 51.2032599723794], [-3.05401673638422, 51.2062062477765], [-3.01926285898763, 51.2184763433373], [-3.03254964006662, 51.1945761948162], [-3.02265502683765, 51.1962824858694], [-3.00226525256156, 51.225954409193], [-2.99893555821856, 51.2231719036139], [-2.98428564189524, 51.2204263139817], [-2.99908943311234, 51.2249782560885], [-3.00050760858755, 51.2416191571193], [-3.02153817023771, 51.2654739212463], [-3.01206241782109, 51.321029541893], [-3.0354696915471, 51.3285356003504], [-3.00013840924515, 51.3221293449622]]]}}, {"id": "192", "type": "Feature", "properties": {"LAD22CD": "E07000189", "LAD22NM": "South Somerset"}, "geometry": {"type": "Polygon", "coordinates": [[[-2.34630465392582, 51.1305106831692], [-2.34453924740452, 51.1246781602203], [-2.3645276284756, 51.11887884006], [-2.36252944244235, 51.101623672663], [-2.32585275983044, 51.0796755881052], [-2.34997811943973, 51.0688007966931], [-2.3300144212501, 51.0413445746229], [-2.3813483865981, 51.0049224774254], [-2.37692092962676, 50.9907648130566], [-2.35489702801029, 50.9908805160152], [-2.34455653686763, 50.9788293029238], [-2.41492761933618, 50.960583438301], [-2.42799147535897, 50.9713867575952], [-2.4471777663599, 50.9678502227922], [-2.44286746193651, 50.9596600858945], [-2.45620376827821, 50.9493438830886], [-2.49034524922401, 50.9727724066294], [-2.50234661127076, 50.9938363586746], [-2.52641625853615, 50.9919077041006], [-2.54743511832829, 50.9995416872973], [-2.54542343612897, 50.9850805010583], [-2.55620702557173, 50.9795351575811], [-2.5746303684989, 50.9866936813582], [-2.5860233663728, 50.9768692890978], [-2.59584521904693, 50.9813399701132], [-2.6033871710982, 50.9763444694623], [-2.59820027247584, 50.9485744877741], [-2.61609375160151, 50.9405812729446], [-2.60404000220076, 50.926724702452], [-2.62406503860158, 50.9078668915873], [-2.60957244973733, 50.8915544155553], [-2.61610129488952, 50.8816335411571], [-2.66061147580896, 50.887104799987], [-2.71438978086404, 50.8711436149196], [-2.71455590879055, 50.8638944599667], [-2.75749893953738, 50.8669025856437], [-2.79229423668103, 50.8528182460667], [-2.81142509401011, 50.8634098189166], [-2.82895693146311, 50.8486596423691], [-2.88624393377884, 50.8505898146936], [-2.9301585318766, 50.840928292851], [-2.95432123760533, 50.8211725185423], [-2.96982773618545, 50.8342032775369], [-2.97363855894783, 50.8557618155622], [-3.03680608618723, 50.8510651729283], [-3.03263151653362, 50.8616392391691], [-3.05498743545546, 50.8744870099697], [-3.05239884145015, 50.9082765870699], [-3.08457227939435, 50.9216454284065], [-3.08837749506336, 50.9380066699312], [-3.03282065882268, 50.9363077858347], [-3.0077084356917, 50.9570706224218], [-2.98046119325378, 50.9649923127111], [-2.97866239216156, 50.997620291386], [-2.9443099321399, 51.0032751589755], [-2.95047714156815, 51.0112685541384], [-2.88384423829354, 51.0457873564886], [-2.89310785665498, 51.0550349181969], [-2.88819348190725, 51.0690987345502], [-2.87743437805983, 51.0812812602501], [-2.8572947463802, 51.077947173323], [-2.84994511660274, 51.1031754124953], [-2.81987348345156, 51.1079327961481], [-2.74712663962081, 51.0953363845558], [-2.73444645141491, 51.106747027839], [-2.70741301995361, 51.0916322765627], [-2.71546901568862, 51.0777198778508], [-2.70585261180625, 51.0720341925312], [-2.70815392022398, 51.0802076837303], [-2.69734322242412, 51.0762298315097], [-2.67451443363008, 51.0834254921236], [-2.66395932116685, 51.0992673667418], [-2.64823302154246, 51.10207041119], [-2.63439853665875, 51.0882346227599], [-2.6425267050066, 51.0826410632108], [-2.63262922815893, 51.0632800127714], [-2.59801232749777, 51.0702813102847], [-2.60130397286277, 51.0846492312258], [-2.58604814987652, 51.0844624281618], [-2.60116016397759, 51.0889797232979], [-2.59809903127378, 51.0984066493159], [-2.57924037409132, 51.0887802752845], [-2.52170038043465, 51.1011878165177], [-2.48207517632137, 51.1192882257724], [-2.45383823044291, 51.1227940996204], [-2.42815471338175, 51.1432879078884], [-2.37145981973678, 51.143454968744], [-2.34630465392582, 51.1305106831692]]]}}, {"id": "193", "type": "Feature", "properties": {"LAD22CD": "E07000192", "LAD22NM": "Cannock Chase"}, "geometry": {"type": "Polygon", "coordinates": [[[-1.95456973548851, 52.6626411711504], [-1.96096309818208, 52.6428146771464], [-1.98655031223884, 52.6404092782399], [-2.00407919311923, 52.668682773699], [-2.05188262521733, 52.6787047955323], [-2.05463221958658, 52.6900591908124], [-2.03099393545077, 52.7053059635142], [-2.02680200618696, 52.7363177599337], [-2.01758273269507, 52.7592645630292], [-1.97312973286761, 52.7615582311563], [-1.94394384912081, 52.7737595605108], [-1.91163679191924, 52.7592713835694], [-1.91080679278257, 52.7511909520294], [-1.93770107368434, 52.7162726361045], [-1.91551067849955, 52.7106385962707], [-1.95925002169886, 52.6841490088174], [-1.95456973548851, 52.6626411711504]]]}}, {"id": "194", "type": "Feature", "properties": {"LAD22CD": "E07000193", "LAD22NM": "East Staffordshire"}, "geometry": {"type": "Polygon", "coordinates": [[[-1.74600328186458, 52.8686931604978], [-1.72532205465213, 52.8596631847173], [-1.70434504999622, 52.8666805919223], [-1.70060876646215, 52.8605835236092], [-1.69027182016724, 52.8644693782085], [-1.62675456354445, 52.8544371746234], [-1.58535204003726, 52.8317146205232], [-1.61049453727209, 52.8164043093875], [-1.59182686047041, 52.8094905911784], [-1.58887036628345, 52.7998659863949], [-1.61434537917712, 52.7882740475944], [-1.61112950153712, 52.7814035608609], [-1.66653674723611, 52.7847230322657], [-1.70415800106741, 52.7320787781291], [-1.75060323462366, 52.7391478547364], [-1.76714647798798, 52.7508067459013], [-1.78416863642376, 52.7458038317539], [-1.79053172784644, 52.7537863068469], [-1.81752567730303, 52.7551908930745], [-1.82841986857942, 52.7690419872315], [-1.80950438320068, 52.7831429255512], [-1.81784572515464, 52.793125376617], [-1.84235656303219, 52.795931841874], [-1.85373542110968, 52.7823218254392], [-1.88987926640653, 52.8003739283409], [-1.90194307011178, 52.7953224972254], [-1.9513271234175, 52.8074284016666], [-1.96787108189404, 52.8243611889176], [-1.93678499829896, 52.8480934653785], [-1.93598454472311, 52.8706097464558], [-1.96053699763473, 52.8702266211041], [-1.9796598616377, 52.8932790745874], [-1.99970376972739, 52.8922684792706], [-2.01274965740766, 52.9065814438428], [-2.04152635969792, 52.9174768209124], [-1.97111589349816, 52.9407913774536], [-1.94050966116128, 52.9314762224626], [-1.92689294949817, 52.941296679003], [-1.91018560060171, 52.9398093355698], [-1.90354888786314, 52.9460130007683], [-1.92546730389491, 52.9631909652496], [-1.85990902474116, 52.9777692742303], [-1.88059504440698, 52.9946023784427], [-1.88417697630507, 53.0200550802302], [-1.87159514611283, 53.0200323501187], [-1.85603268760378, 53.034096988681], [-1.830481989006, 53.0329722259979], [-1.81313863812884, 53.0293874853172], [-1.79600054534464, 53.0132086514519], [-1.78486501187173, 53.0245837108726], [-1.79466029845962, 53.0393359647006], [-1.77898129670065, 53.0448443741093], [-1.758931442407, 53.037315773926], [-1.76240468835541, 52.9998576830648], [-1.82678096538971, 52.9770857589323], [-1.8297993167524, 52.9457059852571], [-1.85657559960297, 52.9233909598958], [-1.82820959492902, 52.8844277546452], [-1.77722065071375, 52.8838147408519], [-1.74600328186458, 52.8686931604978]]]}}, {"id": "195", "type": "Feature", "properties": {"LAD22CD": "E07000194", "LAD22NM": "Lichfield"}, "geometry": {"type": "Polygon", "coordinates": [[[-1.70415800106741, 52.7320787781291], [-1.65660772699026, 52.7217484729091], [-1.655041567809, 52.6987985798052], [-1.59754104512465, 52.7004217669502], [-1.5896451852037, 52.6872608081784], [-1.6449429538447, 52.6575167797495], [-1.68431227786215, 52.6472468152023], [-1.72243859366367, 52.6513847375884], [-1.73446600372403, 52.644593500739], [-1.7313327682519, 52.6327866225972], [-1.70220633979308, 52.6158497398001], [-1.69151155798808, 52.6175079720329], [-1.7003926529636, 52.5909126449143], [-1.729310527494, 52.5879332938725], [-1.74240800261814, 52.5943253674271], [-1.7880812993329, 52.5878626088221], [-1.7965280894026, 52.5991229386816], [-1.82812858189664, 52.6087219886757], [-1.85395416211155, 52.6019250354407], [-1.87256445035415, 52.5849446957769], [-1.8922660164266, 52.599151928031], [-1.88608807518652, 52.6154115328795], [-1.91598526501652, 52.6352857818685], [-1.90508380548937, 52.6432075574539], [-1.91801459097475, 52.6498947404699], [-1.91087797950224, 52.656500776471], [-1.93356858004758, 52.6616101045633], [-1.9454019192549, 52.6562986344432], [-1.95456973548851, 52.6626411711504], [-1.95925002169886, 52.6841490088174], [-1.91551067849955, 52.7106385962707], [-1.93770107368434, 52.7162726361045], [-1.91080679278257, 52.7511909520294], [-1.91163679191924, 52.7592713835694], [-1.94394384912081, 52.7737595605108], [-1.95813101906937, 52.7984909833021], [-1.9513271234175, 52.8074284016666], [-1.90194307011178, 52.7953224972254], [-1.88987926640653, 52.8003739283409], [-1.85373542110968, 52.7823218254392], [-1.84235656303219, 52.795931841874], [-1.81784572515464, 52.793125376617], [-1.80950438320068, 52.7831429255512], [-1.82841986857942, 52.7690419872315], [-1.81752567730303, 52.7551908930745], [-1.79053172784644, 52.7537863068469], [-1.78416863642376, 52.7458038317539], [-1.76714647798798, 52.7508067459013], [-1.75060323462366, 52.7391478547364], [-1.70415800106741, 52.7320787781291]]]}}, {"id": "196", "type": "Feature", "properties": {"LAD22CD": "E07000195", "LAD22NM": "Newcastle-under-Lyme"}, "geometry": {"type": "Polygon", "coordinates": [[[-2.18120675463031, 53.0897970691097], [-2.19861521468755, 53.0927192437964], [-2.23876135172224, 53.0733392655837], [-2.20251669188531, 53.0199598851989], [-2.21548673693578, 53.01530509862], [-2.20434090153092, 52.9813982117568], [-2.21251375044799, 52.9805793513013], [-2.27014671138498, 52.9634783588718], [-2.27801964973347, 52.9512470282375], [-2.26411218227811, 52.9236963755586], [-2.31991220615414, 52.9324323564755], [-2.34737048201078, 52.9141099900731], [-2.3579169642929, 52.9185967383695], [-2.37917217385222, 52.9128870996625], [-2.37893788163928, 52.8917205240456], [-2.44041158371091, 52.8812273008096], [-2.44614159360973, 52.8740080691121], [-2.47084125003617, 52.9058690823754], [-2.43712308232414, 52.9435990148052], [-2.42526929753461, 52.9499985200323], [-2.40560245084248, 52.9472941546176], [-2.41289866473101, 52.9617402681845], [-2.38620832086667, 52.9532172782145], [-2.37971828550886, 52.9760652635183], [-2.36873055737941, 52.9793594897758], [-2.38079367936827, 52.9984110622549], [-2.38304468514478, 53.0077867863604], [-2.37046780521562, 53.0145758528387], [-2.38422739108102, 53.0261675781643], [-2.38124882129727, 53.0525513186491], [-2.34758567134112, 53.05617029333], [-2.31805098763611, 53.0813587571192], [-2.29337580822828, 53.0783263881931], [-2.25324849091567, 53.0939769935289], [-2.24740691731874, 53.0898498474901], [-2.2113149262639, 53.1158244641231], [-2.18120675463031, 53.0897970691097]]]}}, {"id": "197", "type": "Feature", "properties": {"LAD22CD": "E07000196", "LAD22NM": "South Staffordshire"}, "geometry": {"type": "Polygon", "coordinates": [[[-2.02680200618696, 52.7363177599337], [-2.03099393545077, 52.7053059635142], [-2.05463221958658, 52.6900591908124], [-2.05188262521733, 52.6787047955323], [-2.00407919311923, 52.668682773699], [-1.98655031223884, 52.6404092782399], [-2.02946571800893, 52.6256739087564], [-2.03012315423271, 52.6169545037431], [-2.05071786918317, 52.6205226805822], [-2.08100174127972, 52.6119049797521], [-2.10125068864524, 52.6350551525611], [-2.13164409930699, 52.6376230837758], [-2.16835061769236, 52.6199896641602], [-2.16915726306721, 52.609338362556], [-2.19639726168784, 52.6066153665899], [-2.18918611805601, 52.5887750856374], [-2.20669618824762, 52.5851794880261], [-2.18033702695975, 52.5745049379407], [-2.1755346715768, 52.5544071322454], [-2.13348672789088, 52.5540666639507], [-2.13558727620906, 52.5344609374318], [-2.15221000603085, 52.525696073702], [-2.1442106820995, 52.5170740585455], [-2.19194049675542, 52.5034552744859], [-2.16741962532073, 52.4715410983952], [-2.17648315747155, 52.4548218475081], [-2.16485128257998, 52.4302041413132], [-2.16770663043039, 52.4237803511181], [-2.26950475053342, 52.4386159936785], [-2.2949641030381, 52.4489476840565], [-2.28738237113973, 52.4553169285039], [-2.3127491667011, 52.4892088291572], [-2.29139000182827, 52.511679924962], [-2.26094318513366, 52.5241024164049], [-2.2692153554449, 52.5306887975025], [-2.25640506809536, 52.5417964785155], [-2.28247661716922, 52.5533960748376], [-2.26193773864192, 52.5690598023103], [-2.30029269773898, 52.5930271010792], [-2.32202449570949, 52.5936360480848], [-2.32379942705026, 52.6129531057319], [-2.28158430525676, 52.6058738514889], [-2.25617061500712, 52.6097982928444], [-2.23289449572097, 52.6476942062433], [-2.23470907735918, 52.6558541575355], [-2.24768735730075, 52.6566601357049], [-2.23871532272218, 52.6637013164014], [-2.24772940707176, 52.6830743924378], [-2.30304049939528, 52.6829527800275], [-2.3199078211235, 52.6953977627732], [-2.3248336041539, 52.7053358311102], [-2.30860350792447, 52.7207461373701], [-2.3155761976627, 52.7329474158237], [-2.31220085865136, 52.7408631916215], [-2.27495563664029, 52.7427888975716], [-2.24534640092645, 52.7151642267369], [-2.2168022783053, 52.7329196537792], [-2.18772872330033, 52.7329892533792], [-2.17790045977053, 52.7440112564352], [-2.16073470017171, 52.7427441161817], [-2.14704337264416, 52.7825837624332], [-2.11458197427732, 52.7688057093479], [-2.09896118624033, 52.7732329024224], [-2.09516427457231, 52.7864326579289], [-2.06596394391865, 52.7735465975854], [-2.0761640810361, 52.7669672288949], [-2.04340108804976, 52.7613494845061], [-2.02680200618696, 52.7363177599337]]]}}, {"id": "198", "type": "Feature", "properties": {"LAD22CD": "E07000197", "LAD22NM": "Stafford"}, "geometry": {"type": "Polygon", "coordinates": [[[-2.08812772094549, 52.97385200276], [-2.0430316722824, 52.9513532166664], [-2.0630432575224, 52.922439189818], [-2.04152635969792, 52.9174768209124], [-2.01274965740766, 52.9065814438428], [-1.99970376972739, 52.8922684792706], [-1.9796598616377, 52.8932790745874], [-1.96053699763473, 52.8702266211041], [-1.93598454472311, 52.8706097464558], [-1.93678499829896, 52.8480934653785], [-1.96787108189404, 52.8243611889176], [-1.9513271234175, 52.8074284016666], [-1.95813101906937, 52.7984909833021], [-1.94394384912081, 52.7737595605108], [-1.97312973286761, 52.7615582311563], [-2.01758273269507, 52.7592645630292], [-2.02680200618696, 52.7363177599337], [-2.04340108804976, 52.7613494845061], [-2.0761640810361, 52.7669672288949], [-2.06596394391865, 52.7735465975854], [-2.09516427457231, 52.7864326579289], [-2.09896118624033, 52.7732329024224], [-2.11458197427732, 52.7688057093479], [-2.14704337264416, 52.7825837624332], [-2.16073470017171, 52.7427441161817], [-2.17790045977053, 52.7440112564352], [-2.18772872330033, 52.7329892533792], [-2.2168022783053, 52.7329196537792], [-2.24534640092645, 52.7151642267369], [-2.27495563664029, 52.7427888975716], [-2.31220085865136, 52.7408631916215], [-2.38503139730095, 52.7895534240477], [-2.37141425861748, 52.7952845564449], [-2.37765452620115, 52.8116428164253], [-2.41634660240013, 52.8270059910047], [-2.39375624971319, 52.8366200385749], [-2.37893788163928, 52.8917205240456], [-2.37917217385222, 52.9128870996625], [-2.3579169642929, 52.9185967383695], [-2.34737048201078, 52.9141099900731], [-2.31991220615414, 52.9324323564755], [-2.26411218227811, 52.9236963755586], [-2.27801964973347, 52.9512470282375], [-2.27014671138498, 52.9634783588718], [-2.21251375044799, 52.9805793513013], [-2.18160900755644, 52.9462064203344], [-2.17689847312917, 52.9537071390054], [-2.16259461482334, 52.9533653743282], [-2.14571072867989, 52.9761107985749], [-2.13040308885892, 52.9711763983094], [-2.12165690294565, 52.9560862416133], [-2.08121832441748, 52.9669059044845], [-2.08812772094549, 52.97385200276]]]}}, {"id": "199", "type": "Feature", "properties": {"LAD22CD": "E07000198", "LAD22NM": "Staffordshire Moorlands"}, "geometry": {"type": "Polygon", "coordinates": [[[-1.89863293086253, 53.1999569790687], [-1.86073152881043, 53.1884255648904], [-1.81254009047435, 53.1543431162395], [-1.82187637070365, 53.136704070198], [-1.7837258959914, 53.1028279820508], [-1.79423901989599, 53.088394057015], [-1.77565273133291, 53.0593546425468], [-1.77898129670065, 53.0448443741093], [-1.79466029845962, 53.0393359647006], [-1.78486501187173, 53.0245837108726], [-1.79600054534464, 53.0132086514519], [-1.81313863812884, 53.0293874853172], [-1.830481989006, 53.0329722259979], [-1.85603268760378, 53.034096988681], [-1.87159514611283, 53.0200323501187], [-1.88417697630507, 53.0200550802302], [-1.88059504440698, 52.9946023784427], [-1.85990902474116, 52.9777692742303], [-1.92546730389491, 52.9631909652496], [-1.90354888786314, 52.9460130007683], [-1.91018560060171, 52.9398093355698], [-1.92689294949817, 52.941296679003], [-1.94050966116128, 52.9314762224626], [-1.97111589349816, 52.9407913774536], [-2.04152635969792, 52.9174768209124], [-2.0630432575224, 52.922439189818], [-2.0430316722824, 52.9513532166664], [-2.08812772094549, 52.97385200276], [-2.07923858928417, 52.9745002729811], [-2.09188751542851, 52.9856083946605], [-2.08857143159409, 52.9971386482893], [-2.10494759680283, 52.997693828823], [-2.10346667550099, 53.0108579649111], [-2.12373740877799, 53.0216381396693], [-2.13177555127953, 53.0473356836626], [-2.11658296910728, 53.0480329248832], [-2.1253995147537, 53.0645792460147], [-2.16114742947303, 53.0701202061733], [-2.17170015872383, 53.0894471480733], [-2.18120675463031, 53.0897970691097], [-2.2113149262639, 53.1158244641231], [-2.15564486007666, 53.1596189582844], [-2.14141084525282, 53.1566523921091], [-2.14043876356931, 53.1838127686142], [-2.11207676340303, 53.168659809964], [-2.07023261967513, 53.1716862930231], [-2.04652710695863, 53.19264765637], [-2.00020198978735, 53.1937374977999], [-1.98740775867029, 53.2135858487146], [-1.96236461007117, 53.2262417356404], [-1.95670722983203, 53.2137476093571], [-1.89863293086253, 53.1999569790687]]]}}, {"id": "200", "type": "Feature", "properties": {"LAD22CD": "E07000199", "LAD22NM": "Tamworth"}, "geometry": {"type": "Polygon", "coordinates": [[[-1.7003926529636, 52.5909126449143], [-1.69151155798808, 52.6175079720329], [-1.70220633979308, 52.6158497398001], [-1.7313327682519, 52.6327866225972], [-1.73446600372403, 52.644593500739], [-1.72243859366367, 52.6513847375884], [-1.68431227786215, 52.6472468152023], [-1.6449429538447, 52.6575167797495], [-1.6329197884851, 52.6434814243958], [-1.64242246730325, 52.6409402951618], [-1.64377721430859, 52.6033547323874], [-1.66563959036358, 52.5922522330128], [-1.7003926529636, 52.5909126449143]]]}}, {"id": "201", "type": "Feature", "properties": {"LAD22CD": "E07000200", "LAD22NM": "Babergh"}, "geometry": {"type": "MultiPolygon", "coordinates": [[[[1.28233004635625, 51.9692433997977], [1.28443115247111, 51.9652872462121], [1.28260092341116, 51.9660994515225], [1.28233004635625, 51.9692433997977]]], [[[1.15639036906824, 52.0347772305377], [1.15902962316589, 52.0319613506163], [1.15051909372305, 52.0337218462584], [1.15639036906824, 52.0347772305377]]], [[[0.715964178048222, 52.1792806918715], [0.722798767349338, 52.1651039000442], [0.738336234404334, 52.1699708112856], [0.741992150973894, 52.1593307976427], [0.759128521717508, 52.1575128492579], [0.768688900604055, 52.1749998144636], [0.786919173100123, 52.1778942419446], [0.814169470353268, 52.170732600777], [0.826063798238584, 52.162586229706], [0.86882274038468, 52.165577101898], [0.88158021930431, 52.1547005323212], [0.893882633408527, 52.1576780829106], [0.892369695009837, 52.1504719141563], [0.93804990509406, 52.1575405008549], [0.951546972287352, 52.1105779367097], [0.973120214642098, 52.1069228487838], [0.970778306434515, 52.0956705829834], [1.00380823768803, 52.0986095376933], [1.03598181188633, 52.0683614805677], [1.04629305435513, 52.0781054210519], [1.06486184709482, 52.0653875121284], [1.1091971832755, 52.0710043217242], [1.12202127398526, 52.0615218405726], [1.10727689127753, 52.0465185220724], [1.11294353316438, 52.0345776233272], [1.12957709153612, 52.0299545272446], [1.14978866884201, 52.0335905259075], [1.16733452908503, 52.0230980173588], [1.1698716494473, 52.0203895048941], [1.17763424391523, 52.0169352863625], [1.18008219771743, 52.0154702018593], [1.20365942337148, 52.0013520138305], [1.21183339638692, 51.9964542609084], [1.26725679239323, 51.9878175722503], [1.27583981246704, 51.9565658988625], [1.24295031514996, 51.9613945750525], [1.21977076773377, 51.9528664817772], [1.20031571447882, 51.9544883899668], [1.18777953204106, 51.95553169707], [1.16351719735851, 51.9705926642565], [1.13037204073448, 51.9535220507744], [1.08572827733235, 51.9590093703417], [1.06868007327798, 51.9504228138376], [1.04771159936546, 51.9594983382557], [1.02471198883193, 51.9549023615469], [0.998710091163988, 51.9639673353996], [0.970982749148486, 51.9624077580481], [0.962589594231285, 51.9771649303718], [0.942911023064153, 51.9706902951459], [0.925168792575386, 51.9761942345246], [0.88968795561324, 51.9733868575578], [0.850240124999087, 51.960766646477], [0.824650048979386, 51.9685496081194], [0.810877141632654, 51.9606960885641], [0.781470157197563, 51.9665127651082], [0.772261026840059, 51.970424512006], [0.774633327593334, 51.9825916210538], [0.759667735030109, 51.9854291125096], [0.761149264433513, 51.997483290983], [0.738526974119553, 52.0106986419848], [0.74063428386174, 52.0312015497747], [0.714396590823323, 52.0273187681222], [0.696511870071092, 52.0393021688459], [0.69940006432446, 52.0484380885926], [0.716263376587153, 52.0486871974891], [0.703177564086779, 52.0652732493605], [0.712118249483127, 52.0722424688301], [0.684204240948651, 52.0869686436845], [0.656900901436426, 52.0854416870867], [0.626894823946383, 52.1289910409682], [0.645374242363174, 52.1601772561061], [0.691699971569074, 52.1575813332903], [0.698145008443463, 52.1813078472164], [0.715964178048222, 52.1792806918715]]]]}}, {"id": "202", "type": "Feature", "properties": {"LAD22CD": "E07000202", "LAD22NM": "Ipswich"}, "geometry": {"type": "MultiPolygon", "coordinates": [[[[1.17182990830236, 52.0204085667203], [1.1698716494473, 52.0203895048941], [1.16733452908503, 52.0230980173588], [1.17182990830236, 52.0204085667203]]], [[[1.15783883919243, 52.0887516359453], [1.16425793503936, 52.0794997743491], [1.18989426782392, 52.0804499950831], [1.20645480899155, 52.0640187414338], [1.20179540916572, 52.037348306232], [1.22361032387657, 52.0294342540291], [1.20947704335699, 52.020768655973], [1.1825420814067, 52.0205122595695], [1.17884674086932, 52.0215471232034], [1.16623790467447, 52.0298555967537], [1.16071458341196, 52.0316127092003], [1.15902962316589, 52.0319613506163], [1.15639036906824, 52.0347772305377], [1.15051909372305, 52.0337218462584], [1.14906642303598, 52.0340222724968], [1.14978866884201, 52.0335905259075], [1.12957709153612, 52.0299545272446], [1.11294353316438, 52.0345776233272], [1.10727689127753, 52.0465185220724], [1.12202127398526, 52.0615218405726], [1.1091971832755, 52.0710043217242], [1.11093336774692, 52.089203541321], [1.1385333911626, 52.0883927989776], [1.14229237480986, 52.0944696524962], [1.15783883919243, 52.0887516359453]]]]}}, {"id": "203", "type": "Feature", "properties": {"LAD22CD": "E07000203", "LAD22NM": "Mid Suffolk"}, "geometry": {"type": "Polygon", "coordinates": [[[1.15783883919243, 52.0887516359453], [1.14229237480986, 52.0944696524962], [1.1385333911626, 52.0883927989776], [1.11093336774692, 52.089203541321], [1.1091971832755, 52.0710043217242], [1.06486184709482, 52.0653875121284], [1.04629305435513, 52.0781054210519], [1.03598181188633, 52.0683614805677], [1.00380823768803, 52.0986095376933], [0.970778306434515, 52.0956705829834], [0.973120214642098, 52.1069228487838], [0.951546972287352, 52.1105779367097], [0.93804990509406, 52.1575405008549], [0.892369695009837, 52.1504719141563], [0.893882633408527, 52.1576780829106], [0.88158021930431, 52.1547005323212], [0.86882274038468, 52.165577101898], [0.826063798238584, 52.162586229706], [0.814169470353268, 52.170732600777], [0.836273784434032, 52.1821694144928], [0.838129471220416, 52.1953411715558], [0.815154767126503, 52.2039099401154], [0.827129607743654, 52.2389675863716], [0.797580855297455, 52.2512298748277], [0.799441153937247, 52.2647133252074], [0.825826214074469, 52.2665153386254], [0.843865439503035, 52.2598002981661], [0.842601529372743, 52.268026704126], [0.856327415806795, 52.2684422734949], [0.843083815187571, 52.284917379463], [0.87362503457196, 52.2995077416979], [0.887356563307841, 52.2927191004743], [0.882935334353623, 52.3001369371972], [0.900152148105162, 52.2989156944804], [0.931124424011021, 52.3128689605948], [0.92570763817103, 52.3273612635167], [0.932697456804444, 52.3357296503457], [0.957339338255441, 52.3403723825862], [0.953171112000579, 52.3560612633175], [0.967471013014227, 52.3701127866583], [1.02995703023961, 52.3787354707697], [1.06818590337788, 52.3785211468662], [1.21386742646296, 52.3553904430284], [1.25999663283469, 52.3710993802039], [1.28623475061443, 52.3906896612778], [1.31630320168472, 52.3873912310738], [1.34710101168893, 52.4044110222302], [1.37485702054714, 52.3946773751995], [1.4095085144785, 52.3632651065005], [1.35740556278198, 52.3372778938237], [1.35747614271954, 52.322156548649], [1.38402188782499, 52.3106666321455], [1.38414039866127, 52.2941055672069], [1.40164540153403, 52.2856981107003], [1.35565738472947, 52.2740773869985], [1.34443170383238, 52.2820896515259], [1.34729559476377, 52.2934050160267], [1.32759083059411, 52.2984791455401], [1.3412686786876, 52.2844484425427], [1.33976743265743, 52.2659261870131], [1.30101765522609, 52.2590162475327], [1.28673064742665, 52.2405442760123], [1.24745199595254, 52.2288974410189], [1.24180865493968, 52.2017510388662], [1.25673033002399, 52.1983645734966], [1.25417322954768, 52.1881313576604], [1.23984272640861, 52.1704287404425], [1.21396540228161, 52.166538517313], [1.1914028583232, 52.1399843478625], [1.16946895373073, 52.1312496797732], [1.17776704064408, 52.120699989455], [1.15783883919243, 52.0887516359453]]]}}, {"id": "204", "type": "Feature", "properties": {"LAD22CD": "E07000207", "LAD22NM": "Elmbridge"}, "geometry": {"type": "Polygon", "coordinates": [[[-0.317697879461912, 51.3936670802519], [-0.307365447908524, 51.3783835469693], [-0.330510144936706, 51.3484194360441], [-0.330655551869037, 51.329009639034], [-0.360315847342355, 51.3118031069032], [-0.396926448018453, 51.3128169239413], [-0.394742082222749, 51.2979482192583], [-0.405326341630148, 51.2948923633347], [-0.409537745543495, 51.3031437518805], [-0.43996088237951, 51.3046572123127], [-0.445698682468252, 51.324141136932], [-0.437162905522467, 51.3274465972177], [-0.462343997790484, 51.3299602984635], [-0.46365364983465, 51.3406157494153], [-0.48115569977815, 51.3493580616654], [-0.466971498106567, 51.3565753201173], [-0.475477748721481, 51.3640888255256], [-0.457990747179475, 51.3805669610262], [-0.442599666489796, 51.3898217184714], [-0.432213276047323, 51.3839901249963], [-0.409579415403137, 51.4046570174564], [-0.383350028118426, 51.4085382960284], [-0.359139329301899, 51.4119031603976], [-0.327817852465359, 51.3918371435731], [-0.317697879461912, 51.3936670802519]]]}}, {"id": "205", "type": "Feature", "properties": {"LAD22CD": "E07000208", "LAD22NM": "Epsom and Ewell"}, "geometry": {"type": "Polygon", "coordinates": [[[-0.220940778700181, 51.3298630408652], [-0.242968399924459, 51.3212801730898], [-0.247126332962136, 51.2980435000969], [-0.264399318689037, 51.299545299108], [-0.272234355213241, 51.2923303488632], [-0.30619199674676, 51.3350844108749], [-0.285437835961125, 51.3642491732341], [-0.261148558997612, 51.3795998002344], [-0.245030259031958, 51.3800339656124], [-0.245404841047607, 51.3668454406997], [-0.222736429711724, 51.3570860742007], [-0.217264425569081, 51.3433870908233], [-0.229822680877552, 51.3365228063624], [-0.220940778700181, 51.3298630408652]]]}}, {"id": "206", "type": "Feature", "properties": {"LAD22CD": "E07000209", "LAD22NM": "Guildford"}, "geometry": {"type": "Polygon", "coordinates": [[[-0.394742082222749, 51.2979482192583], [-0.387142549569629, 51.2650815815861], [-0.396963682669025, 51.2378886770269], [-0.434648247892369, 51.2399058425111], [-0.425676136085806, 51.2303233409765], [-0.438436754321913, 51.209679497252], [-0.409878126861738, 51.1926995143207], [-0.408336773385754, 51.1757072374421], [-0.418564944938553, 51.1731814316052], [-0.443917219476152, 51.1835915047329], [-0.457066414257566, 51.1749509071562], [-0.505342574276898, 51.1836026922863], [-0.505637157377342, 51.2050191915872], [-0.532445111045568, 51.2134482277123], [-0.55555854676358, 51.1992584328673], [-0.573768634483239, 51.1983145374262], [-0.577337681886423, 51.1881117124006], [-0.593696933552262, 51.1912571310897], [-0.584865392339834, 51.1985992734047], [-0.592499804328719, 51.2028835069165], [-0.614114278544194, 51.2080541587251], [-0.634478709718005, 51.2021087899835], [-0.631155096734634, 51.1841288148503], [-0.648119784721682, 51.1758370146029], [-0.663407226571203, 51.2002462029549], [-0.688263388859445, 51.1887139577476], [-0.70656060909044, 51.202710653211], [-0.731757685171569, 51.1969218531394], [-0.74830533372076, 51.2106763082818], [-0.745540379663864, 51.2304563901334], [-0.729325694545441, 51.2561119199112], [-0.731093833410657, 51.2803620913767], [-0.703638544243205, 51.2841633770862], [-0.687495803758243, 51.3138115864281], [-0.646791891855231, 51.311902363558], [-0.647890639256157, 51.3043550614778], [-0.618172659721204, 51.2827098576143], [-0.600757131642726, 51.2861125333275], [-0.544369609523115, 51.2655035662757], [-0.534168073985833, 51.2737087826652], [-0.549190828578912, 51.2846604719572], [-0.540223452263802, 51.3009722557656], [-0.529804504372652, 51.2975584031837], [-0.51029827103137, 51.3131208357125], [-0.500847942727971, 51.3065641762707], [-0.475466591165513, 51.3163606090918], [-0.48895888826278, 51.3298982046708], [-0.462343997790484, 51.3299602984635], [-0.437162905522467, 51.3274465972177], [-0.445698682468252, 51.324141136932], [-0.43996088237951, 51.3046572123127], [-0.409537745543495, 51.3031437518805], [-0.405326341630148, 51.2948923633347], [-0.394742082222749, 51.2979482192583]]]}}, {"id": "207", "type": "Feature", "properties": {"LAD22CD": "E07000210", "LAD22NM": "Mole Valley"}, "geometry": {"type": "Polygon", "coordinates": [[[-0.272234355213241, 51.2923303488632], [-0.265744188633882, 51.2613870714458], [-0.225979838096361, 51.2537870496791], [-0.250727849513248, 51.227077334579], [-0.235368419024377, 51.2223529749021], [-0.225070450961816, 51.212321859175], [-0.234758467871148, 51.2060859570187], [-0.21282050222531, 51.1933190618504], [-0.242900492881345, 51.1895073215749], [-0.243060917750982, 51.1828332685674], [-0.209701098276684, 51.1723092754262], [-0.18981943629061, 51.181413932691], [-0.17670622529243, 51.1668499726532], [-0.212142089174476, 51.1554548864805], [-0.214234803403043, 51.1484637545475], [-0.255167664563843, 51.1441405976481], [-0.25461326381062, 51.1390503685817], [-0.300346786136933, 51.1247356968359], [-0.391524793518279, 51.1165107863938], [-0.419203500082164, 51.1052045809821], [-0.418564944938553, 51.1731814316052], [-0.408336773385754, 51.1757072374421], [-0.409878126861738, 51.1926995143207], [-0.438436754321913, 51.209679497252], [-0.425676136085806, 51.2303233409765], [-0.434648247892369, 51.2399058425111], [-0.396963682669025, 51.2378886770269], [-0.387142549569629, 51.2650815815861], [-0.394742082222749, 51.2979482192583], [-0.396926448018453, 51.3128169239413], [-0.360315847342355, 51.3118031069032], [-0.330655551869037, 51.329009639034], [-0.30619199674676, 51.3350844108749], [-0.272234355213241, 51.2923303488632]]]}}, {"id": "208", "type": "Feature", "properties": {"LAD22CD": "E07000211", "LAD22NM": "Reigate and Banstead"}, "geometry": {"type": "Polygon", "coordinates": [[[-0.156543168202182, 51.3215085885945], [-0.155317700345265, 51.3012743946668], [-0.137313517589503, 51.3007809054645], [-0.124292859195443, 51.2867586590943], [-0.126801913009311, 51.2617366468228], [-0.145662531474983, 51.2513461844377], [-0.154960683838719, 51.2306904435125], [-0.145502224615067, 51.2107335246101], [-0.135853604848161, 51.2120469051219], [-0.143508138023478, 51.1865346237394], [-0.127719191942197, 51.1650403415156], [-0.140462480803131, 51.1600473191154], [-0.17670622529243, 51.1668499726532], [-0.18981943629061, 51.181413932691], [-0.209701098276684, 51.1723092754262], [-0.243060917750982, 51.1828332685674], [-0.242900492881345, 51.1895073215749], [-0.21282050222531, 51.1933190618504], [-0.234758467871148, 51.2060859570187], [-0.225070450961816, 51.212321859175], [-0.235368419024377, 51.2223529749021], [-0.250727849513248, 51.227077334579], [-0.225979838096361, 51.2537870496791], [-0.265744188633882, 51.2613870714458], [-0.272234355213241, 51.2923303488632], [-0.264399318689037, 51.299545299108], [-0.247126332962136, 51.2980435000969], [-0.242968399924459, 51.3212801730898], [-0.220940778700181, 51.3298630408652], [-0.197319341793986, 51.3435951617074], [-0.156543168202182, 51.3215085885945]]]}}, {"id": "209", "type": "Feature", "properties": {"LAD22CD": "E07000212", "LAD22NM": "Runnymede"}, "geometry": {"type": "Polygon", "coordinates": [[[-0.522765050804453, 51.4353004066197], [-0.510388842732972, 51.4297833794783], [-0.512428223777769, 51.4172208108943], [-0.493203011998266, 51.4118872641491], [-0.485249628577854, 51.3871812672346], [-0.47711285196372, 51.3903176310543], [-0.457990747179475, 51.3805669610262], [-0.475477748721481, 51.3640888255256], [-0.466971498106567, 51.3565753201173], [-0.48115569977815, 51.3493580616654], [-0.515625226017991, 51.3388579994845], [-0.548549357282802, 51.3480208970891], [-0.555233930841177, 51.3619357331498], [-0.569624549913198, 51.3603371735561], [-0.573954104510097, 51.3708220869724], [-0.618495201013367, 51.3923882534352], [-0.59393878288985, 51.4416606269605], [-0.571675217761157, 51.451007631736], [-0.522765050804453, 51.4353004066197]]]}}, {"id": "210", "type": "Feature", "properties": {"LAD22CD": "E07000213", "LAD22NM": "Spelthorne"}, "geometry": {"type": "Polygon", "coordinates": [[[-0.509701400845035, 51.4691759477034], [-0.458644591609625, 51.4563100938075], [-0.456467560754193, 51.4381066797251], [-0.39134197049661, 51.4223261130517], [-0.383350028118426, 51.4085382960284], [-0.409579415403137, 51.4046570174564], [-0.432213276047323, 51.3839901249963], [-0.442599666489796, 51.3898217184714], [-0.457990747179475, 51.3805669610262], [-0.47711285196372, 51.3903176310543], [-0.485249628577854, 51.3871812672346], [-0.493203011998266, 51.4118872641491], [-0.512428223777769, 51.4172208108943], [-0.510388842732972, 51.4297833794783], [-0.522765050804453, 51.4353004066197], [-0.54061316396913, 51.4578521275783], [-0.524358681535487, 51.471528484042], [-0.509701400845035, 51.4691759477034]]]}}, {"id": "211", "type": "Feature", "properties": {"LAD22CD": "E07000214", "LAD22NM": "Surrey Heath"}, "geometry": {"type": "Polygon", "coordinates": [[[-0.548549357282802, 51.3480208970891], [-0.576897905019913, 51.3362640384203], [-0.625920142929749, 51.3348367423125], [-0.62350625912094, 51.3199060197418], [-0.646791891855231, 51.311902363558], [-0.687495803758243, 51.3138115864281], [-0.703638544243205, 51.2841633770862], [-0.731093833410657, 51.2803620913767], [-0.744167106040696, 51.3092949290082], [-0.76290312001552, 51.3187305296545], [-0.775466206963731, 51.3319589032434], [-0.735335360826244, 51.3650095832703], [-0.667634283855982, 51.3845713456129], [-0.616344267326498, 51.3835395923837], [-0.618495201013367, 51.3923882534352], [-0.573954104510097, 51.3708220869724], [-0.569624549913198, 51.3603371735561], [-0.555233930841177, 51.3619357331498], [-0.548549357282802, 51.3480208970891]]]}}, {"id": "212", "type": "Feature", "properties": {"LAD22CD": "E07000215", "LAD22NM": "Tandridge"}, "geometry": {"type": "Polygon", "coordinates": [[[0.00229472096614317, 51.3291388513245], [0.0150093785072876, 51.2917860709615], [0.0329094193659263, 51.3075209114754], [0.0423988836480159, 51.2926788490678], [0.0582428302016134, 51.247778326722], [0.0335989515635273, 51.2143379727583], [0.0526003640340758, 51.1806240184208], [0.0500165286936347, 51.1426500167773], [0.0273612247660835, 51.1398505070994], [-0.137571778320172, 51.1421596105082], [-0.132959635268358, 51.1588837320771], [-0.140462480803131, 51.1600473191154], [-0.127719191942197, 51.1650403415156], [-0.143508138023478, 51.1865346237394], [-0.135853604848161, 51.2120469051219], [-0.145502224615067, 51.2107335246101], [-0.154960683838719, 51.2306904435125], [-0.145662531474983, 51.2513461844377], [-0.126801913009311, 51.2617366468228], [-0.124292859195443, 51.2867586590943], [-0.0911679398530003, 51.3014725405068], [-0.0789238675463831, 51.3197692489207], [-0.0513070785090949, 51.322447895544], [-0.0378922709023185, 51.3387044848688], [0.00229472096614317, 51.3291388513245]]]}}, {"id": "213", "type": "Feature", "properties": {"LAD22CD": "E07000216", "LAD22NM": "Waverley"}, "geometry": {"type": "Polygon", "coordinates": [[[-0.759334367357663, 51.1032586720027], [-0.749272690128818, 51.1032459066375], [-0.745525568291982, 51.1121884663796], [-0.769280592586641, 51.1171423778692], [-0.798395605296421, 51.1525274777685], [-0.834203925546664, 51.1475816697554], [-0.825443293261202, 51.1813565059788], [-0.848912169248545, 51.2107157287771], [-0.804749572959298, 51.2450647475977], [-0.801740042684925, 51.2390387633544], [-0.776089010502037, 51.2419556695792], [-0.745540379663864, 51.2304563901334], [-0.74830533372076, 51.2106763082818], [-0.731757685171569, 51.1969218531394], [-0.70656060909044, 51.202710653211], [-0.688263388859445, 51.1887139577476], [-0.663407226571203, 51.2002462029549], [-0.648119784721682, 51.1758370146029], [-0.631155096734634, 51.1841288148503], [-0.634478709718005, 51.2021087899835], [-0.614114278544194, 51.2080541587251], [-0.592499804328719, 51.2028835069165], [-0.584865392339834, 51.1985992734047], [-0.593696933552262, 51.1912571310897], [-0.577337681886423, 51.1881117124006], [-0.573768634483239, 51.1983145374262], [-0.55555854676358, 51.1992584328673], [-0.532445111045568, 51.2134482277123], [-0.505637157377342, 51.2050191915872], [-0.505342574276898, 51.1836026922863], [-0.457066414257566, 51.1749509071562], [-0.443917219476152, 51.1835915047329], [-0.418564944938553, 51.1731814316052], [-0.419203500082164, 51.1052045809821], [-0.492127175324818, 51.0944841769189], [-0.505377191977252, 51.0882620388685], [-0.53497929663322, 51.0935789223352], [-0.539215848650127, 51.0820248780022], [-0.577592603888771, 51.0866537667245], [-0.601139330735967, 51.0796996902626], [-0.629370733100882, 51.0889926951674], [-0.696752296390414, 51.0714916867383], [-0.753480635682262, 51.0864557098491], [-0.759334367357663, 51.1032586720027]]]}}, {"id": "214", "type": "Feature", "properties": {"LAD22CD": "E07000217", "LAD22NM": "Woking"}, "geometry": {"type": "Polygon", "coordinates": [[[-0.462343997790484, 51.3299602984635], [-0.48895888826278, 51.3298982046708], [-0.475466591165513, 51.3163606090918], [-0.500847942727971, 51.3065641762707], [-0.51029827103137, 51.3131208357125], [-0.529804504372652, 51.2975584031837], [-0.540223452263802, 51.3009722557656], [-0.549190828578912, 51.2846604719572], [-0.534168073985833, 51.2737087826652], [-0.544369609523115, 51.2655035662757], [-0.600757131642726, 51.2861125333275], [-0.618172659721204, 51.2827098576143], [-0.647890639256157, 51.3043550614778], [-0.646791891855231, 51.311902363558], [-0.62350625912094, 51.3199060197418], [-0.625920142929749, 51.3348367423125], [-0.576897905019913, 51.3362640384203], [-0.548549357282802, 51.3480208970891], [-0.515625226017991, 51.3388579994845], [-0.48115569977815, 51.3493580616654], [-0.46365364983465, 51.3406157494153], [-0.462343997790484, 51.3299602984635]]]}}, {"id": "215", "type": "Feature", "properties": {"LAD22CD": "E07000218", "LAD22NM": "North Warwickshire"}, "geometry": {"type": "Polygon", "coordinates": [[[-1.55177141577137, 52.6674551064611], [-1.54451698666015, 52.6446078764288], [-1.57135417978669, 52.6352716299301], [-1.55445434227788, 52.6147614151268], [-1.56075676843526, 52.5961562428648], [-1.5271552279268, 52.5827378316751], [-1.52286777646333, 52.5706005994426], [-1.45999402369308, 52.5515899273182], [-1.4866528408289, 52.5403890439232], [-1.55603559037648, 52.5319321835245], [-1.55339055836026, 52.5134058496332], [-1.51429674358654, 52.4828597403338], [-1.51482261244222, 52.4762667858341], [-1.54517522173032, 52.4726560844762], [-1.53035665328011, 52.4704146881257], [-1.53979081939549, 52.4647986868735], [-1.56119166726618, 52.4552225694476], [-1.58986310702649, 52.4619121090901], [-1.59548725924308, 52.4559197590616], [-1.62445220517117, 52.4635386718159], [-1.64139672496165, 52.4433435753493], [-1.66228667335888, 52.4442993244246], [-1.66658594082774, 52.4354715665142], [-1.67715419118533, 52.4363566272537], [-1.75352319084031, 52.5129668960538], [-1.753810175173, 52.5212131624278], [-1.72887793344338, 52.524562767624], [-1.74908599922833, 52.5314223642904], [-1.7559982648358, 52.5553824957752], [-1.7742300480517, 52.5646277806898], [-1.76354616286319, 52.5709791319543], [-1.7880812993329, 52.5878626088221], [-1.74240800261814, 52.5943253674271], [-1.729310527494, 52.5879332938725], [-1.7003926529636, 52.5909126449143], [-1.66563959036358, 52.5922522330128], [-1.64377721430859, 52.6033547323874], [-1.64242246730325, 52.6409402951618], [-1.6329197884851, 52.6434814243958], [-1.6449429538447, 52.6575167797495], [-1.5896451852037, 52.6872608081784], [-1.55177141577137, 52.6674551064611]]]}}, {"id": "216", "type": "Feature", "properties": {"LAD22CD": "E07000219", "LAD22NM": "Nuneaton and Bedworth"}, "geometry": {"type": "Polygon", "coordinates": [[[-1.41734425186395, 52.5344553070612], [-1.42886842891357, 52.5161906605039], [-1.40546220185868, 52.5131340262037], [-1.40502759218658, 52.4763771323366], [-1.4104105897706, 52.4665662889779], [-1.43762247762905, 52.4680470683586], [-1.45905317416489, 52.4551580337385], [-1.49198212413026, 52.4585847543545], [-1.50503396324006, 52.4500892412062], [-1.53979081939549, 52.4647986868735], [-1.53035665328011, 52.4704146881257], [-1.54517522173032, 52.4726560844762], [-1.51482261244222, 52.4762667858341], [-1.51429674358654, 52.4828597403338], [-1.55339055836026, 52.5134058496332], [-1.55603559037648, 52.5319321835245], [-1.4866528408289, 52.5403890439232], [-1.45999402369308, 52.5515899273182], [-1.41734425186395, 52.5344553070612]]]}}, {"id": "217", "type": "Feature", "properties": {"LAD22CD": "E07000220", "LAD22NM": "Rugby"}, "geometry": {"type": "Polygon", "coordinates": [[[-1.32508812135485, 52.5010423245412], [-1.30594754120562, 52.4933952805605], [-1.20161328230779, 52.3967317959132], [-1.17497303441117, 52.3562898079582], [-1.23338985998341, 52.3465160426244], [-1.26535489040084, 52.3283606829397], [-1.20923383158981, 52.3152040796742], [-1.23378294833003, 52.290328106844], [-1.21573180896617, 52.2663736813297], [-1.23299880379763, 52.2532588499543], [-1.25947790368642, 52.256503368883], [-1.2878031010097, 52.2736257371497], [-1.30901531727689, 52.2574734664414], [-1.38915081198415, 52.3008546157343], [-1.41940775930447, 52.3037535843654], [-1.40697286704422, 52.3191214441215], [-1.43597554528106, 52.3284165584949], [-1.44364269087787, 52.3455356790609], [-1.45619918213479, 52.3467772347763], [-1.44805105842048, 52.3536774400587], [-1.46491357144704, 52.3580775285269], [-1.46401360334253, 52.3732671682518], [-1.43139440360837, 52.3968694682758], [-1.43804556686305, 52.4102573583979], [-1.4239324884753, 52.4329788214798], [-1.45905317416489, 52.4551580337385], [-1.43762247762905, 52.4680470683586], [-1.4104105897706, 52.4665662889779], [-1.40502759218658, 52.4763771323366], [-1.40546220185868, 52.5131340262037], [-1.42886842891357, 52.5161906605039], [-1.41734425186395, 52.5344553070612], [-1.32508812135485, 52.5010423245412]]]}}, {"id": "218", "type": "Feature", "properties": {"LAD22CD": "E07000221", "LAD22NM": "Stratford-on-Avon"}, "geometry": {"type": "Polygon", "coordinates": [[[-1.77575239671801, 52.3479636776833], [-1.761664701543, 52.3080059531255], [-1.73382796139365, 52.2935161644292], [-1.72376370304022, 52.2984602032471], [-1.68548978256889, 52.2828013131614], [-1.66763551696361, 52.2854981566168], [-1.67648193066395, 52.2697543645138], [-1.66920877546059, 52.2579999812719], [-1.64592941480125, 52.2582706043548], [-1.62136212943786, 52.2444212773853], [-1.62494061778169, 52.2384423922923], [-1.60695470568235, 52.2378895643483], [-1.62589620622849, 52.2262849702423], [-1.62122663120606, 52.2138066665691], [-1.60202262113713, 52.2252566799341], [-1.57439755959193, 52.2161959572715], [-1.56005907187419, 52.2316465142471], [-1.52819878677112, 52.2251503684082], [-1.51399613701677, 52.2418349315944], [-1.49998586170342, 52.2375889193537], [-1.47765734075494, 52.2617405098547], [-1.43521535835732, 52.2727880737056], [-1.44847237671869, 52.2940722924886], [-1.42473382485698, 52.2942829134071], [-1.41940775930447, 52.3037535843654], [-1.38915081198415, 52.3008546157343], [-1.30901531727689, 52.2574734664414], [-1.2878031010097, 52.2736257371497], [-1.25947790368642, 52.256503368883], [-1.23299880379763, 52.2532588499543], [-1.2668910685646, 52.2352423788113], [-1.28464415629528, 52.2385772947561], [-1.25498199738882, 52.1978310710958], [-1.31313453207951, 52.1904676302914], [-1.3318971346503, 52.168485056197], [-1.34870940656972, 52.1351376009654], [-1.36614709694777, 52.136075238415], [-1.39330253064253, 52.1189629049398], [-1.37084214071868, 52.1175341834914], [-1.35776965526573, 52.101310424564], [-1.38539981246728, 52.0941455730689], [-1.42585527139589, 52.1182494968197], [-1.45345845225059, 52.1130088171451], [-1.44718785165916, 52.0976250329561], [-1.47730164801721, 52.1013509449693], [-1.48780444309778, 52.0939574330421], [-1.52282569381325, 51.9968433232583], [-1.55722360987893, 51.9916576656612], [-1.5496712341503, 51.9808596590458], [-1.56353907898642, 51.977040370489], [-1.60030155963125, 51.9769415562367], [-1.5916338243768, 51.9704499714443], [-1.61234247849955, 51.9554034171782], [-1.66575430454863, 51.9874888219864], [-1.66617341865268, 51.9969179723384], [-1.61753263743828, 52.0334370262087], [-1.62441776103734, 52.0389813521362], [-1.66387014157968, 52.0312775592206], [-1.69398075504565, 52.0395278989016], [-1.6886364810542, 52.0518332046415], [-1.70514106701663, 52.0597066230704], [-1.70173137601653, 52.0728093032742], [-1.71295296232755, 52.0665849047502], [-1.73067148453835, 52.073399301398], [-1.72856052811281, 52.1001203055535], [-1.7460219368107, 52.0929601720455], [-1.76764874769465, 52.1125925601067], [-1.75739824866764, 52.1159444098204], [-1.79100431323698, 52.1201935592893], [-1.78554803075531, 52.1320586070751], [-1.80843385608566, 52.1398755712958], [-1.82321733193223, 52.1363823220937], [-1.82334774779545, 52.1459250780329], [-1.8396721464105, 52.152713685185], [-1.85418798079449, 52.138520914398], [-1.86692724441238, 52.153007967663], [-1.88977183547481, 52.1562131340578], [-1.89422974637425, 52.1482514762684], [-1.88511820710407, 52.1468531416659], [-1.90347301013314, 52.133450944486], [-1.92188699893781, 52.1530062956869], [-1.9443024167711, 52.1553331527715], [-1.93548275837819, 52.1695570853923], [-1.96040736772155, 52.1686717313137], [-1.94164148445488, 52.177406344066], [-1.93563393045851, 52.2041212314579], [-1.91746463165546, 52.2181838110153], [-1.93461083149063, 52.2520178646591], [-1.93740118462789, 52.2761530305047], [-1.91597681390647, 52.2750342209889], [-1.88647936317105, 52.2866325493725], [-1.88093415490093, 52.3109334746665], [-1.86856851089854, 52.3145893794735], [-1.86483054977187, 52.3330931986051], [-1.88897350255566, 52.3610931439567], [-1.87203384032481, 52.3675985302351], [-1.80780141734951, 52.3666080026736], [-1.77575239671801, 52.3479636776833]]]}}, {"id": "219", "type": "Feature", "properties": {"LAD22CD": "E07000222", "LAD22NM": "Warwick"}, "geometry": {"type": "Polygon", "coordinates": [[[-1.46401360334253, 52.3732671682518], [-1.46491357144704, 52.3580775285269], [-1.44805105842048, 52.3536774400587], [-1.45619918213479, 52.3467772347763], [-1.44364269087787, 52.3455356790609], [-1.43597554528106, 52.3284165584949], [-1.40697286704422, 52.3191214441215], [-1.41940775930447, 52.3037535843654], [-1.42473382485698, 52.2942829134071], [-1.44847237671869, 52.2940722924886], [-1.43521535835732, 52.2727880737056], [-1.47765734075494, 52.2617405098547], [-1.49998586170342, 52.2375889193537], [-1.51399613701677, 52.2418349315944], [-1.52819878677112, 52.2251503684082], [-1.56005907187419, 52.2316465142471], [-1.57439755959193, 52.2161959572715], [-1.60202262113713, 52.2252566799341], [-1.62122663120606, 52.2138066665691], [-1.62589620622849, 52.2262849702423], [-1.60695470568235, 52.2378895643483], [-1.62494061778169, 52.2384423922923], [-1.62136212943786, 52.2444212773853], [-1.64592941480125, 52.2582706043548], [-1.66920877546059, 52.2579999812719], [-1.67648193066395, 52.2697543645138], [-1.66763551696361, 52.2854981566168], [-1.68548978256889, 52.2828013131614], [-1.72376370304022, 52.2984602032471], [-1.73382796139365, 52.2935161644292], [-1.761664701543, 52.3080059531255], [-1.77575239671801, 52.3479636776833], [-1.77922436694685, 52.3645399179904], [-1.74616686933364, 52.354935208379], [-1.7349710475099, 52.3702434620116], [-1.72047128876548, 52.3725682244062], [-1.71854635203768, 52.3557377229793], [-1.69388500073929, 52.3510133572142], [-1.68444786772052, 52.3631891998587], [-1.66088809306568, 52.3656701065801], [-1.64841803963759, 52.3567433964995], [-1.62250698532454, 52.3661644313338], [-1.60106738247379, 52.3892994855589], [-1.56760688746162, 52.3846889239322], [-1.5524124217106, 52.3638920750157], [-1.52465132517521, 52.3794009009746], [-1.51391616047669, 52.3690627161765], [-1.50449893765669, 52.377807147852], [-1.46401360334253, 52.3732671682518]]]}}, {"id": "220", "type": "Feature", "properties": {"LAD22CD": "E07000223", "LAD22NM": "Adur"}, "geometry": {"type": "Polygon", "coordinates": [[[-0.244970867103618, 50.8638089043948], [-0.216815845622336, 50.8276406063771], [-0.251484625122936, 50.8301553265029], [-0.249113162465289, 50.8264084411836], [-0.268309608243186, 50.826122507155], [-0.277874274131206, 50.8267518858779], [-0.297658192308241, 50.8233857397123], [-0.332640257876154, 50.8174242191549], [-0.333134286829621, 50.8173561560983], [-0.355465206030984, 50.8270961841037], [-0.367453204005458, 50.8605318030971], [-0.364597872567908, 50.874525774452], [-0.340900799159014, 50.8626233700559], [-0.256579131963737, 50.8623352673194], [-0.255303084256952, 50.8715514534251], [-0.244970867103618, 50.8638089043948]]]}}, {"id": "221", "type": "Feature", "properties": {"LAD22CD": "E07000224", "LAD22NM": "Arun"}, "geometry": {"type": "Polygon", "coordinates": [[[-0.553103369727624, 50.9015170630147], [-0.542964813476796, 50.8912162101402], [-0.561038073639796, 50.8878503544162], [-0.548874388887642, 50.8800890036735], [-0.538178804166781, 50.8862228616469], [-0.524791780450509, 50.8829842203387], [-0.499918002526275, 50.8998827901598], [-0.493116801617838, 50.8852631740563], [-0.482842229556523, 50.899096530345], [-0.476587743698464, 50.8850558593004], [-0.464921296449302, 50.883971357533], [-0.451502334771634, 50.8954674969696], [-0.439984275251173, 50.8775273632214], [-0.430516086934304, 50.8929731605709], [-0.41173986085569, 50.8865590828638], [-0.413160900377152, 50.8795880482317], [-0.392715664647458, 50.8933728689554], [-0.380064174941901, 50.8855934500295], [-0.363896226067984, 50.888479674543], [-0.364597872567908, 50.874525774452], [-0.367453204005458, 50.8605318030971], [-0.381582934820488, 50.8631684468331], [-0.409280310594487, 50.8522635902785], [-0.422793813030102, 50.860234940193], [-0.422296959912744, 50.8406788702091], [-0.446007008879058, 50.8398542062517], [-0.435749127447601, 50.8031690597962], [-0.43596262264656, 50.8031394390228], [-0.54199157629365, 50.800248138637], [-0.554951782785074, 50.7984121612466], [-0.568357859782355, 50.7980312450668], [-0.626922878603612, 50.7881877694334], [-0.702167962459985, 50.7774462765399], [-0.712709324513705, 50.7737084602378], [-0.725552073562097, 50.7715344832963], [-0.734011077228292, 50.7661504892552], [-0.752293152737036, 50.7596589574849], [-0.753099896110587, 50.7605617382368], [-0.751951988057479, 50.7613478854081], [-0.751270418466542, 50.7618146410265], [-0.751036777812399, 50.7619746404706], [-0.750833410433162, 50.7621138144643], [-0.75059676127844, 50.7622618920709], [-0.750430868455708, 50.7626052908663], [-0.763040781697462, 50.7728709300373], [-0.76375468940354, 50.7724811418467], [-0.764797055835808, 50.7736468636155], [-0.749831943663349, 50.7815064822368], [-0.755091993383259, 50.7906853976602], [-0.734760035409668, 50.7936625865718], [-0.73474122055306, 50.8094428140428], [-0.719106654148629, 50.8052478343137], [-0.689896912275325, 50.8128150606207], [-0.692031311286889, 50.8496595219095], [-0.681124757559029, 50.8632854747442], [-0.650345247333325, 50.8669446520376], [-0.654944510369044, 50.9056787576394], [-0.649201647600831, 50.9000115485459], [-0.617385108843538, 50.905562050286], [-0.553103369727624, 50.9015170630147]]]}}, {"id": "222", "type": "Feature", "properties": {"LAD22CD": "E07000225", "LAD22NM": "Chichester"}, "geometry": {"type": "MultiPolygon", "coordinates": [[[[-0.752293152737036, 50.7596589574849], [-0.754291415196677, 50.758949140257], [-0.753129376394285, 50.7605415482954], [-0.753099896110587, 50.7605617382368], [-0.752293152737036, 50.7596589574849]]], [[[-0.492127175324818, 51.0944841769189], [-0.478407137730045, 51.0664716463984], [-0.484127197017171, 51.0568110052102], [-0.475638537554662, 51.0563778666051], [-0.483927399071397, 51.0409915189776], [-0.473194275922599, 51.0338500047922], [-0.475855112121638, 51.0209572911801], [-0.486220867919728, 51.0101060811816], [-0.510680386474117, 51.0078176732675], [-0.517645475452731, 50.9985535030564], [-0.507268466407569, 50.990530056988], [-0.524857296093485, 50.9870384391957], [-0.533749334088352, 50.9502449021559], [-0.549673691097473, 50.9539834076421], [-0.568709250007313, 50.9425120888031], [-0.556066484192898, 50.9234771422107], [-0.536969271661823, 50.9167536585229], [-0.551499237936528, 50.9132502440574], [-0.553103369727624, 50.9015170630147], [-0.617385108843538, 50.905562050286], [-0.649201647600831, 50.9000115485459], [-0.654944510369044, 50.9056787576394], [-0.650345247333325, 50.8669446520376], [-0.681124757559029, 50.8632854747442], [-0.692031311286889, 50.8496595219095], [-0.689896912275325, 50.8128150606207], [-0.719106654148629, 50.8052478343137], [-0.73474122055306, 50.8094428140428], [-0.734760035409668, 50.7936625865718], [-0.755091993383259, 50.7906853976602], [-0.749831943663349, 50.7815064822368], [-0.764797055835808, 50.7736468636155], [-0.76375468940354, 50.7724811418467], [-0.786848656450131, 50.7598660723129], [-0.771840431792818, 50.7635213912944], [-0.761753841792852, 50.7511830197237], [-0.751058516372841, 50.7572604407163], [-0.749958943416849, 50.7566877813199], [-0.784753438866722, 50.7262410195565], [-0.789161622546989, 50.7224842188973], [-0.818662984750182, 50.7388339024217], [-0.823543745033973, 50.7437628264826], [-0.844100719296166, 50.751314323082], [-0.859551324439, 50.7597319026934], [-0.880905533683183, 50.764818709092], [-0.906838787259976, 50.77432219172], [-0.915316978373429, 50.7806790127463], [-0.915352734007593, 50.7889917933431], [-0.908045255728969, 50.7870352099957], [-0.912139572391311, 50.7834566459496], [-0.910882460757788, 50.7812907042286], [-0.90515740849759, 50.7820801365877], [-0.892011563610659, 50.7942914469662], [-0.877512152475505, 50.8077506039668], [-0.86602958180041, 50.8048038004235], [-0.844578742256673, 50.7992943141011], [-0.825463625323449, 50.804397027099], [-0.807741037020906, 50.8305260328947], [-0.813787100751054, 50.8339359562322], [-0.819760476620158, 50.8168596456221], [-0.842721720413136, 50.8046336325607], [-0.865834567667977, 50.8128579579166], [-0.868758523708859, 50.8138978435196], [-0.865752433800064, 50.8162507565439], [-0.85118778589647, 50.8276462800408], [-0.861226095342326, 50.8280079958693], [-0.858412877092022, 50.8396774823639], [-0.865179586107666, 50.8399072955788], [-0.869928957490676, 50.8400683309074], [-0.865479969607855, 50.8275046373269], [-0.865361933609206, 50.8271712131241], [-0.865492379148921, 50.8269921434954], [-0.876799820556532, 50.8114642002196], [-0.892171590313472, 50.8184310082315], [-0.894036903561919, 50.8380904745766], [-0.913081274840014, 50.8399520051245], [-0.907917519215049, 50.7985304301477], [-0.942626670545669, 50.8153807534705], [-0.932477907919786, 50.8460494381527], [-0.934485538895187, 50.8458652563462], [-0.926450186989275, 50.8640917207277], [-0.938608222849825, 50.8737210622452], [-0.957581427612506, 50.8906296881445], [-0.940245276386779, 50.91805411295], [-0.924013258512923, 50.9241990391588], [-0.942110087824929, 50.9428940861142], [-0.931847105710517, 50.9455804293165], [-0.907864084059223, 50.9942411144512], [-0.893346615712615, 51.0027429856163], [-0.896993034200906, 51.0220101182791], [-0.852810677861577, 51.0448433200739], [-0.842847950683525, 51.0668868080859], [-0.797762679451335, 51.0635558616832], [-0.780786881640498, 51.0793751235126], [-0.753480635682262, 51.0864557098491], [-0.696752296390414, 51.0714916867383], [-0.629370733100882, 51.0889926951674], [-0.601139330735967, 51.0796996902626], [-0.577592603888771, 51.0866537667245], [-0.539215848650127, 51.0820248780022], [-0.53497929663322, 51.0935789223352], [-0.505377191977252, 51.0882620388685], [-0.492127175324818, 51.0944841769189]]]]}}, {"id": "223", "type": "Feature", "properties": {"LAD22CD": "E07000226", "LAD22NM": "Crawley"}, "geometry": {"type": "Polygon", "coordinates": [[[-0.140462480803131, 51.1600473191154], [-0.132959635268358, 51.1588837320771], [-0.137571778320172, 51.1421596105082], [-0.145185443413673, 51.1026412830466], [-0.173845222306386, 51.0893224590308], [-0.211977567162676, 51.086584504198], [-0.219371621174042, 51.0995655559003], [-0.232490577974214, 51.0973508250544], [-0.236892213653541, 51.109440790403], [-0.200274263901966, 51.1390924662514], [-0.25461326381062, 51.1390503685817], [-0.255167664563843, 51.1441405976481], [-0.214234803403043, 51.1484637545475], [-0.212142089174476, 51.1554548864805], [-0.17670622529243, 51.1668499726532], [-0.140462480803131, 51.1600473191154]]]}}, {"id": "224", "type": "Feature", "properties": {"LAD22CD": "E07000227", "LAD22NM": "Horsham"}, "geometry": {"type": "Polygon", "coordinates": [[[-0.211977567162676, 51.086584504198], [-0.211745593131795, 51.0646433798615], [-0.222628051705148, 51.0602111351807], [-0.226757883310084, 51.0415682335827], [-0.2191588962465, 51.0379219310535], [-0.24693749454031, 51.03350720686], [-0.249081348544969, 51.0249473507198], [-0.236649304684154, 51.0210840170849], [-0.245296732216148, 51.0123316670864], [-0.232015221809748, 51.0108472780265], [-0.240869656719023, 50.9527154348775], [-0.224455571773511, 50.9429458075818], [-0.231943080899741, 50.9358151960846], [-0.223783863677265, 50.9117841373855], [-0.244154461994183, 50.9073634506356], [-0.248659770651226, 50.8730707787815], [-0.239238286310074, 50.8678855967986], [-0.244970867103618, 50.8638089043948], [-0.255303084256952, 50.8715514534251], [-0.256579131963737, 50.8623352673194], [-0.340900799159014, 50.8626233700559], [-0.364597872567908, 50.874525774452], [-0.363896226067984, 50.888479674543], [-0.380064174941901, 50.8855934500295], [-0.392715664647458, 50.8933728689554], [-0.413160900377152, 50.8795880482317], [-0.41173986085569, 50.8865590828638], [-0.430516086934304, 50.8929731605709], [-0.439984275251173, 50.8775273632214], [-0.451502334771634, 50.8954674969696], [-0.464921296449302, 50.883971357533], [-0.476587743698464, 50.8850558593004], [-0.482842229556523, 50.899096530345], [-0.493116801617838, 50.8852631740563], [-0.499918002526275, 50.8998827901598], [-0.524791780450509, 50.8829842203387], [-0.538178804166781, 50.8862228616469], [-0.548874388887642, 50.8800890036735], [-0.561038073639796, 50.8878503544162], [-0.542964813476796, 50.8912162101402], [-0.553103369727624, 50.9015170630147], [-0.551499237936528, 50.9132502440574], [-0.536969271661823, 50.9167536585229], [-0.556066484192898, 50.9234771422107], [-0.568709250007313, 50.9425120888031], [-0.549673691097473, 50.9539834076421], [-0.533749334088352, 50.9502449021559], [-0.524857296093485, 50.9870384391957], [-0.507268466407569, 50.990530056988], [-0.517645475452731, 50.9985535030564], [-0.510680386474117, 51.0078176732675], [-0.486220867919728, 51.0101060811816], [-0.475855112121638, 51.0209572911801], [-0.473194275922599, 51.0338500047922], [-0.483927399071397, 51.0409915189776], [-0.475638537554662, 51.0563778666051], [-0.484127197017171, 51.0568110052102], [-0.478407137730045, 51.0664716463984], [-0.492127175324818, 51.0944841769189], [-0.419203500082164, 51.1052045809821], [-0.391524793518279, 51.1165107863938], [-0.300346786136933, 51.1247356968359], [-0.25461326381062, 51.1390503685817], [-0.200274263901966, 51.1390924662514], [-0.236892213653541, 51.109440790403], [-0.232490577974214, 51.0973508250544], [-0.219371621174042, 51.0995655559003], [-0.211977567162676, 51.086584504198]]]}}, {"id": "225", "type": "Feature", "properties": {"LAD22CD": "E07000228", "LAD22NM": "Mid Sussex"}, "geometry": {"type": "Polygon", "coordinates": [[[-0.0164097807035256, 51.0025138340307], [-0.0246042590087526, 50.9800251742248], [-0.0615918410922555, 50.9784204161656], [-0.0736194177331807, 50.9916752634281], [-0.115214890805893, 50.9760771371799], [-0.104172926921542, 50.9464716805823], [-0.119726379417298, 50.9423412102197], [-0.135010046704454, 50.8866345160191], [-0.168126160025174, 50.880748243002], [-0.168612081924965, 50.8923683218769], [-0.182422854403572, 50.8883247766278], [-0.18773445855603, 50.8685704699966], [-0.226719329968901, 50.8781806386737], [-0.239238286310074, 50.8678855967986], [-0.248659770651226, 50.8730707787815], [-0.244154461994183, 50.9073634506356], [-0.223783863677265, 50.9117841373855], [-0.231943080899741, 50.9358151960846], [-0.224455571773511, 50.9429458075818], [-0.240869656719023, 50.9527154348775], [-0.232015221809748, 51.0108472780265], [-0.245296732216148, 51.0123316670864], [-0.236649304684154, 51.0210840170849], [-0.249081348544969, 51.0249473507198], [-0.24693749454031, 51.03350720686], [-0.2191588962465, 51.0379219310535], [-0.226757883310084, 51.0415682335827], [-0.222628051705148, 51.0602111351807], [-0.211745593131795, 51.0646433798615], [-0.211977567162676, 51.086584504198], [-0.173845222306386, 51.0893224590308], [-0.145185443413673, 51.1026412830466], [-0.137571778320172, 51.1421596105082], [0.0273612247660835, 51.1398505070994], [0.0281525549528462, 51.1177196620482], [0.0445654583113198, 51.1106493987571], [0.0186185679112131, 51.1035755135794], [0.00950504621663548, 51.1103919565056], [0.0104731924967344, 51.1021824825989], [-0.036213376436162, 51.0934295234327], [-0.0268520992180162, 51.0751128713046], [-0.0132566088248517, 51.0739671029142], [-0.00854815740438445, 51.0564579880245], [0.0137255550641094, 51.0570126028937], [-0.00300172769009489, 51.0475643235525], [-0.00156549234049123, 51.0357549877935], [-0.0219136818421872, 51.0265124439424], [-0.0164097807035256, 51.0025138340307]]]}}, {"id": "226", "type": "Feature", "properties": {"LAD22CD": "E07000229", "LAD22NM": "Worthing"}, "geometry": {"type": "Polygon", "coordinates": [[[-0.367453204005458, 50.8605318030971], [-0.355465206030984, 50.8270961841037], [-0.333134286829621, 50.8173561560983], [-0.435749127447601, 50.8031690597962], [-0.446007008879058, 50.8398542062517], [-0.422296959912744, 50.8406788702091], [-0.422793813030102, 50.860234940193], [-0.409280310594487, 50.8522635902785], [-0.381582934820488, 50.8631684468331], [-0.367453204005458, 50.8605318030971]]]}}, {"id": "227", "type": "Feature", "properties": {"LAD22CD": "E07000234", "LAD22NM": "Bromsgrove"}, "geometry": {"type": "Polygon", "coordinates": [[[-2.01699028095924, 52.4326829309962], [-1.98603705906246, 52.4167261859898], [-2.03364061279039, 52.4023279275498], [-1.99848638916746, 52.3811379967551], [-1.95361379620871, 52.3933706517577], [-1.93431470610424, 52.3872363795687], [-1.91367502449958, 52.4074643041657], [-1.8826972850066, 52.3998129649372], [-1.86874678259764, 52.4047375099132], [-1.84549830963187, 52.3997822153889], [-1.87203384032481, 52.3675985302351], [-1.88897350255566, 52.3610931439567], [-1.86483054977187, 52.3330931986051], [-1.86856851089854, 52.3145893794735], [-1.88093415490093, 52.3109334746665], [-1.8918685638989, 52.3214255474996], [-1.95505992482364, 52.3210097242758], [-1.98200565046637, 52.3083060405177], [-1.98415107248488, 52.2921004574488], [-2.00201768098981, 52.2881394139607], [-2.00245990914605, 52.2795824171182], [-2.09168999868822, 52.2885608696368], [-2.08516367736649, 52.3134990097277], [-2.12405512062693, 52.3145029140462], [-2.11328311687734, 52.3371619384153], [-2.13147114145511, 52.347079656597], [-2.12773393507284, 52.3522409690981], [-2.13716881365242, 52.3499796766848], [-2.11921321829335, 52.3578889377849], [-2.13770103486548, 52.3938991146768], [-2.1262477824948, 52.4033039263932], [-2.13403568819586, 52.4103004976891], [-2.15826380268027, 52.4092842726238], [-2.16770663043039, 52.4237803511181], [-2.16485128257998, 52.4302041413132], [-2.13602683609072, 52.4262682229475], [-2.09856509199697, 52.4452835394779], [-2.08482057426392, 52.4321975526348], [-2.06805186468972, 52.4351950959813], [-2.06246734325287, 52.4274306533899], [-2.05578306154507, 52.4413058490695], [-2.03788100010757, 52.4415575551052], [-2.03698776266666, 52.4275457075304], [-2.01699028095924, 52.4326829309962]]]}}, {"id": "228", "type": "Feature", "properties": {"LAD22CD": "E07000235", "LAD22NM": "Malvern Hills"}, "geometry": {"type": "Polygon", "coordinates": [[[-2.26641521822817, 52.3236054648157], [-2.27507146974601, 52.2722643973485], [-2.25189368814719, 52.2667556767951], [-2.23183435817177, 52.2499057703844], [-2.24327173178734, 52.2218541571442], [-2.2348859595325, 52.2114566320252], [-2.24877385653512, 52.2107493035345], [-2.26187952931941, 52.1819552690907], [-2.25260757062196, 52.183494923657], [-2.24718304396501, 52.1695599808034], [-2.22769454481533, 52.1636760801678], [-2.20337225892984, 52.1673168228361], [-2.18957557156556, 52.1460197257326], [-2.16492166656419, 52.1428294584192], [-2.19640565193696, 52.1248348514513], [-2.1487536750849, 52.1032510957254], [-2.15831861512887, 52.0845295878829], [-2.14997816782549, 52.0754256062341], [-2.15812782987296, 52.0612265277084], [-2.17539220015768, 52.0586513672406], [-2.17138093353095, 52.0475735011324], [-2.18067935412919, 52.0417281238781], [-2.17690606521531, 52.0225592300147], [-2.18768330302322, 52.0190801576711], [-2.16463014559703, 51.9961432541514], [-2.1807485360373, 51.9996151713198], [-2.18508403441562, 51.9905609788574], [-2.2206132435217, 51.9954966448483], [-2.25135998124032, 51.9665649342157], [-2.27055558557873, 51.9689390809737], [-2.30043302609069, 51.9667752646008], [-2.31261970069138, 51.976504974576], [-2.32653298644337, 51.9757878171901], [-2.32470967818414, 52.0035672783312], [-2.35254266829771, 52.0135353102849], [-2.35137852244174, 52.0213590290394], [-2.33796261565779, 52.0898846202391], [-2.35214734429092, 52.1034855887708], [-2.35140196148415, 52.1446241346638], [-2.37932119133153, 52.1551116070678], [-2.41519497909439, 52.1452402389999], [-2.43517518126441, 52.1682166248627], [-2.42194842839694, 52.1724751157631], [-2.40783866986951, 52.2027510521613], [-2.39267869727477, 52.2086147380727], [-2.40389375615873, 52.2214504115743], [-2.38440013667357, 52.225234829949], [-2.42306524241214, 52.2372605126344], [-2.46485757968369, 52.2343739358296], [-2.47470174108041, 52.2413590868946], [-2.46809895102878, 52.256038011508], [-2.42799581004903, 52.2706099357052], [-2.45140272258487, 52.2850827749681], [-2.50311281254, 52.2774495632506], [-2.4956508287493, 52.2569415191676], [-2.52581952783101, 52.2480966409567], [-2.53167300470246, 52.2532767669944], [-2.57420551071335, 52.2527313850736], [-2.6289691880592, 52.2403729170107], [-2.62829394809249, 52.2611596533262], [-2.59793122459573, 52.2816177134603], [-2.63987718684578, 52.2863754817816], [-2.66320843615968, 52.3039209964968], [-2.61803476082432, 52.3069569825661], [-2.57485259380717, 52.3175760228212], [-2.56264435828822, 52.3111365754448], [-2.56221899576703, 52.3331082832588], [-2.53914994730822, 52.3441390883156], [-2.51212945833582, 52.3371102595184], [-2.51320477489778, 52.3292139122079], [-2.48179590843371, 52.3310777473859], [-2.48832715242412, 52.3553975393889], [-2.4747702332673, 52.3671455210521], [-2.41492339318484, 52.3682547125976], [-2.42099179302258, 52.3330604710681], [-2.43412840030514, 52.3226559995453], [-2.36986501483757, 52.3268100738851], [-2.36328281500724, 52.3148509529162], [-2.33402321739277, 52.3189237697964], [-2.31093194204397, 52.340550090416], [-2.29916401578431, 52.3223600109167], [-2.27388986097079, 52.3289321407385], [-2.26641521822817, 52.3236054648157]]]}}, {"id": "229", "type": "Feature", "properties": {"LAD22CD": "E07000236", "LAD22NM": "Redditch"}, "geometry": {"type": "Polygon", "coordinates": [[[-1.88093415490093, 52.3109334746665], [-1.88647936317105, 52.2866325493725], [-1.91597681390647, 52.2750342209889], [-1.93740118462789, 52.2761530305047], [-1.93461083149063, 52.2520178646591], [-1.96758525140064, 52.2370254601366], [-2.01673935544796, 52.2372751013875], [-2.01552960892091, 52.2700022303517], [-2.00245990914605, 52.2795824171182], [-2.00201768098981, 52.2881394139607], [-1.98415107248488, 52.2921004574488], [-1.98200565046637, 52.3083060405177], [-1.95505992482364, 52.3210097242758], [-1.8918685638989, 52.3214255474996], [-1.88093415490093, 52.3109334746665]]]}}, {"id": "230", "type": "Feature", "properties": {"LAD22CD": "E07000237", "LAD22NM": "Worcester"}, "geometry": {"type": "Polygon", "coordinates": [[[-2.20337225892984, 52.1673168228361], [-2.22769454481533, 52.1636760801678], [-2.24718304396501, 52.1695599808034], [-2.25260757062196, 52.183494923657], [-2.26187952931941, 52.1819552690907], [-2.24877385653512, 52.2107493035345], [-2.2348859595325, 52.2114566320252], [-2.24327173178734, 52.2218541571442], [-2.22157623348556, 52.2314054157501], [-2.1574079791378, 52.2131432362344], [-2.1711524336967, 52.1845601192022], [-2.20337225892984, 52.1673168228361]]]}}, {"id": "231", "type": "Feature", "properties": {"LAD22CD": "E07000238", "LAD22NM": "Wychavon"}, "geometry": {"type": "Polygon", "coordinates": [[[-2.13716881365242, 52.3499796766848], [-2.12773393507284, 52.3522409690981], [-2.13147114145511, 52.347079656597], [-2.11328311687734, 52.3371619384153], [-2.12405512062693, 52.3145029140462], [-2.08516367736649, 52.3134990097277], [-2.09168999868822, 52.2885608696368], [-2.00245990914605, 52.2795824171182], [-2.01552960892091, 52.2700022303517], [-2.01673935544796, 52.2372751013875], [-1.96758525140064, 52.2370254601366], [-1.93461083149063, 52.2520178646591], [-1.91746463165546, 52.2181838110153], [-1.93563393045851, 52.2041212314579], [-1.94164148445488, 52.177406344066], [-1.96040736772155, 52.1686717313137], [-1.93548275837819, 52.1695570853923], [-1.9443024167711, 52.1553331527715], [-1.92188699893781, 52.1530062956869], [-1.90347301013314, 52.133450944486], [-1.88511820710407, 52.1468531416659], [-1.89422974637425, 52.1482514762684], [-1.88977183547481, 52.1562131340578], [-1.86692724441238, 52.153007967663], [-1.85418798079449, 52.138520914398], [-1.8396721464105, 52.152713685185], [-1.82334774779545, 52.1459250780329], [-1.82321733193223, 52.1363823220937], [-1.80843385608566, 52.1398755712958], [-1.78554803075531, 52.1320586070751], [-1.79100431323698, 52.1201935592893], [-1.75739824866764, 52.1159444098204], [-1.76764874769465, 52.1125925601067], [-1.80228873762243, 52.0969414695018], [-1.81273665650818, 52.0787440014706], [-1.81894341276327, 52.0854041151211], [-1.83175334172358, 52.0727693542685], [-1.84661960637666, 52.0794210956629], [-1.87440607681162, 52.0699909115952], [-1.86344917989937, 52.053417723062], [-1.83458593855756, 52.0437303163566], [-1.8250228816679, 52.0309334135568], [-1.83905030714283, 52.0067831284916], [-1.91344602070409, 52.0444612406154], [-1.93173022075699, 52.0299592834289], [-1.95138760292282, 52.0377252735293], [-1.98413574037062, 52.0358792744237], [-2.03835621126119, 52.0046006235229], [-2.04951417600198, 52.0037962185805], [-2.06078374065176, 52.0146805603219], [-2.08487319407292, 52.0104785846223], [-2.11219762720392, 52.0153447349971], [-2.14068698320585, 51.9994641968075], [-2.14965530887931, 52.0112561686783], [-2.13939720724878, 52.027891849687], [-2.11721985481579, 52.0336144279972], [-2.1183837199463, 52.0421086149382], [-2.17138093353095, 52.0475735011324], [-2.17539220015768, 52.0586513672406], [-2.15812782987296, 52.0612265277084], [-2.14997816782549, 52.0754256062341], [-2.15831861512887, 52.0845295878829], [-2.1487536750849, 52.1032510957254], [-2.19640565193696, 52.1248348514513], [-2.16492166656419, 52.1428294584192], [-2.18957557156556, 52.1460197257326], [-2.20337225892984, 52.1673168228361], [-2.1711524336967, 52.1845601192022], [-2.1574079791378, 52.2131432362344], [-2.22157623348556, 52.2314054157501], [-2.24327173178734, 52.2218541571442], [-2.23183435817177, 52.2499057703844], [-2.25189368814719, 52.2667556767951], [-2.27507146974601, 52.2722643973485], [-2.26641521822817, 52.3236054648157], [-2.26036842404838, 52.3283065336474], [-2.27177602792604, 52.3326320535131], [-2.24951304550382, 52.3456753223391], [-2.24568386647501, 52.361036233594], [-2.21047746441572, 52.3551826126877], [-2.19046712394108, 52.3289381287584], [-2.17088025950861, 52.3316414417445], [-2.17461874492778, 52.3166546708542], [-2.13716881365242, 52.3499796766848]]]}}, {"id": "232", "type": "Feature", "properties": {"LAD22CD": "E07000239", "LAD22NM": "Wyre Forest"}, "geometry": {"type": "Polygon", "coordinates": [[[-2.16770663043039, 52.4237803511181], [-2.15826380268027, 52.4092842726238], [-2.13403568819586, 52.4103004976891], [-2.1262477824948, 52.4033039263932], [-2.13770103486548, 52.3938991146768], [-2.11921321829335, 52.3578889377849], [-2.13716881365242, 52.3499796766848], [-2.17461874492778, 52.3166546708542], [-2.17088025950861, 52.3316414417445], [-2.19046712394108, 52.3289381287584], [-2.21047746441572, 52.3551826126877], [-2.24568386647501, 52.361036233594], [-2.24951304550382, 52.3456753223391], [-2.27177602792604, 52.3326320535131], [-2.26036842404838, 52.3283065336474], [-2.26641521822817, 52.3236054648157], [-2.27388986097079, 52.3289321407385], [-2.29916401578431, 52.3223600109167], [-2.31093194204397, 52.340550090416], [-2.33402321739277, 52.3189237697964], [-2.36328281500724, 52.3148509529162], [-2.36986501483757, 52.3268100738851], [-2.43412840030514, 52.3226559995453], [-2.42099179302258, 52.3330604710681], [-2.41492339318484, 52.3682547125976], [-2.41047383637194, 52.3871532921095], [-2.39067324035235, 52.381527855865], [-2.36735191957292, 52.3880630032731], [-2.33553274094094, 52.385347443411], [-2.37294564977794, 52.4019641101138], [-2.36352792484789, 52.4394258309826], [-2.31175006207078, 52.4375311774161], [-2.28738237113973, 52.4553169285039], [-2.2949641030381, 52.4489476840565], [-2.26950475053342, 52.4386159936785], [-2.16770663043039, 52.4237803511181]]]}}, {"id": "233", "type": "Feature", "properties": {"LAD22CD": "E07000240", "LAD22NM": "St Albans"}, "geometry": {"type": "Polygon", "coordinates": [[[-0.273535467739625, 51.8353646307438], [-0.243262915772304, 51.8123839178341], [-0.277542612573709, 51.7977860029779], [-0.275838010946972, 51.7722493551879], [-0.242381726264369, 51.7450016737866], [-0.244427606620147, 51.7318919236486], [-0.255135647681091, 51.7295373720626], [-0.264789593029048, 51.7380187811486], [-0.284303145823118, 51.7329982876318], [-0.28640882786949, 51.721104889618], [-0.276953743264448, 51.7212848230394], [-0.30197598550969, 51.7080667042468], [-0.300019499980876, 51.6965246094501], [-0.322332181395496, 51.6934796375874], [-0.326857420902442, 51.7034832231327], [-0.354107748949262, 51.6989403319207], [-0.355324912805136, 51.6905976092115], [-0.371998945371841, 51.6875908504885], [-0.375358258839184, 51.692511940921], [-0.375558050923482, 51.6929121239927], [-0.380774775272939, 51.7069891506521], [-0.404990597736752, 51.7125441866818], [-0.402459618393306, 51.7211591880981], [-0.422080280259691, 51.7408368511604], [-0.422831590051087, 51.7659896518477], [-0.440584240768879, 51.7868783599547], [-0.413368274252625, 51.7911853011361], [-0.411968410849213, 51.8002788109169], [-0.42882892053507, 51.8067647441807], [-0.414111628394077, 51.8190855883725], [-0.416276005542649, 51.8357605525004], [-0.40485880669367, 51.8406074632762], [-0.373362807966763, 51.8292291684044], [-0.363302563864236, 51.8421051218226], [-0.339485896124555, 51.8496055501941], [-0.319397911474891, 51.8366549052531], [-0.273535467739625, 51.8353646307438]]]}}, {"id": "234", "type": "Feature", "properties": {"LAD22CD": "E07000241", "LAD22NM": "Welwyn Hatfield"}, "geometry": {"type": "Polygon", "coordinates": [[[-0.172785294956129, 51.8565877880352], [-0.166760340549324, 51.844177436926], [-0.178527540603468, 51.8411852097161], [-0.168475731892204, 51.8304157026648], [-0.183598135116009, 51.815065965133], [-0.147972135259737, 51.7990201727464], [-0.166704314006869, 51.7925536450365], [-0.141441458468616, 51.7737355980188], [-0.138407683202453, 51.7372758517354], [-0.101193709181173, 51.7451330503021], [-0.0921413208351193, 51.7432085753237], [-0.0986537301730089, 51.73594646627], [-0.114083215832648, 51.7208072582848], [-0.10577913835527, 51.6918756459932], [-0.163493271938224, 51.6881150805638], [-0.163118088645696, 51.6998576292954], [-0.183327090787712, 51.7065215371161], [-0.219914438243376, 51.7137235893278], [-0.23897170067197, 51.7061417859005], [-0.255135647681091, 51.7295373720626], [-0.244427606620147, 51.7318919236486], [-0.242381726264369, 51.7450016737866], [-0.275838010946972, 51.7722493551879], [-0.277542612573709, 51.7977860029779], [-0.243262915772304, 51.8123839178341], [-0.273535467739625, 51.8353646307438], [-0.247790666490696, 51.8462297704693], [-0.241623749541185, 51.8352989835266], [-0.224910367919265, 51.8332340598732], [-0.225757677608164, 51.8445442340755], [-0.212925855615528, 51.8513960491995], [-0.205963250670167, 51.8463994837002], [-0.21457142009006, 51.8396029592808], [-0.198911584833952, 51.844146303642], [-0.206690252020016, 51.8542632561934], [-0.196832241738783, 51.8593801751314], [-0.172785294956129, 51.8565877880352]]]}}, {"id": "235", "type": "Feature", "properties": {"LAD22CD": "E07000242", "LAD22NM": "East Hertfordshire"}, "geometry": {"type": "Polygon", "coordinates": [[[0.0690610114507331, 51.9840425617869], [0.0964606111639592, 51.9843259691199], [0.10701203141805, 51.9718178552015], [0.124847425135061, 51.9236084039955], [0.124761446710298, 51.8845855310094], [0.183853999516835, 51.8935011903688], [0.174976393666944, 51.8828125594953], [0.195594279900795, 51.8680863196043], [0.17046768802496, 51.8616221437544], [0.166251617449305, 51.8221540085985], [0.172583035411387, 51.8163043896198], [0.15830881878831, 51.8135169974375], [0.146141158428203, 51.796243762479], [0.0576635393893906, 51.7796739282513], [0.0267994429079434, 51.7741799003898], [0.0140290578120465, 51.7643799998415], [0.00557414068484764, 51.7800689421067], [-0.0181333579140994, 51.7805186547753], [-0.0216762183587019, 51.7735354562918], [-0.0478960603690141, 51.7688129480488], [-0.0583093358920348, 51.7347015726834], [-0.0986537301730089, 51.73594646627], [-0.0921413208351193, 51.7432085753237], [-0.101193709181173, 51.7451330503021], [-0.138407683202453, 51.7372758517354], [-0.141441458468616, 51.7737355980188], [-0.166704314006869, 51.7925536450365], [-0.147972135259737, 51.7990201727464], [-0.183598135116009, 51.815065965133], [-0.168475731892204, 51.8304157026648], [-0.178527540603468, 51.8411852097161], [-0.166760340549324, 51.844177436926], [-0.172785294956129, 51.8565877880352], [-0.164494654721495, 51.8618332496891], [-0.173584538635936, 51.8753306310418], [-0.146817430268182, 51.8705723531452], [-0.151295589127441, 51.8853925863705], [-0.161177573086972, 51.884984655121], [-0.15301947970924, 51.8989977879678], [-0.162186195515956, 51.9203416801756], [-0.145625877233184, 51.9339893322353], [-0.119282664615647, 51.9282975693621], [-0.120164696790194, 51.9421882768528], [-0.110154378423714, 51.9419011693739], [-0.107011864409475, 51.9539594485411], [-0.0746568339442191, 51.971164483687], [-0.0655399976209227, 51.9568453137192], [-0.0401897897527637, 51.9677013380773], [-0.0482013464453838, 51.9794486448272], [-0.0306290457528503, 51.9838140365357], [-0.0237338033617035, 51.9971696634496], [-0.00303606519827021, 51.9934457735161], [0.00246953571341248, 51.9830535322524], [0.0350258000081447, 51.9896289952085], [0.0690610114507331, 51.9840425617869]]]}}, {"id": "236", "type": "Feature", "properties": {"LAD22CD": "E07000243", "LAD22NM": "Stevenage"}, "geometry": {"type": "Polygon", "coordinates": [[[-0.162186195515956, 51.9203416801756], [-0.15301947970924, 51.8989977879678], [-0.161177573086972, 51.884984655121], [-0.151295589127441, 51.8853925863705], [-0.146817430268182, 51.8705723531452], [-0.173584538635936, 51.8753306310418], [-0.191903250872438, 51.8829239401143], [-0.204203619966741, 51.880138389396], [-0.234371697047689, 51.9052547272262], [-0.226570006087454, 51.9301135018031], [-0.184606471302981, 51.9324133792184], [-0.162186195515956, 51.9203416801756]]]}}, {"id": "237", "type": "Feature", "properties": {"LAD22CD": "E07000244", "LAD22NM": "East Suffolk"}, "geometry": {"type": "MultiPolygon", "coordinates": [[[[1.17182990830236, 52.0204085667203], [1.17763424391523, 52.0169352863625], [1.1698716494473, 52.0203895048941], [1.17182990830236, 52.0204085667203]]], [[[1.70200760958483, 52.5446606889162], [1.72600396630919, 52.530642210805], [1.7402347174938, 52.532086642135], [1.74023472888191, 52.5320845216999], [1.76370560966352, 52.481647442168], [1.75658106391255, 52.4719746549708], [1.75766532955815, 52.4769342372393], [1.71087221158221, 52.4748183163759], [1.75623230351346, 52.4714860679095], [1.73494382850025, 52.449153071231], [1.734806783526, 52.4482035989769], [1.73457272949391, 52.4479683439194], [1.7318628339039, 52.4277958095465], [1.72788712575724, 52.4001986775976], [1.7032257199802, 52.3599833335276], [1.67486807906325, 52.3136390794207], [1.67241529589841, 52.3140999620785], [1.6651135102533, 52.3071587087457], [1.64997060805831, 52.3001890918486], [1.63450274018159, 52.2790199229837], [1.63436501214812, 52.2778984534035], [1.63325056922796, 52.2768370582286], [1.62311369958214, 52.1885376188931], [1.62057051955587, 52.1826483048363], [1.58010666539301, 52.088720275807], [1.58004449419748, 52.0885756268251], [1.57952592650012, 52.087369077826], [1.47719477941598, 52.0517677012986], [1.4998210330151, 52.061642706201], [1.53528479558285, 52.0771025638821], [1.54158227010732, 52.07918164938], [1.56223044633846, 52.0876557410564], [1.56715012310411, 52.0909747565049], [1.56775551306826, 52.0914587753197], [1.56122370888403, 52.0883960919384], [1.5414475558277, 52.0797868165825], [1.51795666716782, 52.0758736797178], [1.50366767980915, 52.0706882402196], [1.50125815600665, 52.0707218911376], [1.50049962991579, 52.0703207396464], [1.45111962494624, 52.0441793734174], [1.46324024674419, 52.048281615833], [1.46270058708006, 52.0467130532837], [1.46249655887163, 52.0466418805884], [1.43194738306505, 52.0071317825488], [1.39368175148257, 51.9865351611632], [1.39534282588652, 51.9993902698771], [1.36074426553821, 52.0062653107099], [1.39148056980487, 51.9893803766728], [1.38810242097719, 51.9784938683498], [1.34450301519891, 51.9569246247926], [1.31997191669022, 51.933162898958], [1.31570153022908, 51.9512916747126], [1.31567989953582, 51.9514105168401], [1.28443115247111, 51.9652872462121], [1.28233004635625, 51.9692433997977], [1.28027544414154, 51.9930838530235], [1.20458821391354, 52.0143349633592], [1.20272883734661, 52.0148561810876], [1.1825420814067, 52.0205122595695], [1.20947704335699, 52.020768655973], [1.22361032387657, 52.0294342540291], [1.20179540916572, 52.037348306232], [1.20645480899155, 52.0640187414338], [1.18989426782392, 52.0804499950831], [1.16425793503936, 52.0794997743491], [1.15783883919243, 52.0887516359453], [1.17776704064408, 52.120699989455], [1.16946895373073, 52.1312496797732], [1.1914028583232, 52.1399843478625], [1.21396540228161, 52.166538517313], [1.23984272640861, 52.1704287404425], [1.25417322954768, 52.1881313576604], [1.25673033002399, 52.1983645734966], [1.24180865493968, 52.2017510388662], [1.24745199595254, 52.2288974410189], [1.28673064742665, 52.2405442760123], [1.30101765522609, 52.2590162475327], [1.33976743265743, 52.2659261870131], [1.3412686786876, 52.2844484425427], [1.32759083059411, 52.2984791455401], [1.34729559476377, 52.2934050160267], [1.34443170383238, 52.2820896515259], [1.35565738472947, 52.2740773869985], [1.40164540153403, 52.2856981107003], [1.38414039866127, 52.2941055672069], [1.38402188782499, 52.3106666321455], [1.35747614271954, 52.322156548649], [1.35740556278198, 52.3372778938237], [1.4095085144785, 52.3632651065005], [1.37485702054714, 52.3946773751995], [1.34710101168893, 52.4044110222302], [1.36365762338152, 52.4274785172394], [1.40791389338578, 52.4444093171351], [1.43259225016739, 52.4453419219624], [1.43326842093664, 52.4559597435333], [1.41101790623206, 52.4615967765915], [1.42014985219332, 52.4710466444201], [1.44616961756398, 52.4560079198093], [1.48074305837944, 52.4718923988074], [1.50802174571599, 52.4617522835664], [1.52973012916731, 52.4683473365544], [1.5578231460997, 52.4576964856642], [1.56802007943695, 52.4746308730977], [1.58618952013244, 52.4786934308108], [1.61850457866027, 52.4632774828035], [1.63454251516346, 52.4629545134124], [1.64654874610189, 52.4720031493637], [1.65882710408097, 52.4684044748324], [1.6824718572743, 52.4950505688784], [1.67208067706344, 52.5038667142681], [1.65427974170962, 52.5014166495002], [1.62858219413556, 52.5260180537284], [1.66771403660963, 52.5502446806417], [1.70200760958483, 52.5446606889162]]]]}}, {"id": "238", "type": "Feature", "properties": {"LAD22CD": "E07000245", "LAD22NM": "West Suffolk"}, "geometry": {"type": "Polygon", "coordinates": [[[0.967471013014227, 52.3701127866583], [0.953171112000579, 52.3560612633175], [0.957339338255441, 52.3403723825862], [0.932697456804444, 52.3357296503457], [0.92570763817103, 52.3273612635167], [0.931124424011021, 52.3128689605948], [0.900152148105162, 52.2989156944804], [0.882935334353623, 52.3001369371972], [0.887356563307841, 52.2927191004743], [0.87362503457196, 52.2995077416979], [0.843083815187571, 52.284917379463], [0.856327415806795, 52.2684422734949], [0.842601529372743, 52.268026704126], [0.843865439503035, 52.2598002981661], [0.825826214074469, 52.2665153386254], [0.799441153937247, 52.2647133252074], [0.797580855297455, 52.2512298748277], [0.827129607743654, 52.2389675863716], [0.815154767126503, 52.2039099401154], [0.838129471220416, 52.1953411715558], [0.836273784434032, 52.1821694144928], [0.814169470353268, 52.170732600777], [0.786919173100123, 52.1778942419446], [0.768688900604055, 52.1749998144636], [0.759128521717508, 52.1575128492579], [0.741992150973894, 52.1593307976427], [0.738336234404334, 52.1699708112856], [0.722798767349338, 52.1651039000442], [0.715964178048222, 52.1792806918715], [0.698145008443463, 52.1813078472164], [0.691699971569074, 52.1575813332903], [0.645374242363174, 52.1601772561061], [0.626894823946383, 52.1289910409682], [0.656900901436426, 52.0854416870867], [0.582132818735652, 52.0758523728914], [0.551487374858225, 52.0688101037103], [0.542262964458395, 52.0577593101052], [0.511053759850194, 52.0598314517354], [0.501678783042324, 52.0538526678759], [0.466666860165125, 52.07845586008], [0.453622595252859, 52.0681472867682], [0.438278486414546, 52.0723326770648], [0.404638263575799, 52.0655023804364], [0.394996785207166, 52.0959681296318], [0.381803808187178, 52.1027012943415], [0.389589786598814, 52.1174705817835], [0.418283006486572, 52.1343556337397], [0.417276418385201, 52.1593066842157], [0.435915802809098, 52.1594950938253], [0.452191370484852, 52.1732042464939], [0.470730328668491, 52.163258851412], [0.491332842084376, 52.1651020323233], [0.514484042486228, 52.2267794084401], [0.494931496203922, 52.2392580216355], [0.480337244966199, 52.2326819268452], [0.42696480396438, 52.2536027680285], [0.414517804147287, 52.2478611379193], [0.421335031399158, 52.2396913210168], [0.371248876090756, 52.226556160209], [0.342684099441605, 52.2423433461623], [0.360892976000256, 52.249422388877], [0.340002513478712, 52.2676878654228], [0.358997248829238, 52.2975427219529], [0.382723057789948, 52.2932662512981], [0.424206341730438, 52.2558715739394], [0.498802934867457, 52.2730213919812], [0.504768754039584, 52.2847156109061], [0.457617975720841, 52.3162509322432], [0.431376631558306, 52.3158254305483], [0.424221634123734, 52.3292163643952], [0.442501205517931, 52.3488315513591], [0.407617046340143, 52.3615737978453], [0.374777423612123, 52.4097288652912], [0.429344099524506, 52.4364266700427], [0.445538699626893, 52.4473717805671], [0.52366248098813, 52.4481795781055], [0.554704781403604, 52.4560251879721], [0.582501080763578, 52.4518613705246], [0.641832795782061, 52.4509649991787], [0.66632259090494, 52.4625083462197], [0.68397338808772, 52.4531649536221], [0.718652932708369, 52.4497079722705], [0.668498405684804, 52.4089744007281], [0.690769162292105, 52.3975309961829], [0.737589057243696, 52.3951383208205], [0.747404613361451, 52.3831865529757], [0.765966099968042, 52.3903574978612], [0.808172226111564, 52.3895244619185], [0.840930010077761, 52.4007964602404], [0.866872972281114, 52.3903459075399], [0.930232140374662, 52.388838223642], [0.967471013014227, 52.3701127866583]]]}}, {"id": "239", "type": "Feature", "properties": {"LAD22CD": "E07000246", "LAD22NM": "Somerset West and Taunton"}, "geometry": {"type": "Polygon", "coordinates": [[[-3.05401673638422, 51.2062062477765], [-3.05165538736957, 51.2032599723794], [-3.06747358653228, 51.1944599551074], [-3.08546811010617, 51.1960786600143], [-3.11623303401686, 51.1760539215496], [-3.11373026277158, 51.1699107753641], [-3.15753971540479, 51.1636695027777], [-3.1786789242225, 51.1467053541067], [-3.20546776739122, 51.1428055649624], [-3.2158842048091, 51.1295568674665], [-3.16842542237631, 51.1043066356713], [-3.14216605091385, 51.1092788364183], [-3.14085841378554, 51.0995149578792], [-3.15995127196073, 51.0908599860853], [-3.13796372744007, 51.0721953201407], [-3.04645211777561, 51.065559695932], [-3.02468005939822, 51.0598434298032], [-3.03121167578629, 51.0479143250849], [-3.01623868184149, 51.0547904899744], [-2.99745001167967, 51.0537839942771], [-2.98215298987896, 51.0408213808061], [-2.95778256621146, 51.0474313340406], [-2.9268261376994, 51.061527388483], [-2.94875187798559, 51.0735083388594], [-2.92526494541254, 51.0851296269639], [-2.91219463131707, 51.0851604879324], [-2.88819348190725, 51.0690987345502], [-2.89310785665498, 51.0550349181969], [-2.88384423829354, 51.0457873564886], [-2.95047714156815, 51.0112685541384], [-2.9443099321399, 51.0032751589755], [-2.97866239216156, 50.997620291386], [-2.98046119325378, 50.9649923127111], [-3.0077084356917, 50.9570706224218], [-3.03282065882268, 50.9363077858347], [-3.08837749506336, 50.9380066699312], [-3.08457227939435, 50.9216454284065], [-3.05239884145015, 50.9082765870699], [-3.12634080218261, 50.9017199612309], [-3.14418579605699, 50.8913960952003], [-3.18796247786107, 50.9103440864798], [-3.1664788965881, 50.947713484474], [-3.25483048358088, 50.9418457496667], [-3.29384739402201, 50.9551387048337], [-3.3336699633033, 50.9827882869913], [-3.37866358745963, 50.9775085065969], [-3.38048774397398, 51.0184858606913], [-3.41417405059937, 51.0197027051077], [-3.42130388849576, 51.0307781806816], [-3.46019383383282, 51.0252167281119], [-3.48336552993693, 51.0338313791514], [-3.50426793172562, 51.0301126187041], [-3.5204283367291, 51.0258709492369], [-3.51888138570953, 51.0147955198935], [-3.53504945700714, 51.003347265335], [-3.60320812898055, 51.0072332306659], [-3.61465457400679, 51.0154904427387], [-3.59447111942891, 51.0551947239991], [-3.64670925190031, 51.0580591629496], [-3.69246375831133, 51.0805654417917], [-3.71994749264962, 51.0808206531176], [-3.80428873272582, 51.1156852822548], [-3.83449124892582, 51.1383810136856], [-3.83917542483951, 51.1769230993772], [-3.78630346639543, 51.1719269221801], [-3.72498387980715, 51.1795920629985], [-3.73320126956949, 51.2227250757068], [-3.72056139113603, 51.2330575870449], [-3.72016877139454, 51.2330158656903], [-3.63304126594712, 51.2237225984231], [-3.62248054596861, 51.2174478005598], [-3.62124038345122, 51.2166429750358], [-3.57870861546137, 51.2321417026212], [-3.54216486095581, 51.2322566633685], [-3.49573197186276, 51.2236458107687], [-3.47040825893854, 51.2081503815399], [-3.44760212743594, 51.2089016584595], [-3.43268007125644, 51.2004503649769], [-3.40080830053328, 51.1823824630771], [-3.27736518241093, 51.1795686619484], [-3.15394211238269, 51.2087737224379], [-3.14663188910567, 51.2094389699947], [-3.12549727468118, 51.2113595497542], [-3.07632204478222, 51.2012523568808], [-3.0547640823823, 51.2059422142293], [-3.05401673638422, 51.2062062477765]]]}}, {"id": "240", "type": "Feature", "properties": {"LAD22CD": "E08000001", "LAD22NM": "Bolton"}, "geometry": {"type": "Polygon", "coordinates": [[[-2.37913211400899, 53.6308703634519], [-2.37943642548209, 53.6202982220579], [-2.36299442013161, 53.610306610352], [-2.37705749405421, 53.5929173758265], [-2.37398896156194, 53.5708379959366], [-2.35603231085937, 53.5606666071182], [-2.35897846155302, 53.5529369657691], [-2.37358896897132, 53.5539141059641], [-2.34147977891825, 53.5458821346457], [-2.3381935436519, 53.5336141395002], [-2.35369556560839, 53.5350565931541], [-2.35438848105194, 53.5262406598844], [-2.43714722764451, 53.5422534894246], [-2.4510972318287, 53.5286053947657], [-2.50584636407123, 53.5389920829183], [-2.53374718087245, 53.5230144462743], [-2.56960380656572, 53.5478547881025], [-2.55962527802362, 53.5612310787845], [-2.57766251928133, 53.5810593435228], [-2.62590677319225, 53.5936832713985], [-2.59592575554149, 53.6108149806104], [-2.56927828124953, 53.5955969482671], [-2.51132292934796, 53.6269949667172], [-2.47919534002786, 53.6170358900123], [-2.45970004381105, 53.6200426941985], [-2.43872438284017, 53.6460454486624], [-2.42169643500597, 53.623835573874], [-2.37913211400899, 53.6308703634519]]]}}, {"id": "241", "type": "Feature", "properties": {"LAD22CD": "E08000002", "LAD22NM": "Bury"}, "geometry": {"type": "Polygon", "coordinates": [[[-2.27178707180205, 53.6145142314572], [-2.24507858231904, 53.600139458401], [-2.2823739731083, 53.5838881193702], [-2.27333429383854, 53.579316169133], [-2.25923998977449, 53.5852699841213], [-2.24330453404064, 53.5717042367537], [-2.23722983443378, 53.5388605089248], [-2.25173729707554, 53.5446085369097], [-2.26827062383767, 53.537425961206], [-2.26411429692003, 53.5246904854995], [-2.24664495050156, 53.5292363550139], [-2.25696400257154, 53.5179472281819], [-2.29078671602898, 53.5120216498843], [-2.31047252721091, 53.5271872422386], [-2.3381935436519, 53.5336141395002], [-2.34147977891825, 53.5458821346457], [-2.37358896897132, 53.5539141059641], [-2.35897846155302, 53.5529369657691], [-2.35603231085937, 53.5606666071182], [-2.37398896156194, 53.5708379959366], [-2.37705749405421, 53.5929173758265], [-2.36299442013161, 53.610306610352], [-2.37943642548209, 53.6202982220579], [-2.37913211400899, 53.6308703634519], [-2.37032788754394, 53.6315343318487], [-2.36274651147438, 53.6554014724511], [-2.3712361929384, 53.6670806553965], [-2.31675729362229, 53.6549872250348], [-2.29898508619306, 53.6667047882744], [-2.29527277523822, 53.6403952344446], [-2.27178707180205, 53.6145142314572]]]}}, {"id": "242", "type": "Feature", "properties": {"LAD22CD": "E08000003", "LAD22NM": "Manchester"}, "geometry": {"type": "Polygon", "coordinates": [[[-2.23722983443378, 53.5388605089248], [-2.21872522360518, 53.5439068290273], [-2.18601421230859, 53.529059398541], [-2.1547610370867, 53.5180331570046], [-2.17870132103893, 53.5058486174816], [-2.16303024605401, 53.4928491976846], [-2.16806377593825, 53.4800875732214], [-2.14682778417064, 53.4676587261985], [-2.15845128388528, 53.4549368626877], [-2.17287963616394, 53.4480011075821], [-2.17647056948892, 53.4330992228678], [-2.18853962247078, 53.4366527361042], [-2.21342771329714, 53.4189147309679], [-2.21259491408902, 53.406968011696], [-2.24682802957703, 53.3960599942886], [-2.24079008412411, 53.3595742669914], [-2.25644728585402, 53.3606768412766], [-2.30135901104771, 53.340120620359], [-2.29693022964698, 53.3485838120438], [-2.31399816114173, 53.3574246421479], [-2.29859454979864, 53.3608249460527], [-2.28566460664445, 53.3762451149181], [-2.31991901980795, 53.4116235539266], [-2.29771557362914, 53.4083639180056], [-2.27777960010051, 53.4155080296877], [-2.27362065909694, 53.4225008392898], [-2.30018623198938, 53.4364163338285], [-2.25368727534751, 53.4599456438348], [-2.26532011730774, 53.4727290184161], [-2.24513722219961, 53.4860868252658], [-2.25542250647567, 53.499119126694], [-2.2452274841905, 53.5121567078394], [-2.25696400257154, 53.5179472281819], [-2.24664495050156, 53.5292363550139], [-2.26411429692003, 53.5246904854995], [-2.26827062383767, 53.537425961206], [-2.25173729707554, 53.5446085369097], [-2.23722983443378, 53.5388605089248]]]}}, {"id": "243", "type": "Feature", "properties": {"LAD22CD": "E08000004", "LAD22NM": "Oldham"}, "geometry": {"type": "Polygon", "coordinates": [[[-2.00947078713106, 53.6167795111392], [-1.94272585126694, 53.5616412941119], [-1.9128846428011, 53.5516436149553], [-1.90962083195551, 53.5383909865468], [-1.92678065561025, 53.5209487496897], [-1.92197284577495, 53.5099546848918], [-1.95133267475833, 53.5041988388905], [-1.96338598926022, 53.509827260669], [-2.05491706940516, 53.5313929556254], [-2.05414814082372, 53.5222691624695], [-2.09325828992356, 53.5206166937392], [-2.13612452440151, 53.4919276000956], [-2.16303024605401, 53.4928491976846], [-2.17870132103893, 53.5058486174816], [-2.1547610370867, 53.5180331570046], [-2.18601421230859, 53.529059398541], [-2.16944024565663, 53.5461593051751], [-2.17199289755819, 53.5582322937222], [-2.15092967932347, 53.567124151989], [-2.15658095529971, 53.5822882663664], [-2.12584469015087, 53.5864979727409], [-2.11063766856673, 53.5997088234209], [-2.05988208678917, 53.5924870034131], [-2.03582706619567, 53.6029323762618], [-2.02681573905277, 53.6241671470048], [-2.02303595762586, 53.6158394769092], [-2.00947078713106, 53.6167795111392]]]}}, {"id": "244", "type": "Feature", "properties": {"LAD22CD": "E08000005", "LAD22NM": "Rochdale"}, "geometry": {"type": "Polygon", "coordinates": [[[-2.02681573905277, 53.6241671470048], [-2.03582706619567, 53.6029323762618], [-2.05988208678917, 53.5924870034131], [-2.11063766856673, 53.5997088234209], [-2.12584469015087, 53.5864979727409], [-2.15658095529971, 53.5822882663664], [-2.15092967932347, 53.567124151989], [-2.17199289755819, 53.5582322937222], [-2.16944024565663, 53.5461593051751], [-2.18601421230859, 53.529059398541], [-2.21872522360518, 53.5439068290273], [-2.23722983443378, 53.5388605089248], [-2.24330453404064, 53.5717042367537], [-2.25923998977449, 53.5852699841213], [-2.27333429383854, 53.579316169133], [-2.2823739731083, 53.5838881193702], [-2.24507858231904, 53.600139458401], [-2.27178707180205, 53.6145142314572], [-2.25676901436556, 53.620397954751], [-2.26986609501716, 53.6461366085906], [-2.24587898711291, 53.6635194796295], [-2.21772889810502, 53.6689807379205], [-2.20522850321208, 53.6543488353298], [-2.18240718205755, 53.6482576152029], [-2.18539583608629, 53.6382240900954], [-2.16135282925978, 53.6413741743419], [-2.14632807589891, 53.682231530348], [-2.1422575495828, 53.6780058071684], [-2.13412727235101, 53.6857340308733], [-2.1180850092304, 53.6712452259584], [-2.09290647703186, 53.6701611248303], [-2.05124217318998, 53.6836917604439], [-2.02681573905277, 53.6241671470048]]]}}, {"id": "245", "type": "Feature", "properties": {"LAD22CD": "E08000006", "LAD22NM": "Salford"}, "geometry": {"type": "Polygon", "coordinates": [[[-2.3381935436519, 53.5336141395002], [-2.31047252721091, 53.5271872422386], [-2.29078671602898, 53.5120216498843], [-2.25696400257154, 53.5179472281819], [-2.2452274841905, 53.5121567078394], [-2.25542250647567, 53.499119126694], [-2.24513722219961, 53.4860868252658], [-2.26532011730774, 53.4727290184161], [-2.28158629238645, 53.4648656882003], [-2.32205934253643, 53.4801704925733], [-2.35497662386571, 53.4740174954745], [-2.39631826576338, 53.4584258556261], [-2.41958295901607, 53.4293189038056], [-2.44937818830286, 53.4158914442799], [-2.48971382174961, 53.460282297438], [-2.43446941523023, 53.4650444080407], [-2.438506957341, 53.4924021569053], [-2.41453919482293, 53.5148934298652], [-2.4510972318287, 53.5286053947657], [-2.43714722764451, 53.5422534894246], [-2.35438848105194, 53.5262406598844], [-2.35369556560839, 53.5350565931541], [-2.3381935436519, 53.5336141395002]]]}}, {"id": "246", "type": "Feature", "properties": {"LAD22CD": "E08000007", "LAD22NM": "Stockport"}, "geometry": {"type": "Polygon", "coordinates": [[[-2.0262554175393, 53.4298651614286], [-2.0136971820304, 53.4158901098022], [-1.99232947055908, 53.4151931330374], [-2.00464286724195, 53.3863272775011], [-2.03377543264394, 53.3755415697783], [-2.031058463243, 53.3702623861094], [-2.04056362489501, 53.3740877663963], [-2.06807780774501, 53.3573936378322], [-2.09517932332602, 53.3660806992136], [-2.1231957229973, 53.3619466331234], [-2.13902531020559, 53.3673170116013], [-2.15119059702052, 53.3481331353572], [-2.14409931007101, 53.3428710074742], [-2.16064754726659, 53.327314696506], [-2.19416286501527, 53.3386504410584], [-2.18097727745663, 53.3440438011382], [-2.18544088377377, 53.3526597696074], [-2.24079008412411, 53.3595742669914], [-2.24682802957703, 53.3960599942886], [-2.21259491408902, 53.406968011696], [-2.21342771329714, 53.4189147309679], [-2.18853962247078, 53.4366527361042], [-2.17647056948892, 53.4330992228678], [-2.17287963616394, 53.4480011075821], [-2.15845128388528, 53.4549368626877], [-2.14169023568556, 53.4382511328352], [-2.11600873992976, 53.4407309123871], [-2.10243915831795, 53.4326095341406], [-2.08904002865182, 53.4373095418526], [-2.0798034760136, 53.426176632721], [-2.0262554175393, 53.4298651614286]]]}}, {"id": "247", "type": "Feature", "properties": {"LAD22CD": "E08000008", "LAD22NM": "Tameside"}, "geometry": {"type": "Polygon", "coordinates": [[[-1.96338598926022, 53.509827260669], [-1.98781957548853, 53.4811103993828], [-1.98579237816046, 53.4552267721605], [-2.00823485273611, 53.4415492995151], [-2.00421605197447, 53.4359217858561], [-2.01422750540755, 53.43976275466], [-2.0262554175393, 53.4298651614286], [-2.0798034760136, 53.426176632721], [-2.08904002865182, 53.4373095418526], [-2.10243915831795, 53.4326095341406], [-2.11600873992976, 53.4407309123871], [-2.14169023568556, 53.4382511328352], [-2.15845128388528, 53.4549368626877], [-2.14682778417064, 53.4676587261985], [-2.16806377593825, 53.4800875732214], [-2.16303024605401, 53.4928491976846], [-2.13612452440151, 53.4919276000956], [-2.09325828992356, 53.5206166937392], [-2.05414814082372, 53.5222691624695], [-2.05491706940516, 53.5313929556254], [-1.96338598926022, 53.509827260669]]]}}, {"id": "248", "type": "Feature", "properties": {"LAD22CD": "E08000009", "LAD22NM": "Trafford"}, "geometry": {"type": "Polygon", "coordinates": [[[-2.26532011730774, 53.4727290184161], [-2.25368727534751, 53.4599456438348], [-2.30018623198938, 53.4364163338285], [-2.27362065909694, 53.4225008392898], [-2.27777960010051, 53.4155080296877], [-2.29771557362914, 53.4083639180056], [-2.31991901980795, 53.4116235539266], [-2.28566460664445, 53.3762451149181], [-2.29859454979864, 53.3608249460527], [-2.31399816114173, 53.3574246421479], [-2.33987489434102, 53.367377992043], [-2.37578362444177, 53.3653511834138], [-2.42658992510444, 53.3874615169358], [-2.47845617870327, 53.3962182008363], [-2.44937818830286, 53.4158914442799], [-2.41958295901607, 53.4293189038056], [-2.39631826576338, 53.4584258556261], [-2.35497662386571, 53.4740174954745], [-2.32205934253643, 53.4801704925733], [-2.28158629238645, 53.4648656882003], [-2.26532011730774, 53.4727290184161]]]}}, {"id": "249", "type": "Feature", "properties": {"LAD22CD": "E08000010", "LAD22NM": "Wigan"}, "geometry": {"type": "Polygon", "coordinates": [[[-2.62590677319225, 53.5936832713985], [-2.57766251928133, 53.5810593435228], [-2.55962527802362, 53.5612310787845], [-2.56960380656572, 53.5478547881025], [-2.53374718087245, 53.5230144462743], [-2.50584636407123, 53.5389920829183], [-2.4510972318287, 53.5286053947657], [-2.41453919482293, 53.5148934298652], [-2.438506957341, 53.4924021569053], [-2.43446941523023, 53.4650444080407], [-2.48971382174961, 53.460282297438], [-2.4963344588829, 53.4809294219504], [-2.55263854410147, 53.4678134069205], [-2.54907568465009, 53.461485853743], [-2.57038994787401, 53.4584755069628], [-2.5767428316775, 53.446057209294], [-2.61535915333382, 53.4636014221435], [-2.61213826989975, 53.4811380914232], [-2.6455400107463, 53.480252319891], [-2.66629583503557, 53.4997574816598], [-2.69889300940295, 53.5020315593074], [-2.73052451043225, 53.5205976080495], [-2.71792555495459, 53.5272111636733], [-2.70481914779262, 53.5591921853052], [-2.71922182910363, 53.5761114904479], [-2.69334691735714, 53.5894340860896], [-2.68931258757785, 53.6043028419438], [-2.63459215891522, 53.6082827625043], [-2.62590677319225, 53.5936832713985]]]}}, {"id": "250", "type": "Feature", "properties": {"LAD22CD": "E08000011", "LAD22NM": "Knowsley"}, "geometry": {"type": "Polygon", "coordinates": [[[-2.82496446470994, 53.4852092183666], [-2.81871177202822, 53.4668910846076], [-2.80440775963104, 53.4672364378258], [-2.7950694650346, 53.4432300939143], [-2.80502953494485, 53.4386600052671], [-2.77620142160649, 53.4266870390514], [-2.78677597011541, 53.4011875676072], [-2.74517465588857, 53.4020967259185], [-2.75765407352424, 53.3807378701135], [-2.77667109006624, 53.3810587132587], [-2.78730169890451, 53.3562903954798], [-2.81880391042643, 53.3480007286832], [-2.84040558010117, 53.3473311035908], [-2.85349581026672, 53.3635144479379], [-2.85616502047381, 53.378814988182], [-2.82195480947219, 53.3806670450162], [-2.83719376161634, 53.3997413922119], [-2.85621983009431, 53.3949601434108], [-2.89241121568825, 53.4107621255249], [-2.86592724972323, 53.4183016094447], [-2.8678553409707, 53.4492945977933], [-2.90031500926339, 53.4691586779097], [-2.91437913968166, 53.465007849426], [-2.92261510760143, 53.4749832157279], [-2.88798948091431, 53.5038316529092], [-2.86515490038089, 53.4920871492598], [-2.8498364247934, 53.4931391728108], [-2.84442114863858, 53.4841303894131], [-2.82496446470994, 53.4852092183666]]]}}, {"id": "251", "type": "Feature", "properties": {"LAD22CD": "E08000012", "LAD22NM": "Liverpool"}, "geometry": {"type": "Polygon", "coordinates": [[[-2.81880391042643, 53.3480007286832], [-2.81877988191501, 53.339771534052], [-2.83245729486952, 53.3372894346576], [-2.82795234954574, 53.3314589540123], [-2.85442768254741, 53.3273991325323], [-2.87815839926006, 53.3341988408009], [-2.90270834347078, 53.3455569474959], [-2.97465150886949, 53.3787774642196], [-3.00184542297024, 53.410325574597], [-3.00862921607139, 53.437881436884], [-2.97491461632544, 53.4433239988498], [-2.97382315442724, 53.4627566033193], [-2.95630659000364, 53.4729934783111], [-2.92261510760143, 53.4749832157279], [-2.91437913968166, 53.465007849426], [-2.90031500926339, 53.4691586779097], [-2.8678553409707, 53.4492945977933], [-2.86592724972323, 53.4183016094447], [-2.89241121568825, 53.4107621255249], [-2.85621983009431, 53.3949601434108], [-2.83719376161634, 53.3997413922119], [-2.82195480947219, 53.3806670450162], [-2.85616502047381, 53.378814988182], [-2.85349581026672, 53.3635144479379], [-2.84040558010117, 53.3473311035908], [-2.81880391042643, 53.3480007286832]]]}}, {"id": "252", "type": "Feature", "properties": {"LAD22CD": "E08000013", "LAD22NM": "St. Helens"}, "geometry": {"type": "Polygon", "coordinates": [[[-2.73052451043225, 53.5205976080495], [-2.69889300940295, 53.5020315593074], [-2.66629583503557, 53.4997574816598], [-2.6455400107463, 53.480252319891], [-2.61213826989975, 53.4811380914232], [-2.61535915333382, 53.4636014221435], [-2.5767428316775, 53.446057209294], [-2.585296044284, 53.439807215162], [-2.59868492591076, 53.4504137659505], [-2.59623052704749, 53.4426662911994], [-2.62746241227075, 53.4344126015177], [-2.63913593718132, 53.444391018418], [-2.67717041227961, 53.4527862446503], [-2.68207564052551, 53.4389014104593], [-2.66851362488515, 53.4409070508776], [-2.67526772804107, 53.4329653045538], [-2.66355470137911, 53.4287136584866], [-2.67631721274984, 53.3876193660995], [-2.69063280067745, 53.3853882186661], [-2.71280344443623, 53.3906260065484], [-2.71522678614011, 53.3990348997456], [-2.74517465588857, 53.4020967259185], [-2.78677597011541, 53.4011875676072], [-2.77620142160649, 53.4266870390514], [-2.80502953494485, 53.4386600052671], [-2.7950694650346, 53.4432300939143], [-2.80440775963104, 53.4672364378258], [-2.81871177202822, 53.4668910846076], [-2.82496446470994, 53.4852092183666], [-2.81674018026807, 53.5121744967699], [-2.78247648840079, 53.531430197881], [-2.76887248679445, 53.5135714641736], [-2.73052451043225, 53.5205976080495]]]}}, {"id": "253", "type": "Feature", "properties": {"LAD22CD": "E08000014", "LAD22NM": "Sefton"}, "geometry": {"type": "MultiPolygon", "coordinates": [[[[-2.95415634922314, 53.69541718898], [-2.95047123033527, 53.6917183780021], [-2.96230114861707, 53.6938047902124], [-2.95415634922314, 53.69541718898]]], [[[-2.95998353705903, 53.6917875065343], [-2.96073416226787, 53.6858162986865], [-2.95371749361695, 53.6916127905113], [-2.9574948267835, 53.6832855609035], [-2.94625404486887, 53.6792481441161], [-2.94976401013062, 53.6909962816433], [-2.95031011440914, 53.691547807631], [-2.95045032085472, 53.6916969879953], [-2.94678566949808, 53.6880175654031], [-2.94014344409029, 53.6586105188298], [-2.9672591070023, 53.6313286187843], [-2.98182313089385, 53.6222051359481], [-2.99788936527924, 53.6266670880998], [-3.02882214969535, 53.6023199753557], [-3.03598468713882, 53.5872219476173], [-3.02070918258232, 53.5836752117772], [-3.02261999765623, 53.5695979068693], [-3.04038847552938, 53.565272120384], [-3.04669858190109, 53.5429583288114], [-2.97582621873825, 53.515287937911], [-2.96296435439051, 53.5237058596021], [-2.97761401698476, 53.5459230779441], [-2.94789315360006, 53.5443538478543], [-2.92300940751067, 53.5252200425158], [-2.88171626852993, 53.5205438932213], [-2.88798948091431, 53.5038316529092], [-2.92261510760143, 53.4749832157279], [-2.95630659000364, 53.4729934783111], [-2.97382315442724, 53.4627566033193], [-2.97491461632544, 53.4433239988498], [-3.00862921607139, 53.437881436884], [-3.00875228191605, 53.438380991495], [-3.02653515166251, 53.4531285658587], [-3.02629543118617, 53.4540608100115], [-3.0386478711829, 53.4631664427333], [-3.04137001912836, 53.4654215047934], [-3.05623653252405, 53.4920490486636], [-3.06373684924024, 53.5054686771475], [-3.06275875510167, 53.5299501494209], [-3.06831679467828, 53.5199000243537], [-3.08574739254574, 53.5254036381008], [-3.10189925042513, 53.5371402882266], [-3.10423854228946, 53.554459810211], [-3.0587181576406, 53.6212021461444], [-3.0056632016861, 53.6646918033689], [-3.0100407471008, 53.6722217550455], [-3.01406936407839, 53.6791489566711], [-2.98286556408102, 53.6825859128693], [-2.98721404807591, 53.6892564135951], [-2.97764390936288, 53.6857412942133], [-2.96726148627491, 53.6984478039265], [-2.97156486543916, 53.6922740014116], [-2.95998353705903, 53.6917875065343]]]]}}, {"id": "254", "type": "Feature", "properties": {"LAD22CD": "E08000015", "LAD22NM": "Wirral"}, "geometry": {"type": "MultiPolygon", "coordinates": [[[[-3.11387067598427, 53.2943716327275], [-3.12300428172316, 53.2893039519754], [-3.11835037905506, 53.2919598956556], [-3.11706113742963, 53.2926844758504], [-3.11657287212287, 53.2929588829413], [-3.11630778182078, 53.293107862151], [-3.11409090785379, 53.2943769005661], [-3.11387067598427, 53.2943716327275]]], [[[-3.00254547537506, 53.3747021324275], [-2.93427763357537, 53.3132871937879], [-2.92881575254567, 53.3083641601885], [-2.9316025858093, 53.3060687965256], [-2.9395513248261, 53.3104155952951], [-2.96803333271532, 53.3012551099336], [-2.99273779101907, 53.3071087583506], [-3.02613955180197, 53.297748658583], [-3.07416551138978, 53.3163809033363], [-3.1090482669874, 53.2970466359508], [-3.10928952733083, 53.2971052907774], [-3.11261853096692, 53.2952135340498], [-3.12391555496401, 53.2960719081848], [-3.11615687187497, 53.3008191829222], [-3.12743612079501, 53.2943532959931], [-3.13798001157518, 53.2976396940758], [-3.13441428359391, 53.308012681427], [-3.13303182967529, 53.2997083719684], [-3.12393526131734, 53.3002384175407], [-3.12673908790272, 53.3007373805699], [-3.13074919596589, 53.3072699792915], [-3.12813665794485, 53.3045743203883], [-3.12872579173274, 53.3061915371889], [-3.10713362347341, 53.3017319352843], [-3.12682089951784, 53.3063367242281], [-3.11263398227093, 53.3090949158549], [-3.12057637422186, 53.3116816322743], [-3.12645390337778, 53.3135953117093], [-3.11906723698709, 53.3162167663433], [-3.12931293760442, 53.3143702338216], [-3.12268920116551, 53.3174212131111], [-3.1356468481557, 53.3157817671653], [-3.13641252955693, 53.3284095820391], [-3.10604485309061, 53.3135741846458], [-3.20407457615058, 53.3832491360842], [-3.17762493980129, 53.3997077236718], [-3.04118061119981, 53.4429241136581], [-3.00254547537506, 53.3747021324275]]]]}}, {"id": "255", "type": "Feature", "properties": {"LAD22CD": "E08000016", "LAD22NM": "Barnsley"}, "geometry": {"type": "Polygon", "coordinates": [[[-1.34873341137308, 53.5833476300582], [-1.32680704640604, 53.5581853270764], [-1.29765726882895, 53.551496216825], [-1.29380884811291, 53.535810405983], [-1.27572648676218, 53.5298373129109], [-1.28617228194707, 53.5267603459674], [-1.28128337823297, 53.5164922779904], [-1.31244277467456, 53.5137944816166], [-1.38009949340725, 53.514228083387], [-1.42796513905113, 53.4858537054123], [-1.44105081986194, 53.4911054898742], [-1.4522066569649, 53.4849288644871], [-1.4552192140429, 53.471750945559], [-1.49474873428307, 53.4862692667841], [-1.51481383416335, 53.4636667757772], [-1.51317073618626, 53.4514230223319], [-1.5329268641654, 53.4383153120021], [-1.55126185631079, 53.4462043902545], [-1.53904691905296, 53.4617154908734], [-1.5496581099153, 53.4784942363179], [-1.60659084349599, 53.4929071730766], [-1.70108876364153, 53.5031209760333], [-1.73198288405881, 53.4908966467704], [-1.73870787712309, 53.4771520288136], [-1.78364816833515, 53.4847989979638], [-1.80147063244941, 53.4809917607504], [-1.79628821898355, 53.503152990572], [-1.82222878111984, 53.5210909218023], [-1.80428301600162, 53.5370133734778], [-1.77187711533163, 53.5338525681019], [-1.74155538329141, 53.5410707350573], [-1.7231775076069, 53.5599267415214], [-1.66946580092353, 53.5532275163473], [-1.64823447446973, 53.5621950353801], [-1.61563188440644, 53.5630283217832], [-1.59619871324849, 53.5769869083184], [-1.60175211286839, 53.5877589598561], [-1.58797836748171, 53.5934865509527], [-1.58645325959614, 53.6071740555695], [-1.56045276872154, 53.6075517956732], [-1.53078144404236, 53.5931293799247], [-1.51867106657984, 53.5997192966797], [-1.49656246300737, 53.5973737497565], [-1.49511957803327, 53.6031902329812], [-1.48370858443037, 53.5948687916124], [-1.44762384495194, 53.612736992566], [-1.4003598366971, 53.5986710223328], [-1.37670296002844, 53.606478418801], [-1.34873341137308, 53.5833476300582]]]}}, {"id": "256", "type": "Feature", "properties": {"LAD22CD": "E08000017", "LAD22NM": "Doncaster"}, "geometry": {"type": "Polygon", "coordinates": [[[-0.865338726025611, 53.6377082330427], [-0.897926451077773, 53.5832774385938], [-0.901117807880235, 53.5687242266136], [-0.890995208077956, 53.5665589822921], [-0.901265910078631, 53.5479084252502], [-0.892295380495885, 53.5374669638455], [-0.943715825340442, 53.5306430186682], [-0.950009087300711, 53.5136574344691], [-0.932094163383945, 53.5106718236165], [-0.935564625288195, 53.5025165293909], [-0.953259205587141, 53.4844235292892], [-0.985978085087804, 53.471673371995], [-0.995669798894032, 53.4369266843309], [-1.01434673955409, 53.4262954965662], [-1.03051529485536, 53.4251953103943], [-1.0309498187762, 53.4309795264014], [-1.08043943279743, 53.4268678599403], [-1.11604100602787, 53.4073493537968], [-1.14594565153652, 53.4123246237971], [-1.13601973902786, 53.4244825565683], [-1.16049315962097, 53.4243522324476], [-1.17029071040231, 53.435301635616], [-1.23809855203463, 53.4327545117386], [-1.25815500897971, 53.454983094882], [-1.24992621552798, 53.4768236603122], [-1.26981681024038, 53.4858463225594], [-1.29849026472853, 53.47558742853], [-1.28906385046596, 53.4910408571929], [-1.3100581321947, 53.4979329061978], [-1.31244277467456, 53.5137944816166], [-1.28128337823297, 53.5164922779904], [-1.28617228194707, 53.5267603459674], [-1.27572648676218, 53.5298373129109], [-1.29380884811291, 53.535810405983], [-1.29765726882895, 53.551496216825], [-1.32680704640604, 53.5581853270764], [-1.34873341137308, 53.5833476300582], [-1.3078197080881, 53.5753669707637], [-1.28824945731244, 53.5807323871395], [-1.25802813621318, 53.5919974498377], [-1.24824986714938, 53.6163532847014], [-1.22791199943292, 53.617330409457], [-1.23284427243353, 53.6211122464196], [-1.21746850825603, 53.6242243268899], [-1.20982718259376, 53.6431641296687], [-1.19031348882413, 53.6359169283835], [-1.15229786876077, 53.6427766599575], [-1.1354072030232, 53.632728679272], [-1.12174363004979, 53.6467186421691], [-1.06607212816008, 53.6488912746875], [-1.04866263627315, 53.6560574799883], [-0.946844642823067, 53.6591417674831], [-0.865338726025611, 53.6377082330427]]]}}, {"id": "257", "type": "Feature", "properties": {"LAD22CD": "E08000018", "LAD22NM": "Rotherham"}, "geometry": {"type": "Polygon", "coordinates": [[[-1.31244277467456, 53.5137944816166], [-1.3100581321947, 53.4979329061978], [-1.28906385046596, 53.4910408571929], [-1.29849026472853, 53.47558742853], [-1.26981681024038, 53.4858463225594], [-1.24992621552798, 53.4768236603122], [-1.25815500897971, 53.454983094882], [-1.23809855203463, 53.4327545117386], [-1.17029071040231, 53.435301635616], [-1.16049315962097, 53.4243522324476], [-1.13601973902786, 53.4244825565683], [-1.14594565153652, 53.4123246237971], [-1.11604100602787, 53.4073493537968], [-1.11557938044441, 53.3971857499007], [-1.13460768887929, 53.3900315644246], [-1.13053708984926, 53.3755712195116], [-1.14603291441165, 53.3690411457852], [-1.13853968203233, 53.3559075142163], [-1.16261328765896, 53.356843862023], [-1.15684339220656, 53.344969500268], [-1.14100746087464, 53.3467476780075], [-1.13871810210376, 53.3413828117799], [-1.19974106069052, 53.3114394544059], [-1.2032390468772, 53.3042232405841], [-1.23068793446757, 53.3085597350777], [-1.2438683827737, 53.301569792195], [-1.28201141324174, 53.3094625902199], [-1.29567816421914, 53.3150369724564], [-1.28858902654107, 53.3262280549039], [-1.29902301015448, 53.3325116373731], [-1.32466917492843, 53.3288100139839], [-1.3319766635888, 53.3523558731307], [-1.39139831426442, 53.3833206447868], [-1.37579834104707, 53.3936742394447], [-1.39352979520877, 53.4200030136557], [-1.3804390068682, 53.4241688666922], [-1.40850407737209, 53.420349395185], [-1.44153520395415, 53.4454336444506], [-1.4552192140429, 53.471750945559], [-1.4522066569649, 53.4849288644871], [-1.44105081986194, 53.4911054898742], [-1.42796513905113, 53.4858537054123], [-1.38009949340725, 53.514228083387], [-1.31244277467456, 53.5137944816166]]]}}, {"id": "258", "type": "Feature", "properties": {"LAD22CD": "E08000019", "LAD22NM": "Sheffield"}, "geometry": {"type": "Polygon", "coordinates": [[[-1.4552192140429, 53.471750945559], [-1.44153520395415, 53.4454336444506], [-1.40850407737209, 53.420349395185], [-1.3804390068682, 53.4241688666922], [-1.39352979520877, 53.4200030136557], [-1.37579834104707, 53.3936742394447], [-1.39139831426442, 53.3833206447868], [-1.3319766635888, 53.3523558731307], [-1.32466917492843, 53.3288100139839], [-1.3377510519613, 53.315848052015], [-1.38673871273592, 53.3176321354686], [-1.3865715460456, 53.3349025072696], [-1.41103390674883, 53.341992492071], [-1.42086649613, 53.334567952456], [-1.44197211462372, 53.3374924890743], [-1.45988027916359, 53.3306893691217], [-1.45522778964177, 53.3218691603844], [-1.4679128327397, 53.3171200557715], [-1.50213193956548, 53.3175820764004], [-1.5367688622067, 53.3047486744278], [-1.56173061193943, 53.3064135666534], [-1.56173104513262, 53.3159708929528], [-1.58053389587991, 53.3117380892291], [-1.58490201019108, 53.3215879523676], [-1.59909327897252, 53.3113181996876], [-1.6092015844932, 53.3226639610628], [-1.6254937445137, 53.3164239788115], [-1.63272698677736, 53.3208392129653], [-1.61230306160512, 53.3432186697883], [-1.59054795436381, 53.345920985244], [-1.66354854039897, 53.3665951663589], [-1.65381782187416, 53.3919108271105], [-1.70496532088341, 53.4050559739585], [-1.70853223310302, 53.4173394742133], [-1.73976196210261, 53.420987916439], [-1.74532296726174, 53.4621753961118], [-1.76843734147339, 53.4647669327866], [-1.80147063244941, 53.4809917607504], [-1.78364816833515, 53.4847989979638], [-1.73870787712309, 53.4771520288136], [-1.73198288405881, 53.4908966467704], [-1.70108876364153, 53.5031209760333], [-1.60659084349599, 53.4929071730766], [-1.5496581099153, 53.4784942363179], [-1.53904691905296, 53.4617154908734], [-1.55126185631079, 53.4462043902545], [-1.5329268641654, 53.4383153120021], [-1.51317073618626, 53.4514230223319], [-1.51481383416335, 53.4636667757772], [-1.49474873428307, 53.4862692667841], [-1.4552192140429, 53.471750945559]]]}}, {"id": "259", "type": "Feature", "properties": {"LAD22CD": "E08000021", "LAD22NM": "Newcastle upon Tyne"}, "geometry": {"type": "Polygon", "coordinates": [[[-1.63788917426985, 55.0647693044458], [-1.63850785874478, 55.0415513474158], [-1.59263768532565, 55.0389403658381], [-1.58738252090505, 55.0257777727946], [-1.60026644234707, 55.0098384131371], [-1.55850401184555, 55.0055436440418], [-1.56298107729353, 54.9923174956305], [-1.52921303495831, 54.9833413264886], [-1.53552528994903, 54.9652348447808], [-1.55388177614905, 54.9590848858707], [-1.59433261330954, 54.9706053999804], [-1.6400739876474, 54.9592656699677], [-1.7016247557818, 54.970866107632], [-1.71966203044078, 54.9674837138505], [-1.74712742734807, 54.9817656286182], [-1.76948002257309, 54.9809468096864], [-1.77384237281685, 55.0041394758906], [-1.75656332387461, 55.0032632890456], [-1.75024527652204, 55.0240207799207], [-1.69499121879524, 55.0429576891981], [-1.71377414645177, 55.0654631338258], [-1.64768125804879, 55.07938870152], [-1.63788917426985, 55.0647693044458]]]}}, {"id": "260", "type": "Feature", "properties": {"LAD22CD": "E08000022", "LAD22NM": "North Tyneside"}, "geometry": {"type": "Polygon", "coordinates": [[[-1.47451752220319, 54.9864442822277], [-1.52921303495831, 54.9833413264886], [-1.56298107729353, 54.9923174956305], [-1.55850401184555, 55.0055436440418], [-1.60026644234707, 55.0098384131371], [-1.58738252090505, 55.0257777727946], [-1.59263768532565, 55.0389403658381], [-1.63850785874478, 55.0415513474158], [-1.63788917426985, 55.0647693044458], [-1.57853962866581, 55.0630812854251], [-1.57508009741004, 55.0556198920735], [-1.55706124990443, 55.0540835671672], [-1.53988006982258, 55.0615828333236], [-1.53239349851521, 55.0541256351739], [-1.5102739909997, 55.0550524818989], [-1.50870604892087, 55.0480276740018], [-1.4877669177721, 55.0535868670427], [-1.49225352553912, 55.0660871659181], [-1.46182720028444, 55.0743536079688], [-1.46179374970094, 55.0743141040297], [-1.44994701659142, 55.0585460282569], [-1.45053056692368, 55.0551970721259], [-1.4443049526683, 55.0510316374986], [-1.42071394421678, 55.0195786580871], [-1.4028696133561, 55.0145633198103], [-1.41678966933527, 55.0165301479979], [-1.42175144015696, 55.0136592803613], [-1.42985104890825, 55.0132821060597], [-1.4560212776443, 54.9886629473072], [-1.50178143406318, 54.9885270556704], [-1.51782683495907, 54.9963870433532], [-1.50252097888871, 54.9884923436214], [-1.53084429541888, 54.9840152789423], [-1.47450166038465, 54.9864749505734], [-1.47451752220319, 54.9864442822277]]]}}, {"id": "261", "type": "Feature", "properties": {"LAD22CD": "E08000023", "LAD22NM": "South Tyneside"}, "geometry": {"type": "Polygon", "coordinates": [[[-1.41997919458222, 55.00453593956], [-1.41860375890732, 55.0032309845948], [-1.41222723833407, 55.0061704960487], [-1.4091847290874, 55.0010642880469], [-1.41090492392259, 54.998900177621], [-1.37659989286456, 54.9776555473734], [-1.35661832192635, 54.9652664395527], [-1.3639710172479, 54.9441194804249], [-1.36400043019682, 54.9438742236562], [-1.41937079278914, 54.9299239966335], [-1.51121751654077, 54.9316658784504], [-1.51532982678574, 54.9573498033564], [-1.53552528994903, 54.9652348447808], [-1.52921303495831, 54.9833413264886], [-1.47451752220319, 54.9864442822277], [-1.48048609480626, 54.9749011704141], [-1.45655418850596, 54.9774359970839], [-1.47187843569643, 54.9860772168552], [-1.44943209596967, 54.9843513278971], [-1.42563677051095, 55.0064151343666], [-1.41997919458222, 55.00453593956]]]}}, {"id": "262", "type": "Feature", "properties": {"LAD22CD": "E08000024", "LAD22NM": "Sunderland"}, "geometry": {"type": "Polygon", "coordinates": [[[-1.347331833649, 54.8604171523219], [-1.42153633763303, 54.8394761549227], [-1.41295475126421, 54.8236547090542], [-1.42254772949499, 54.8031731312525], [-1.49072646804405, 54.7993041361112], [-1.48185556201966, 54.8096514145345], [-1.50427968057368, 54.8312298106981], [-1.50667012936049, 54.8711408351331], [-1.531781773186, 54.8781883872433], [-1.56180965217131, 54.8757167569592], [-1.55941079225447, 54.8820371188128], [-1.55708031451973, 54.9092112536279], [-1.56889133560984, 54.9246247988281], [-1.51121751654077, 54.9316658784504], [-1.41937079278914, 54.9299239966335], [-1.36400043019682, 54.9438742236562], [-1.36530091006636, 54.9330274223717], [-1.36613008670018, 54.9261083574018], [-1.35894096630313, 54.9236079720406], [-1.35864350925733, 54.9221380029749], [-1.3634778749248, 54.9227686286797], [-1.37096831298611, 54.9117047256278], [-1.35764226388955, 54.9171892921324], [-1.35635981986155, 54.910848977103], [-1.3616070236887, 54.8982268256495], [-1.34756912654959, 54.860621687746], [-1.347331833649, 54.8604171523219]]]}}, {"id": "263", "type": "Feature", "properties": {"LAD22CD": "E08000025", "LAD22NM": "Birmingham"}, "geometry": {"type": "Polygon", "coordinates": [[[-1.7880812993329, 52.5878626088221], [-1.76354616286319, 52.5709791319543], [-1.7742300480517, 52.5646277806898], [-1.7559982648358, 52.5553824957752], [-1.74908599922833, 52.5314223642904], [-1.72887793344338, 52.524562767624], [-1.753810175173, 52.5212131624278], [-1.75352319084031, 52.5129668960538], [-1.7994466173531, 52.504293229929], [-1.75578291862516, 52.4994801098965], [-1.75960051292333, 52.45191095861], [-1.77914629442649, 52.4501546161748], [-1.80031373393086, 52.458295775303], [-1.83464356060036, 52.4174332812171], [-1.84449615918718, 52.4102526399837], [-1.86664513342295, 52.4110453152608], [-1.86874678259764, 52.4047375099132], [-1.8826972850066, 52.3998129649372], [-1.91367502449958, 52.4074643041657], [-1.93431470610424, 52.3872363795687], [-1.95361379620871, 52.3933706517577], [-1.99848638916746, 52.3811379967551], [-2.03364061279039, 52.4023279275498], [-1.98603705906246, 52.4167261859898], [-2.01699028095924, 52.4326829309962], [-2.01324348263751, 52.4621907903812], [-1.97789677393305, 52.4671654765627], [-1.96400703683339, 52.481985693935], [-1.95077702386458, 52.4832466622701], [-1.93813215324312, 52.4984247557075], [-1.96302485370939, 52.5048973105992], [-1.96198143019223, 52.5284157207099], [-1.92944100148343, 52.5312992140848], [-1.93314991922693, 52.5458128130404], [-1.91815749708244, 52.5473065302947], [-1.87871599452266, 52.5694343752689], [-1.87256445035415, 52.5849446957769], [-1.85395416211155, 52.6019250354407], [-1.82812858189664, 52.6087219886757], [-1.7965280894026, 52.5991229386816], [-1.7880812993329, 52.5878626088221]]]}}, {"id": "264", "type": "Feature", "properties": {"LAD22CD": "E08000026", "LAD22NM": "Coventry"}, "geometry": {"type": "Polygon", "coordinates": [[[-1.45905317416489, 52.4551580337385], [-1.4239324884753, 52.4329788214798], [-1.43804556686305, 52.4102573583979], [-1.43139440360837, 52.3968694682758], [-1.46401360334253, 52.3732671682518], [-1.50449893765669, 52.377807147852], [-1.51391616047669, 52.3690627161765], [-1.52465132517521, 52.3794009009746], [-1.5524124217106, 52.3638920750157], [-1.56760688746162, 52.3846889239322], [-1.60106738247379, 52.3892994855589], [-1.60217550224297, 52.41605701555], [-1.61444487489606, 52.4279648374589], [-1.60827084648276, 52.4388409749033], [-1.59522861041217, 52.4399264159155], [-1.59548725924308, 52.4559197590616], [-1.58986310702649, 52.4619121090901], [-1.56119166726618, 52.4552225694476], [-1.53979081939549, 52.4647986868735], [-1.50503396324006, 52.4500892412062], [-1.49198212413026, 52.4585847543545], [-1.45905317416489, 52.4551580337385]]]}}, {"id": "265", "type": "Feature", "properties": {"LAD22CD": "E08000027", "LAD22NM": "Dudley"}, "geometry": {"type": "Polygon", "coordinates": [[[-2.07394205771191, 52.5498796749801], [-2.07959040786026, 52.5240847825462], [-2.0572576082469, 52.5122714753012], [-2.0643228987227, 52.4871689853206], [-2.09708318118932, 52.4683939028838], [-2.05901666622542, 52.4619753507455], [-2.02274923685235, 52.480551405526], [-2.01324348263751, 52.4621907903812], [-2.01699028095924, 52.4326829309962], [-2.03698776266666, 52.4275457075304], [-2.03788100010757, 52.4415575551052], [-2.05578306154507, 52.4413058490695], [-2.06246734325287, 52.4274306533899], [-2.06805186468972, 52.4351950959813], [-2.08482057426392, 52.4321975526348], [-2.09856509199697, 52.4452835394779], [-2.13602683609072, 52.4262682229475], [-2.16485128257998, 52.4302041413132], [-2.17648315747155, 52.4548218475081], [-2.16741962532073, 52.4715410983952], [-2.19194049675542, 52.5034552744859], [-2.1442106820995, 52.5170740585455], [-2.15221000603085, 52.525696073702], [-2.13558727620906, 52.5344609374318], [-2.13348672789088, 52.5540666639507], [-2.12145369207196, 52.5569349883017], [-2.10824437895226, 52.54394488066], [-2.07977875403891, 52.5570273186346], [-2.07394205771191, 52.5498796749801]]]}}, {"id": "266", "type": "Feature", "properties": {"LAD22CD": "E08000028", "LAD22NM": "Sandwell"}, "geometry": {"type": "Polygon", "coordinates": [[[-1.91815749708244, 52.5473065302947], [-1.93314991922693, 52.5458128130404], [-1.92944100148343, 52.5312992140848], [-1.96198143019223, 52.5284157207099], [-1.96302485370939, 52.5048973105992], [-1.93813215324312, 52.4984247557075], [-1.95077702386458, 52.4832466622701], [-1.96400703683339, 52.481985693935], [-1.97789677393305, 52.4671654765627], [-2.01324348263751, 52.4621907903812], [-2.02274923685235, 52.480551405526], [-2.05901666622542, 52.4619753507455], [-2.09708318118932, 52.4683939028838], [-2.0643228987227, 52.4871689853206], [-2.0572576082469, 52.5122714753012], [-2.07959040786026, 52.5240847825462], [-2.07394205771191, 52.5498796749801], [-2.05098246778017, 52.5527291152837], [-2.01097848483523, 52.5690653353549], [-1.97549655588075, 52.5555604055438], [-1.96414344608535, 52.563226772202], [-1.95106861813868, 52.556833061133], [-1.93392727461876, 52.5600341734747], [-1.91815749708244, 52.5473065302947]]]}}, {"id": "267", "type": "Feature", "properties": {"LAD22CD": "E08000029", "LAD22NM": "Solihull"}, "geometry": {"type": "Polygon", "coordinates": [[[-1.59548725924308, 52.4559197590616], [-1.59522861041217, 52.4399264159155], [-1.60827084648276, 52.4388409749033], [-1.61444487489606, 52.4279648374589], [-1.60217550224297, 52.41605701555], [-1.60106738247379, 52.3892994855589], [-1.62250698532454, 52.3661644313338], [-1.64841803963759, 52.3567433964995], [-1.66088809306568, 52.3656701065801], [-1.68444786772052, 52.3631891998587], [-1.69388500073929, 52.3510133572142], [-1.71854635203768, 52.3557377229793], [-1.72047128876548, 52.3725682244062], [-1.7349710475099, 52.3702434620116], [-1.74616686933364, 52.354935208379], [-1.77922436694685, 52.3645399179904], [-1.77575239671801, 52.3479636776833], [-1.80780141734951, 52.3666080026736], [-1.87203384032481, 52.3675985302351], [-1.84549830963187, 52.3997822153889], [-1.86874678259764, 52.4047375099132], [-1.86664513342295, 52.4110453152608], [-1.84449615918718, 52.4102526399837], [-1.83464356060036, 52.4174332812171], [-1.80031373393086, 52.458295775303], [-1.77914629442649, 52.4501546161748], [-1.75960051292333, 52.45191095861], [-1.75578291862516, 52.4994801098965], [-1.7994466173531, 52.504293229929], [-1.75352319084031, 52.5129668960538], [-1.67715419118533, 52.4363566272537], [-1.66658594082774, 52.4354715665142], [-1.66228667335888, 52.4442993244246], [-1.64139672496165, 52.4433435753493], [-1.62445220517117, 52.4635386718159], [-1.59548725924308, 52.4559197590616]]]}}, {"id": "268", "type": "Feature", "properties": {"LAD22CD": "E08000030", "LAD22NM": "Walsall"}, "geometry": {"type": "Polygon", "coordinates": [[[-1.87256445035415, 52.5849446957769], [-1.87871599452266, 52.5694343752689], [-1.91815749708244, 52.5473065302947], [-1.93392727461876, 52.5600341734747], [-1.95106861813868, 52.556833061133], [-1.96414344608535, 52.563226772202], [-1.97549655588075, 52.5555604055438], [-2.01097848483523, 52.5690653353549], [-2.05098246778017, 52.5527291152837], [-2.06195257793633, 52.55824905929], [-2.05002212961767, 52.5721405432493], [-2.07782393325462, 52.5860604686774], [-2.05459907538167, 52.600847565362], [-2.05071786918317, 52.6205226805822], [-2.03012315423271, 52.6169545037431], [-2.02946571800893, 52.6256739087564], [-1.98655031223884, 52.6404092782399], [-1.96096309818208, 52.6428146771464], [-1.95456973548851, 52.6626411711504], [-1.9454019192549, 52.6562986344432], [-1.93356858004758, 52.6616101045633], [-1.91087797950224, 52.656500776471], [-1.91801459097475, 52.6498947404699], [-1.90508380548937, 52.6432075574539], [-1.91598526501652, 52.6352857818685], [-1.88608807518652, 52.6154115328795], [-1.8922660164266, 52.599151928031], [-1.87256445035415, 52.5849446957769]]]}}, {"id": "269", "type": "Feature", "properties": {"LAD22CD": "E08000031", "LAD22NM": "Wolverhampton"}, "geometry": {"type": "Polygon", "coordinates": [[[-2.05071786918317, 52.6205226805822], [-2.05459907538167, 52.600847565362], [-2.07782393325462, 52.5860604686774], [-2.05002212961767, 52.5721405432493], [-2.06195257793633, 52.55824905929], [-2.05098246778017, 52.5527291152837], [-2.07394205771191, 52.5498796749801], [-2.07977875403891, 52.5570273186346], [-2.10824437895226, 52.54394488066], [-2.12145369207196, 52.5569349883017], [-2.13348672789088, 52.5540666639507], [-2.1755346715768, 52.5544071322454], [-2.18033702695975, 52.5745049379407], [-2.20669618824762, 52.5851794880261], [-2.18918611805601, 52.5887750856374], [-2.19639726168784, 52.6066153665899], [-2.16915726306721, 52.609338362556], [-2.16835061769236, 52.6199896641602], [-2.13164409930699, 52.6376230837758], [-2.10125068864524, 52.6350551525611], [-2.08100174127972, 52.6119049797521], [-2.05071786918317, 52.6205226805822]]]}}, {"id": "270", "type": "Feature", "properties": {"LAD22CD": "E08000032", "LAD22NM": "Bradford"}, "geometry": {"type": "Polygon", "coordinates": [[[-1.8788823617008, 53.9542744327723], [-1.86012561391112, 53.9326575876214], [-1.83619999295911, 53.9314203881017], [-1.84768927934353, 53.9407727583562], [-1.80508916329937, 53.9390226691492], [-1.77597854946963, 53.9214883686093], [-1.74562604180612, 53.9230037629874], [-1.72721624906541, 53.9101971483664], [-1.73204875024348, 53.8959432218969], [-1.71705760201342, 53.892261688153], [-1.72543076198769, 53.8856892551507], [-1.75635481095995, 53.8847060962697], [-1.78746483055355, 53.8969004813653], [-1.8004211776478, 53.885962044243], [-1.76051110244658, 53.8636090293232], [-1.71528600995672, 53.8662445633474], [-1.6950919532714, 53.857537953259], [-1.7119957394645, 53.7830697684932], [-1.68227057161415, 53.7864149156248], [-1.67423335807779, 53.7800047806695], [-1.64040591340331, 53.7796837040251], [-1.64956380563777, 53.7681979235657], [-1.68162088419758, 53.7564689245215], [-1.71443157386961, 53.7624581400957], [-1.73376159328055, 53.7469219253766], [-1.74722512348894, 53.7468142079434], [-1.74590093133047, 53.7344898403371], [-1.76090891409939, 53.7346454154492], [-1.77008624312907, 53.7262523423731], [-1.80936786794178, 53.7643807054358], [-1.82783641987897, 53.7637326806219], [-1.85545631955713, 53.7483079538574], [-1.87265337279891, 53.7549408823826], [-1.87340280610694, 53.7786904064963], [-1.92817167079471, 53.7875770158841], [-1.98084882466309, 53.786352988811], [-1.98676518647138, 53.7961506149606], [-2.06125057169733, 53.8256354819636], [-2.04692463706631, 53.8295102819506], [-2.04613032171259, 53.8501412464577], [-2.02175085543423, 53.8715375090729], [-1.98235931588698, 53.8688615962268], [-1.97941943031718, 53.9011319984765], [-1.95256707298634, 53.9035332799352], [-1.97686723160789, 53.9264177673808], [-1.96307646765848, 53.9334042141564], [-1.96618060011997, 53.9515581085872], [-1.89376788534251, 53.9552609060568], [-1.88363206868723, 53.9631653206383], [-1.8788823617008, 53.9542744327723]]]}}, {"id": "271", "type": "Feature", "properties": {"LAD22CD": "E08000033", "LAD22NM": "Calderdale"}, "geometry": {"type": "Polygon", "coordinates": [[[-1.77008624312907, 53.7262523423731], [-1.75363679123141, 53.7258602592013], [-1.73587108417812, 53.7132428087885], [-1.7312828026626, 53.6803720024641], [-1.74730180983464, 53.6945945763215], [-1.8257242712751, 53.6702562149199], [-1.85368284031579, 53.6725378797399], [-1.8435662907843, 53.6661219127021], [-1.89459856432188, 53.6454218122128], [-1.93415227599983, 53.648339612259], [-1.97274372991519, 53.6257734751548], [-2.00947078713106, 53.6167795111392], [-2.02303595762586, 53.6158394769092], [-2.02681573905277, 53.6241671470048], [-2.05124217318998, 53.6836917604439], [-2.09290647703186, 53.6701611248303], [-2.1180850092304, 53.6712452259584], [-2.13412727235101, 53.6857340308733], [-2.1422575495828, 53.6780058071684], [-2.14632807589891, 53.682231530348], [-2.17329358668748, 53.7230116839111], [-2.13117443618115, 53.7515444483757], [-2.13636274882185, 53.7801044595242], [-2.12481550058915, 53.7880553424965], [-2.12835851818789, 53.7990313038972], [-2.11227899052983, 53.8057083891249], [-2.06125057169733, 53.8256354819636], [-1.98676518647138, 53.7961506149606], [-1.98084882466309, 53.786352988811], [-1.92817167079471, 53.7875770158841], [-1.87340280610694, 53.7786904064963], [-1.87265337279891, 53.7549408823826], [-1.85545631955713, 53.7483079538574], [-1.82783641987897, 53.7637326806219], [-1.80936786794178, 53.7643807054358], [-1.77008624312907, 53.7262523423731]]]}}, {"id": "272", "type": "Feature", "properties": {"LAD22CD": "E08000034", "LAD22NM": "Kirklees"}, "geometry": {"type": "Polygon", "coordinates": [[[-1.68162088419758, 53.7564689245215], [-1.65844402016115, 53.7454578020209], [-1.63788191727483, 53.7477289075381], [-1.62337162846243, 53.7185469364097], [-1.59220422650418, 53.7185362009558], [-1.57112226540619, 53.7064046046417], [-1.59837596840081, 53.699780779735], [-1.60249939450877, 53.6921715716353], [-1.59192004962801, 53.6893347377382], [-1.61521688403456, 53.6775811411908], [-1.59062606036591, 53.6606635870612], [-1.62490150410721, 53.6536421795104], [-1.61367561435389, 53.6245731561925], [-1.58645325959614, 53.6071740555695], [-1.58797836748171, 53.5934865509527], [-1.60175211286839, 53.5877589598561], [-1.59619871324849, 53.5769869083184], [-1.61563188440644, 53.5630283217832], [-1.64823447446973, 53.5621950353801], [-1.66946580092353, 53.5532275163473], [-1.7231775076069, 53.5599267415214], [-1.74155538329141, 53.5410707350573], [-1.77187711533163, 53.5338525681019], [-1.80428301600162, 53.5370133734778], [-1.82222878111984, 53.5210909218023], [-1.84182082823365, 53.5199087802658], [-1.87349262570415, 53.5404296508189], [-1.89410949217378, 53.5336117793005], [-1.90962083195551, 53.5383909865468], [-1.9128846428011, 53.5516436149553], [-1.94272585126694, 53.5616412941119], [-2.00947078713106, 53.6167795111392], [-1.97274372991519, 53.6257734751548], [-1.93415227599983, 53.648339612259], [-1.89459856432188, 53.6454218122128], [-1.8435662907843, 53.6661219127021], [-1.85368284031579, 53.6725378797399], [-1.8257242712751, 53.6702562149199], [-1.74730180983464, 53.6945945763215], [-1.7312828026626, 53.6803720024641], [-1.73587108417812, 53.7132428087885], [-1.75363679123141, 53.7258602592013], [-1.77008624312907, 53.7262523423731], [-1.76090891409939, 53.7346454154492], [-1.74590093133047, 53.7344898403371], [-1.74722512348894, 53.7468142079434], [-1.73376159328055, 53.7469219253766], [-1.71443157386961, 53.7624581400957], [-1.68162088419758, 53.7564689245215]]]}}, {"id": "273", "type": "Feature", "properties": {"LAD22CD": "E08000035", "LAD22NM": "Leeds"}, "geometry": {"type": "Polygon", "coordinates": [[[-1.31372276302542, 53.9047021732238], [-1.32227096512126, 53.9004571903277], [-1.31260283640384, 53.8653170016186], [-1.3529698771545, 53.8567507520096], [-1.32655713555967, 53.840423430327], [-1.33609674496188, 53.8335897533881], [-1.30362345902206, 53.8165359902506], [-1.31487208408644, 53.8095574148486], [-1.3138104637926, 53.7815557510231], [-1.29038607046352, 53.7631944604615], [-1.29494201036989, 53.7554628317844], [-1.31223876959692, 53.7558885052162], [-1.31535677889255, 53.7436807014006], [-1.30204330436809, 53.7417246404076], [-1.39972167293612, 53.719309451865], [-1.44314942704306, 53.7282265989543], [-1.48829823391603, 53.7277569920528], [-1.49572802686815, 53.7223084256306], [-1.5103956286997, 53.7296901101937], [-1.55932285722572, 53.698983710792], [-1.57112226540619, 53.7064046046417], [-1.59220422650418, 53.7185362009558], [-1.62337162846243, 53.7185469364097], [-1.63788191727483, 53.7477289075381], [-1.65844402016115, 53.7454578020209], [-1.68162088419758, 53.7564689245215], [-1.64956380563777, 53.7681979235657], [-1.64040591340331, 53.7796837040251], [-1.67423335807779, 53.7800047806695], [-1.68227057161415, 53.7864149156248], [-1.7119957394645, 53.7830697684932], [-1.6950919532714, 53.857537953259], [-1.71528600995672, 53.8662445633474], [-1.76051110244658, 53.8636090293232], [-1.8004211776478, 53.885962044243], [-1.78746483055355, 53.8969004813653], [-1.75635481095995, 53.8847060962697], [-1.72543076198769, 53.8856892551507], [-1.71705760201342, 53.892261688153], [-1.73204875024348, 53.8959432218969], [-1.72721624906541, 53.9101971483664], [-1.71795853789499, 53.9085427041814], [-1.70708308020122, 53.9191312559919], [-1.68462724326052, 53.9105880911715], [-1.65508298511049, 53.9124842989602], [-1.65167333078899, 53.9056634267775], [-1.6205370027283, 53.9033949628561], [-1.59999326213106, 53.9097763415128], [-1.58748702273655, 53.9012478438027], [-1.58362508033644, 53.9092938714238], [-1.55184394518572, 53.9029404093386], [-1.54879322245249, 53.9109138390916], [-1.49878116161895, 53.9153069395781], [-1.46271453073852, 53.9060152575881], [-1.43299734465415, 53.9108051834652], [-1.43260133613277, 53.9272366053921], [-1.40670956648195, 53.927849708617], [-1.39718249968378, 53.9425351723531], [-1.34040516519185, 53.9458881880291], [-1.34471178616765, 53.9395016380663], [-1.30696183943773, 53.9344240754619], [-1.30899203821525, 53.9240979121676], [-1.29418007558142, 53.92706422306], [-1.30730970961428, 53.9214943608407], [-1.29720353407231, 53.9216820282659], [-1.30058786897724, 53.9074856419048], [-1.31372276302542, 53.9047021732238]]]}}, {"id": "274", "type": "Feature", "properties": {"LAD22CD": "E08000036", "LAD22NM": "Wakefield"}, "geometry": {"type": "Polygon", "coordinates": [[[-1.23284427243353, 53.6211122464196], [-1.22791199943292, 53.617330409457], [-1.24824986714938, 53.6163532847014], [-1.25802813621318, 53.5919974498377], [-1.28824945731244, 53.5807323871395], [-1.3078197080881, 53.5753669707637], [-1.34873341137308, 53.5833476300582], [-1.37670296002844, 53.606478418801], [-1.4003598366971, 53.5986710223328], [-1.44762384495194, 53.612736992566], [-1.48370858443037, 53.5948687916124], [-1.49511957803327, 53.6031902329812], [-1.49656246300737, 53.5973737497565], [-1.51867106657984, 53.5997192966797], [-1.53078144404236, 53.5931293799247], [-1.56045276872154, 53.6075517956732], [-1.58645325959614, 53.6071740555695], [-1.61367561435389, 53.6245731561925], [-1.62490150410721, 53.6536421795104], [-1.59062606036591, 53.6606635870612], [-1.61521688403456, 53.6775811411908], [-1.59192004962801, 53.6893347377382], [-1.60249939450877, 53.6921715716353], [-1.59837596840081, 53.699780779735], [-1.57112226540619, 53.7064046046417], [-1.55932285722572, 53.698983710792], [-1.5103956286997, 53.7296901101937], [-1.49572802686815, 53.7223084256306], [-1.48829823391603, 53.7277569920528], [-1.44314942704306, 53.7282265989543], [-1.39972167293612, 53.719309451865], [-1.30204330436809, 53.7417246404076], [-1.2687022564653, 53.7149803707965], [-1.2295729261433, 53.7149054470182], [-1.22654062265956, 53.7098831299786], [-1.21981187384993, 53.7144190177334], [-1.19881814854623, 53.7007329060597], [-1.19901535684986, 53.6948883427854], [-1.2444169836956, 53.6924295623026], [-1.25547556487338, 53.6454182650975], [-1.23284427243353, 53.6211122464196]]]}}, {"id": "275", "type": "Feature", "properties": {"LAD22CD": "E08000037", "LAD22NM": "Gateshead"}, "geometry": {"type": "Polygon", "coordinates": [[[-1.76948002257309, 54.9809468096864], [-1.74712742734807, 54.9817656286182], [-1.71966203044078, 54.9674837138505], [-1.7016247557818, 54.970866107632], [-1.6400739876474, 54.9592656699677], [-1.59433261330954, 54.9706053999804], [-1.55388177614905, 54.9590848858707], [-1.53552528994903, 54.9652348447808], [-1.51532982678574, 54.9573498033564], [-1.51121751654077, 54.9316658784504], [-1.56889133560984, 54.9246247988281], [-1.55708031451973, 54.9092112536279], [-1.55941079225447, 54.8820371188128], [-1.57990946563576, 54.8777701487896], [-1.5941643487215, 54.9020186477846], [-1.65055954794471, 54.8793235541439], [-1.64931878603612, 54.8929873124636], [-1.67557639645876, 54.8980968546757], [-1.6747777845835, 54.9095601452187], [-1.69168984097383, 54.9025976041606], [-1.69863268713228, 54.9090535661242], [-1.72490759208956, 54.9088004446038], [-1.73620435852969, 54.9185809665409], [-1.7687448779223, 54.9067261188574], [-1.78166825321071, 54.9115449903063], [-1.79492647061852, 54.9035467792898], [-1.82064075368048, 54.9057781862755], [-1.85272134451354, 54.9174135398416], [-1.84114925719419, 54.9297254843691], [-1.82693347994531, 54.9302864685928], [-1.83363583973947, 54.9533276318787], [-1.81280740471121, 54.9762855689695], [-1.78851501661457, 54.9842673636274], [-1.76948002257309, 54.9809468096864]]]}}, {"type": "Feature", "properties": {"LAD22CD": "E99000001", "LAD22NM": "Greater London"}, "geometry": {"type": "Polygon", "coordinates": [[[-0.197319341793986, 51.3435951617074], [-0.220940778700181, 51.3298630408652], [-0.229822680877552, 51.3365228063624], [-0.217264425569081, 51.3433870908233], [-0.222736429711724, 51.3570860742007], [-0.245404841047607, 51.3668454406997], [-0.245030259031958, 51.3800339656124], [-0.261148558997612, 51.3795998002344], [-0.285437835961125, 51.3642491732341], [-0.30619199674676, 51.3350844108749], [-0.330655551869037, 51.329009639034], [-0.330510144936706, 51.3484194360441], [-0.307365447908524, 51.3783835469693], [-0.317697879461912, 51.3936670802519], [-0.327817852465359, 51.3918371435731], [-0.359139329301899, 51.4119031603976], [-0.383350028118426, 51.4085382960284], [-0.39134197049661, 51.4223261130517], [-0.456467560754193, 51.4381066797251], [-0.458644591609625, 51.4563100938075], [-0.509701400845035, 51.4691759477034], [-0.490024731194161, 51.494747634396], [-0.483162290087155, 51.5071277167705], [-0.495487343928382, 51.538545230935], [-0.476620654293635, 51.5591888378134], [-0.500595886737316, 51.5996898995638], [-0.496846269376425, 51.6317330365612], [-0.457130755473738, 51.6122938899877], [-0.440575301279442, 51.6200732393013], [-0.404050154365865, 51.6131839959912], [-0.362621240927378, 51.6235048820097], [-0.316672226651474, 51.6405356329504], [-0.304455276938232, 51.6363500485845], [-0.257332658018192, 51.6418318488053], [-0.250582589477333, 51.6560573522745], [-0.212135030723747, 51.6613535283696], [-0.203352928676407, 51.6701264989751], [-0.191066699325158, 51.6638967062225], [-0.182085377482676, 51.6686040585302], [-0.163493271938224, 51.6881150805638], [-0.10577913835527, 51.6918756459932], [-0.0119186760120882, 51.6808778146802], [-0.0122587363440997, 51.6462340740994], [0.0227195431411399, 51.6411154937777], [0.0218144126030301, 51.6288272201855], [0.0728236884365911, 51.6046896927684], [0.138184233985369, 51.6235453961019], [0.200311572560423, 51.6249357585131], [0.224087730411796, 51.6317377623678], [0.252194311477768, 51.6177694040679], [0.264561968545902, 51.608320663534], [0.254008700235285, 51.6015982016854], [0.269878876965455, 51.599574795252], [0.290289733958918, 51.5642993941368], [0.313035077012051, 51.5658181319616], [0.334024215494491, 51.5405038056409], [0.265347269252144, 51.5321502678322], [0.263682925083247, 51.5178697929942], [0.253834321156039, 51.5178858742432], [0.248964775518951, 51.5286740288202], [0.237176008191511, 51.5193344362336], [0.241919319205915, 51.5079601287124], [0.226603240645007, 51.5065671764696], [0.229965346752887, 51.4993659214869], [0.214156929096117, 51.4960396107991], [0.211792634982751, 51.4897529936162], [0.210575775391054, 51.4902477546488], [0.187657973831843, 51.4878854443874], [0.182018252178163, 51.4986276430764], [0.178514728636713, 51.505298430856], [0.160114764782474, 51.5117816440506], [0.158741163472628, 51.5122654258303], [0.126869821122681, 51.5195671614452], [0.0981446123478466, 51.5149582281948], [0.0981216648502465, 51.5149481473899], [0.0657816750932085, 51.5007327236257], [0.060385612446722, 51.4983591296774], [0.0202499194412868, 51.4994190951508], [0.0175773337241122, 51.5015721551563], [0.015724804355067, 51.5030644317408], [0.00918731019619266, 51.5083296309727], [0.00812706140226168, 51.5081033461922], [0.00570359617501076, 51.5075860692983], [-0.00577379065589522, 51.5051354042319], [-0.00624792743896201, 51.5019797604382], [-0.00848487190716938, 51.4870851348908], [-0.00856136947883429, 51.4865755806931], [-0.0106658612822686, 51.4870419650858], [-0.0253743759466826, 51.4903003202615], [-0.0282767191547521, 51.5023520778545], [-0.0298562114227503, 51.5089082067119], [-0.0454934206570858, 51.5093949353913], [-0.059620458879845, 51.5028757355222], [-0.0596940581097823, 51.5028417624524], [-0.0598430363752271, 51.5028794172444], [-0.0793691889579074, 51.5078126910789], [-0.0729791501096512, 51.505028992027], [-0.0683687511044448, 51.5030201421622], [-0.0629539512591986, 51.5006603794235], [-0.0538734626381434, 51.5027804547548], [-0.0358896747373373, 51.5069765962959], [-0.0347502502959902, 51.5024610110283], [-0.0323782292331395, 51.4930576693378], [-0.0323228472363622, 51.4930024914686], [-0.0248292543553965, 51.4855349919759], [-0.0220396451640124, 51.483687970419], [-0.0170818838368499, 51.4804048682017], [-0.019573912424349, 51.4781564581025], [-0.0226749389605601, 51.4753582289055], [-0.0191625346047497, 51.4772334574807], [0.00197048042653758, 51.4885109273515], [0.00148935785163024, 51.5018479101899], [0.00140327032565277, 51.5042338233747], [0.00138692090685945, 51.504686917515], [0.00200254351739831, 51.5043596274025], [0.00690053994092588, 51.5017553782494], [0.0154655960384277, 51.4972002679453], [0.0215723354829263, 51.4939516444631], [0.0580305542018139, 51.4940485841494], [0.0766774709756488, 51.4959081027778], [0.0820161546703266, 51.5004453159488], [0.0908145484804386, 51.5079206607857], [0.0921141296597294, 51.5090245499023], [0.0935574059552729, 51.5091492554584], [0.118681626500974, 51.5113170389407], [0.120233982272896, 51.5114508025647], [0.162510188659684, 51.5047968424587], [0.164694931244556, 51.5044525261461], [0.168818340964594, 51.4993562865463], [0.169215771233888, 51.498865000491], [0.183617006203287, 51.4810551605358], [0.217618086706926, 51.4804747186452], [0.221174393866714, 51.4788009625859], [0.203352887998954, 51.4543284771579], [0.172854347046178, 51.4432451868752], [0.164328170821928, 51.4285849613143], [0.155875040956964, 51.430876583241], [0.152932433172376, 51.4087084822957], [0.148869409057703, 51.4084291289611], [0.162384148649341, 51.3924903038677], [0.147741027757767, 51.392801000984], [0.152057740284581, 51.3696937037907], [0.136958109807481, 51.3441746039777], [0.118456303441167, 51.3441477832474], [0.117903916477628, 51.3296632259524], [0.0850292999070586, 51.3160232034922], [0.085693083414603, 51.2930842274768], [0.0423988836480159, 51.2926788490678], [0.0329094193659263, 51.3075209114754], [0.0150093785072876, 51.2917860709615], [0.00229472096614317, 51.3291388513245], [-0.0378922709023185, 51.3387044848688], [-0.0513070785090949, 51.322447895544], [-0.0789238675463831, 51.3197692489207], [-0.0911679398530003, 51.3014725405068], [-0.124292859195443, 51.2867586590943], [-0.137313517589503, 51.3007809054645], [-0.155317700345265, 51.3012743946668], [-0.156543168202182, 51.3215085885945], [-0.197319341793986, 51.3435951617074]]]}}]}